3	Головний статистичний комітет Новоросійського краю		1	0
16	Одеська міська управа	1873-1920	78	277
33	Херсонське губернське акцизне управління, м. Одеса		4	0
Р1234			2	2
135	Язикови [сімейний фонд]		1	0
369	Калаглійська волосна управа		1	0
Р4799			1	2
П4799			2	0
774	Колекція листів		1	0
17563			1	1
П1234			2	0
920	Балтський міський рабинат	1862-1918	2	111
Р8245	Відділ реєстрації актів цивільного стану Савранського районного управління юстиції в Одеській області	1924-1924	2	2
1	Управління Новоросійського і Бессарабського генерал-губернатора		96	922
2	Канцелярія Одеського градоначальника	1803-1919	16	2750
52	Одеське реальне училище Св. Павла	1858-1920	5	3
55	Баденське волосне правління, с. Баден Одеського повіту Херсонської губернії		1	0
56	Мангеймське волосне правління, с. Мангейм Одеського повіту Херсонської губернії		1	0
58	Зельцьське волосне правління, с. Зельц Одеського повіту Херсонської губернії		1	0
62	Одеські вищі жіночі медичні курси		2	1
67	Кандельське сільське правління, с. Кандель Одеського повіту Херсонської губернії		1	0
105	Одеське училище торгового мореплавання		2	0
106	Управління військових споруд з будівництва залізничної лінії Миколаїв-Унгени, м. Одеса		1	0
108	Одеське єврейське чоловіче ремісниче училище "Труд"		1	0
116	Одеські приватні політехнічні курси І.І.Хойна		2	0
122	Одеська приватна жіноча гімназія О.Є.Малько		3	4
132	Біляївське волосне правління, с. Біляївка Одеського повіту Херсонської губернії		1	0
137	Кондратьєви [сімейний фонд]		1	0
139	Тройницькі [сімейний фонд]		1	0
142	Яковлєви [сімейний фонд]		1	0
154	Едуардс Борис Васильович [особовий фонд]		1	0
155	Смирнов Костянтин Михайлович [особовий фонд]		2	0
161	Борзенко Олександр Олександрович [особовий фонд]		2	0
170	Клітін Олександр Михайлович [особовий фонд]		1	0
171	Байков Лев Львович [особовий фонд]		1	6
172	Лігін (Козлов) Валеріан Миколайович [особовий фонд]		2	7
194	Шапіро Соломон Борисович [особовий фонд]		1	0
197	Благовидов Микола Федорович [особовий фонд]		1	0
231	Слупецька митниця		1	0
329	Гарріс Едмонд (Едмунд) Генріхович [особовий фонд]		1	13
330	Механічний будівельний завод інженера Е.Г.Гарріса		1	9
382	Нотаріус Торчинський Іоаким Павлович, м. Березівка Ананьївського повіту Херсонської губернії		1	0
331	Мечников Ілля Ілліч [особовий фонд]		1	0
334	Одеські вищі жіночі курси		4	0
335	Котляревський Павло Петрович [особовий фонд]		1	0
338	Одеська казенна палата		1	0
340	Одеське відділення Російського товариства торгівлі чаєм фірми "Караван"		1	0
343	Вечірні загальноосвітні курси Товариства викладачів Одеського реального училища Св.Павла		2	0
352	Францфельдське (Михайлівське) сільське правління		3	0
359	Одеська міщанська управа	1828-1919	1	202
360	Південноросійське товариство пароплавства Фальц-Фейна		1	0
361	Одеський міський комітет опіки над в'язницями		2	0
362	Одеський приказ громадського піклування		2	0
406	Нотаріус Сатінський Микола Олексійович, м. Одеса		1	0
407	Нотаріус Берченко Василь Федорович, м. Одеса		1	0
408	Нотаріус Галка Арон Якович, м. Одеса		1	0
425	Нотаріус Цвєтков Павло Васильович, м. Одеса		1	1
426	Нотаріус Шиманович Микита Васильович, м. Одеса		1	0
427	Нотаріус Персицький Марк Борисович, м. Одеса		1	0
430	Маріїнське семикласне жіноче училище, г. Холм (Хелм) Царства Польського; з 1915 - м. Одеса		1	0
431	Гросулівське двокласне сільське училище, с. Гросулово (Михайлівка) Тираспольського повіту Херсонської губернії		1	0
432	Одеське реальне училище В.А.Жуковського		1	1
433	Одеське 1-ше вище початкове чоловіче училище		1	0
437	Одеський повітовий предводитель дворянства		1	0
438	Одеський повітовий віспяний запобіжний комітет		1	0
439	Одеський міський [Оперний] театр		1	0
440	Новоросійська палата суду й розправи, м. Одеса		1	0
441	Одеське єврейське училище "Талмуд"		1	0
442	Комітет Одеського відділення Товариства розповсюдження просвіти між євреями в Росії		1	0
445	Балтський повітовий суд		7	3
447	Балтський повітовий справник		2	0
448	Келеповський Сергій Іполитович [особовий фонд]		1	0
449	Одеське жандармське поліцейське управління залізниць		2	0
450	Перший Одеський особливий тимчасовий військовий суд		1	2
451	Одеський вищий міжнародний інститут		2	0
452	Товариство взаємного страхування від вогню майна		1	2
454	Одеське відділення анонімного товариства «Ліонський кредит»		1	14
455	Одеський військово-окружний суд		1	1
612	Одеське міське опікування над сім'ями воїнів, яких було призвано на військову службу		1	0
613	Одеська головна агенція Північного страхового товариства		1	0
614	Канцелярія ревізуючого Одеський судовий округ		1	0
615	Одеський міський громадський комітет		1	0
616	Професійне товариство робітників-машинобудівників м. Одеси		1	0
617	Одеська судова палата		3	0
618	Прокурор Одеської судової палати		2	0
619	Одеські головні майстерні управління Південно-Західних залізниць		1	0
620	Пристав Бульварної поліцейської дільниці м. Одеси		1	0
621	Балтський тимчасовий поліцейський суд		2	18
622	Повивальна школа при Одеському Павловському пологовому притулку		1	17
623	Хрущова Марія Анастасіївна [особовий фонд]		1	11
626	Березовський Конрад Генріхович [особовий фонд]		1	0
627	Ланжерон Олександр Федорович [особовий фонд]		1	0
628	Римо-католицькі парафіяльні церкви м. Одеси, сс. Мангейм, Северинівка Херсонської губернії		1	5
629	Савранська поштово-телеграфна контора		1	0
630	Євангелічно-лютеранська парафія церкви (кирхи) Св. Павла у м.Одесі		1	69
631	Кудрявцев Олександр Миколайович [особовий фонд]		1	0
632	Альбранд Олександр Петрович [особовий фонд]		1	0
633	Одеське жандармське управління		1	0
634	Прокурор Одеського окружного суду		1	1
635	Одеський окружний суд		3	1
636	Мар'янівське поштове відділення		1	0
637	Великобуялицьке поштове відділення		1	1
638	Веселокутське поштове відділення		1	2
639	Великофонтанське поштово-телеграфне відділення		1	0
640	Любашівське поштове відділення		1	3
641	Одеське міське поштове відділення		1	1
642	Овідіопольське поштове відділення		2	1
643	Ширяївська поштово-телеграфна контора		1	13
644	Троїцьке поштово-телеграфне відділення		1	0
752	Стамеров Дмитро Васильович [особовий фонд]		1	0
753	Андросов Іван Ілліч [особовий фонд]		1	0
43	Одеська дирекція народних училищ		2	2
798	Пост жандармського легіону повіту Четатя-Албе с. Сеймень		1	0
799	Пост жандармського легіону повіту Четатя-Албе, с. Тарутине		1	0
800	Пост жандармського легіону повіту Четатя-Албе с. Трояни		1	0
867	Поліція порту Четатя-Албе		1	0
453	Херсонська центральна психіатрична лікарня		1	4
926	Тарутинська окружна Евангелічно-лютеранська консисторія, с. Тарутино Аккерманського повіту		1	1
9	Окремий цензор внутрішньої цензури в м. Одесі		1	0
456	Російське акціонерне товариство «Вакуум-Ойл Компані»		1	13
457	Канцелярія Одеського воєнного губернатора		3	8
611	Нотаріус Гурович Герман Самойлович, м. Одеса		1	0
782	Одеське повітове поліцейське управління		1	0
Р16			1	82
819	Пост жандармського легіону Ізмаїльського повіту, с. Некрасівка-Ноуе		1	0
820	Пост жандармського легіону повіту Четатя-Албе, с. Кебабча		1	0
823	Пост жандармського легіону повіту Четатя-Албе, с. Сарата		1	0
824	Пост жандармського легіону повіту Четатя-Албе, с. Дивізія		1	0
826	Пост жандармського легіону повіту Четатя-Албе, с. Манашь		1	0
827	Пост жандармського легіону повіту Четатя-Албе, с. Каплань		1	0
828	Пост жандармського легіону повіту Четатя-Албе, с. Кулевча		1	0
829	Пост жандармського легіону повіту Четатя-Апбе, с. Тузли		1	0
830	Пост жандармського легіону повіту Четатя-Албе, с. Красна		1	0
831	Пост жандармського легіону повіту Четатя-Албе, с. Царичанка-Ноуе		1	0
833	Повітовий комітет Партії аграрної спідки Румунії, м. Четатя-Албе		1	0
834	Секція жандармського легіону повіту Четатя-Албе с. Царичанка-Вєкє		1	0
835	Пост жандармського легіону с. Пєтроаса, повіт Четатя-Албе		1	0
836	Пост жандармського легіону с. Кодеєшть, повіт Четатя-Албе		1	0
839	Ізмаїльський повітовий трибунал		1	0
840	Нижньо-Дунайська епископія, м. Ізмаїл		1	0
847	Прикордонний загін управління поліції повіту Четатя-Албе, с. Олонешть		1	0
4	Одеська міська дума		55	2
5	Управління Тимчасового одеського генерал-губернатора	1879-1889	2	533
6	Опікунський комітет про іноземних поселенців Південного краю Росії		10	17
7	Управління Головного начальника Південних поселень		3	627
8	Одеський [міський] цензурний комітет		2	198
10	Одеський тимчасовий комітет у справах друку		1	0
11	Одеський комітет іноземної цензури		1	100
12	Інспектор у справах друку в м. Одесі		1	0
13	Старший інспектор з нагляду за закладами друку і книжкової торгівлі в м. Одесі		1	0
17	Одеський міський магістрат		4	0
18	Одеський комерційний суд	1795-1919	5	126
20	Херсонсько-Бессарабське управління землеробства і державного майна		3	1
22	Товариство сільського господарства Південної Росії		1	4
23	Одеський повітовий суд		1	29
31	Одеський міський з'їзд мирових суддів		1	0
32	Одеське повітове казначейство Херсонської казенної палати		2	0
34	Управління Одеського міського водопроводу		2	0
35	Старший нотаріус Одеського окружного суду	1869-1920	21	1
37	Херсонська духовна консисторія		28	3656
39	Одеський міський рабинат	1846-1920	9	499
40	Канцелярія начальника Одеського митного округу		3	11
41	Одеська митниця		7	34
42	Канцелярія попечителя Одеського учбового округу		36	7586
44	Рішельєвський ліцей		5	0
45	Новоросійський університет	1865-1920	22	34
47	Одеська міська громадська жіноча Маріїнська гімназія	1878-1920	1	3
48	Одеське 1-е реальне казенне училище		3	0
49	Одеське міське ремісниче училище		1	0
50	Одеське електротехнічне училище В.П.Гадзяцького		4	0
51	Одеська приватна жіноча гімназія Е.Г.Гірш-Брам		1	0
53	Гросс-Лібентальське (Маріїнське) волосне правління, с. Гросс-Лібенталь (Маріїнське) Одеського повіту Херсонської губернії		3	0
54	Кандельське волосне правління, с. Кандель Одеського повіту Херсонської губернії		1	0
60	Куртівське волосне правління, с. Куртовка Одеського повіту Херсонської губернії		1	0
61	Олександргільфське (Олексіївське) сільське правління, с. Олександргільф (Олексіївка) Гросс-Лібентальської (Маріїнської) волості Одеського повіту Херсонської губернії		2	0
63	Клейн-Лібентальське (Ксеніївське) сільське правління, с. Клейн-Лібенталь (Ксеніївка) Гросс-Лібентальської (Маріїнської) волості Одеського повіту Херсонської губернії		2	0
64	Йозефстальське (Сергіївське) сільське правління, с. Йозефсталь (Сергіївка) Гросс-Лібентальської (Маріїнської) волості Одеського повіту Херсонської губернії		1	0
65	Марієнтальське (Георгіївське) сільське правління, с. Марієнталь (Георгіївка) Гросс-Лібентальської (Маріїнської) волості Одеського повіту Херсонської губернії		1	0
66	Петерстальське (Петрівське) сільське правління, с. Петерсталь (Петрівка) Гросс-Лібентальської (Маріїнської) волості Одеського повіту Херсонської губернії		1	0
68	Баденське сільське правління, с. Баден Одеського повіту Херсонської губернії		1	0
70	Ельзаське сільське правління, с. Ельзас Одеського повіту Херсонської губернії		1	0
71	Сергіївське (Йозефстальське) сільське правління, с. Сергіївка (Йозефсталь) Маріїнської (Гросс-Лібентальської) волості Одеського повіту Херсонської губернії		2	0
72	Нейбурзьке (Володимирське) сільське правління, с. Нейбург (Володимировка) Гросс-Лібентальської (Маріїнської) волості Одеського повіту Херсонської губернії		1	0
74	Гофнунгстальське (Цебриківське) сільське правління, с. Гофнунгсталь (Цебрикове) Тираспольського повіту Херсонської губернії		1	0
75	Карлстальське (Костянтинівське) сільське правління, с. Карлсталь (Костянтинівка) Одеського повіту Херсонської губернії		1	0
76	Вільгельмстальське (Василівське) сільське правління, с. Вільгельмсталь (Василівка) Александрфельдской (Суворовської) волості Одеського повіту Херсонської губернії		1	0
80	Кучурганська позиково-ощадна каса, с. Зельц Одеського повіту Херсонської губернії		1	0
82	Податний інспектор 4-ої дільниці м Одеси		1	0
83	Одеська 5-а чоловіча гімназія		1	0
87	Внутрішня застава Одеського порто-франко		1	0
88	Одеська портова митниця		3	0
89	Менонітська громада, с. Гальбштадт (Молочанськ) Молочанського менонітського округу / Бердянського повіту Таврійської губернії		1	0
91	Одеська повітова земська управа		4	0
93	Одеське товариство історії і старожитностей		2	0
95	Одеське відділення Міжнародної компанії жнивних машин в Росії		1	15
96	Одеський міський притулок для опікування немовлят		1	0
98	Одеське млино-технічне училище при Одеському відділенні Російського технічного Товариства		3	0
99	Одеський митний інспектор		3	0
100	Тираспольська митна застава Одеського порто-франко		1	1
101	Одеське приватне чоловіче училище Г.Ф.Файга		1	0
188	Родоконакі-Юр'євичі [сімейний фонд]		1	0
104	Гросс-Лібентальське (Маріїнське) училище, с. Гросс-Лібенталь (Маріїнське) Одеського повіту Херсонської губернії		1	0
109	Одеська контора Державного банку		2	16
111	Одеська міська поліція		2	0
114	Одеська 2-га міська громадська жіноча гімназія		2	66
115	Одеська 2-га чоловіча гімназія		2	0
117	Одеська школа десятників будівельної справи при Одеському відділенні Російського технічного товариства		2	0
118	Одеська 4-та чоловіча гімназія		7	0
119	Одеська 8-ма чоловіча гімназія		1	0
120	Поштово-телеграфні курси при Одеському поштово-телеграфному окрузі		1	0
121	Одеська приватна жіноча гімназія Н.А.Бутович		2	30
123	Одеська приватна жіноча гімназія К.Л.М'якенко		2	5
125	Одеське міське 6-класне училище Єфруссі		2	0
126	Одеська приватна чоловіча гімназія В.І.Малярова		1	0
127	Вечірні класи для робітників при Одеському відділенні Російського технічного товариства		1	0
128	Вечірні загальноосвітні курси при 1-му Одеському реальному училищі		1	0
129	Курси покалічених воїнів при Одеському відділенні Російського технічного товариства		2	0
130	Одеська [приватна] зуболікарська школа І.І.Марголіна		1	0
136	Каменєви [сімейний фонд]		1	0
138	Пилипенки-Д'яконови [сімейний фонд]		1	0
140	Сцибор-Мархоцькі [сімейний фонд]		1	0
141	Стурдза, Гагаріни, Гагаріни-Стурдза [сімейний фонд]		1	0
143	Ерделі [сімейний фонд]		1	5
144	Сабанські [сімейний фонд]		1	0
145	Марков Володимир Сергійович [особовий фонд]		1	0
146	Мордовцев (Мордовець) Данило Лукич [особовий фонд]		1	0
147	Скальковський Аполлон Олександрович [особовий фонд]		1	2
148	Мурзакевич Микола Никифорович [особовий фонд]		1	0
149	Пахман Семен Вікентійович [особовий фонд]		1	0
150	Маркевич Олексій Іванович [особовий фонд]		1	0
151	Щепкін Євген Миколайович [особовий фонд]		1	0
152	Мураневич Олександр Іович [особовий фонд]		1	0
153	Лінніченко Іван Андрійович [особовий фонд]		1	0
156	Штерн Сергій Федорович [особовий фонд]		1	0
157	Доброклонський Олександр Павлович [особовий фонд]		1	0
158	Кочубинський Олександр Олександрович [особовий фонд]		1	0
159	Попруженко Михайло Георгійович [особовий фонд]		1	0
160	Брун Пилип (Філіп) Карлович [особовий фонд]		1	0
162	Зелений Павло Олександрович [особовий фонд]		2	4
163	Петрієв (Петріашвілі) Василь Мойсейович [особовий фонд]		1	0
164	Липа Іван Львович [особовий фонд]		2	34
165	Шугурови [сімейний фонд]		1	0
167	Інокентій (Борисов) Іван Олексійович [особовий фонд]		1	0
169	Фукс Ісак Маркович [особовий фонд]		1	0
175	Банкірська контора С.М.Барбаша		1	117
176	Руссов Олександр Петрович [особовий фонд]		1	0
177	Аноєв Микола Федорович [особовий фонд]		1	0
178	Гайос Сергій Іванович [особовий фонд]		1	1
179	Лорович Венедикт Вікентійович [особовий фонд]		1	0
182	Вілінський Сергій Григорович [особовий фонд]		1	0
184	Фролова (Яворська) Віра Петрівна [особовий фонд]		1	0
185	Морська (П'єткевич-Фессінг) Марія Іванівна [особовий фонд]		1	254
186	Кузовкін (Ніколаєв) Микола Іванович [особовий фонд]		1	0
187	Бондаренко Іван Михайлович [особовий фонд]		1	0
189	Обух-Вощатинські [сімейний фонд]		1	0
191	Білярський Петро Спиридонович [особовий фонд]		1	0
192	Голікови [сімейний фонд]		1	19
193	Цвілінг Михайло Борисович [особовий фонд]		1	96
195	Гроссфельд (Гросфельд) Юрій (Юлій) Ісидорович [особовий фонд]		1	0
196	Никанор (Бровкович) Олександр Іванович [особовий фонд]		1	0
199	Шеміоти [сімейний фонд]		1	0
201	Канцелярія начальника Варшавського митного округу		2	0
203	Вільчинська митна застава Калишського митного округу		1	2
204	Гербська митниця Родомського митного округу		1	0
205	Гняздовська митна застава Родомського митного округу		1	1
209	Маневицька митниця Ковельського митного округу		1	0
211	Млавська митниця Варшавського митного округу		1	0
213	Нездарська митна застава Родомського митного округу		1	0
214	Новоросійський митний інспектор		1	0
222	Гродзинська митна застава Варшавського округу		1	0
227	Пеплувський митний перехідний пункт Млавського митного округу		1	0
230	Служевський митний перехідний пункт Варшавського митного округу		1	0
233	Челядзька митна застава Родомського митного округу		1	0
234	Сосновицька митниця Родомського митного округу		1	0
235	Одеське літературно артистичне товариство		1	0
236	Канцелярія начальника Калишського митного округу		1	0
239	Піотрковська митна застава Варшавського митного округу		1	0
240	Лісаневич Григорій Іванович [особовий фонд]		1	0
242	Олександрівська митниця Варшавського митного округу		1	0
243	Гольська митниця Варшавського митного округу		1	0
246	Банкірський дім Ашкеназі в м.Одесі		1	0
247	Канцелярія начальника Південного митного округу		4	0
249	Земський банк Херсонської губернії		2	0
252	Одеська контора іноземних поселенців Півдня Росії		3	0
253	Приватна зуболікарська школа І.Л.Редальє		1	0
254	Приватна зуболікарська школа Равинського		1	0
255	Приватна зуболікарська школа Тропа		1	0
256	Одеська жіноча гімназія М.М.Маєвськоі і О.Г.Лобачевської		1	0
257	Одеське перше міське 6-класне училище		2	0
259	Одеське центральне відділення Акціонерного товариства "Компанія Зінгер"		1	0
261	Седлецька /Одеська/ казенна жіноча гімназія		1	0
265	Кухта Павло Григорович [особовий фонд]		1	0
266	Толстой Михаил Михайлович - молодший [особовий фонд]		1	0
267	Рутенберг Петро Мойсейович [особовий фонд]		1	7
268	Інглезі Дмитро Спиридонович [особовий фонд]		1	0
270	Кір'яков Михайло Михайлович [особовий фонд]		1	0
271	Бернацький Олександр Олександрович [особовий фонд]		1	0
272	Одеське відділення Російського біблійного товариства		1	0
273	Одеське слов'янське доброчинне товариство імені Кирила і Мефодія		1	0
274	Одеський [міський] статистичний комітет		2	2
275	Шостий археологічний з'їзд		1	0
276	Одеський [міський] ветеринарний інспектор		1	0
278	Головна контора Російського товариства пароплавства і торгівлі		2	0
281	Податковий інспектор 1-ої дільниці м. Одеси		2	0
282	Податковий інспектор 2-ої дільниці м. Одеси		1	7
283	Податковий інспектор 3-ої дільниці м. Одеси		1	0
284	Податковий інспектор 5-ої дільниці м. Одеси		1	0
285	Податковий інспектор 6-ої дільниці м. Одеси		1	0
286	Податковий інспектор 7-ої дільниці м. Одеси		1	0
289	Ізмайлов Олександр Олександрович [особовий фонд]		1	0
292	Кузнецов Полікарп Олексійович [особовий фонд]		1	0
298	Дирекція народних училищ Херсонської губернії		1	0
302	Одеська сухопутна митниця		1	0
303	Маяцька митна застава		1	0
305	Бессарабсько-Tаврійський земельний банк		1	6
306	Управління Одеського телеграфного округу		1	0
307	Управління Одеського поштово-телеграфного округу		1	0
308	Одеська поштова контора		1	0
309	Одеська телеграфна контора		1	0
311	Земський начальник 2-ої дільниці м Одеси		1	0
314	Канцелярія Одеського поліцмейстера		3	0
315	Одеське міське з військової повинності присутствіє		2	0
316	Інспектор народних училищ 10-го району Херсонської губернії		2	0
317	Одеський 1-й казенний винний склад		1	0
323	Одеське портове управління		1	0
324	Управління головного інженера новоросійських комерційних портів		1	0
325	Управління робіт Одеського порту		1	11
326	Управління робіт в гирлах р. Дунай, м Ізмаїл		2	15
365	Одеська купецька управа		1	0
366	Одеське ощадно-позикове товариство ювелірів і годинникарів		1	0
367	Одеське товариство витончених мистецтв		1	0
368	Одеське художнє училище		1	0
375	Одеський повітовий військовий начальник		2	0
383	Нотаріус Лемберг Амшей Якович, м. Ананьїв Херсонської губернії		1	0
388	Нотаріус Юматов Василь, м. Одеса		1	0
390	Нотаріус Веселовський Костянтин Сергійович, м. Одеса		1	0
391	Нотаріус Вацієвський Володимир Гаврилович, м. Одеса		1	0
393	Нотаріус Домбровський Адам Іорданович, м. Одеса		1	0
394	Нотаріус Рапопорт Іван Григорович, с. Ландау Одеського повіту Херсонської губернії		1	0
395	Нотаріус Александров Микола Петрович, с. Курисове-Покровське Одеського повіту Херсонської губернії		1	0
396	Нотаріус Паста Микола Іванович, м. Одеса		1	0
397	Нотаріус Скрипник Яков Данилович, с. Курисове-Покровське Одеського повіту Херсонської губернії		1	0
399	Нотаріус Потешковський Ієроним Петрович, м. Одеса		1	0
400	Нотаріус Россолімо Леонід Іванович, м. Одеса		1	0
402	Нотаріус Ринцький Лука Олексійович, м. Одеса		1	0
403	Нотаріус Іванов Іван Петрович, м. Овідіополь Одеського повіту Херсонської губернії		1	0
409	Нотаріус Сильвестрович Михайло Онуфрійович, м. Одеса		1	0
410	Нотаріус Мімі Олексій Миколайович, с. Маяки Одеського повіту Херсонської губернії		1	0
411	Нотаріус Половинський Василь Андрійович, м. Одеса		1	0
412	Нотаріус Данутінський Сергій Михайлович, с. Маяки Одеського повіту Херсонської губернії		1	0
413	Нотаріус Зайдлер Ізраїль Ісаакович, м. Одеса		1	0
417	Нотаріус Соловйов Михайло Олексійович, м. Одеса		1	8
418	Нотаріус Константинов Сергій Осипович, м. Одеса		1	0
419	Нотаріус Хайновський Онуфтій Осипович, м. Одеса		1	0
421	Нотаріус Тарасевич Дмитро Августович, м. Одеса		1	0
422	Нотаріус Тимофєєв Павло Михайлович, с. Ландау Одеського повіту Херсонської губернії		1	8
645	Северинівське поштово-телеграфне відділення		1	0
646	Роздільнянська поштово-телеграфна контора		1	0
647	Піщанське поштово-телеграфне відділення		1	0
648	Одеське 1-ше міське поштове відділення		1	0
650	Петрівське поштово-телеграфне відділення		1	0
651	Курисівське поштово-телеграфне відділення		1	0
652	Святотроїцьке поштово-телеграфне відділення		1	0
654	Ряснопільське поштове відділення		1	1
655	Маріїнське (Грос-Лібентальське) поштово-телеграфне відділення		2	0
656	Каховська поштово-телеграфна контора		1	0
657	Кубанське поштове відділення		1	0
658	Катаржинське поштово-телеграфне відділення		1	0
659	Ксеніївське (Кляйн-Лібентальське) поштово-телеграфне відділення		1	0
660	Куртівське поштове відділення		1	0
661	Витязівське поштове відділення		1	0
663	Бервінцівське поштово-телеграфне відділення		1	0
665	Возсіятське поштово-телеграфне відділення		1	0
666	Сакське поштово-телеграфне відділення		1	0
667	Іллінське поштове відділення		1	0
668	Фестерівське поштове відділення		1	0
680	Правління товариства "Труд" для розповсюдження ремісничих знань серед євреїв в м. Одесі		1	0
726	Одеська [міська] судова міліція		1	0
727	Богопільський повітовий суд		1	0
728	Балтське повітове поліцейське управління		2	0
729	Мировий посередник 2-ої ділянки Ананьївського повіту		1	0
730	Одеський пересувний аптечний магазин		1	0
731	Мечеть («татарська мечеть»), м. Одеса		1	0
732	Балтська [повітова] дворянська опіка		1	0
734	Балтський нижній земський суд		1	0
735	Одеська міська в'язниця		1	0
736	Військовий цензор Одеського військового округу		1	0
737	Товариш прокурора Одеського окружного суду 10-ої дільниці м. Одеси		1	0
738	Балтська міська нотаріальна контора		1	0
739	Нотаріус Мартиновський Костянтин Леонідович, м. Балта Подільської губернії		2	0
741	Нотаріус Мішобенцький Павло Федорович, м. Балта Подільської губернії		2	1
742	Нотаріус Маркович Микола Модестович, м. Балта Подільської губернії		2	0
743	Нотаріус Ясинський Едуард Августович, м. Балта Подільської губернії		1	0
744	Нотаріус Ляторовський Григорій Олексійович, м. Балта Подільської губернії		1	0
745	Помічник начальника Таврійського жандармського управління		1	7
746	Редакція журналу "Основа"		1	0
747	Балтсько-Ольгопільський з'їзд мирових посередників		1	0
748	Одеська міська станція швидкої медичної допомоги		1	0
749	Балтська реміснича управа		1	0
750	Одеське відділення Державного дворянського земельного банку		1	0
751	Маразлі Григорій Григорович [особовий фонд]		1	0
754	Сухомлинов Микола Федорович [особовий фонд]		1	0
755	Управління Балтського повітового військового начальника		1	0
756	Нотаріус Кудржицький Віктор Ігнатійович, м. Окни Балтського повіту Подільської губернії		1	0
757	Балтсько-Ольгопільське повітове з чиншових справ присутствіє		1	0
758	Балтська міська поліція 1-ої частини м Балти		1	0
759	Григорович Віктор Іванович [особовий фонд]		1	0
760	Балтсько-Ольгопільський міський магістрат		1	0
761	Пристав 3-го стану Балтського повіту		1	0
762	Балтське духовне правління		2	2
763	Одеський рафінадний завод Товариства Степанівських буряко-цукрових і рафінадних заводів		1	0
764	Одеське грецьке Родоконакіївське дівоче училище		1	0
765	Одеське грецьке доброчинне товариство		1	0
766	Балтський повітовий земський суд		1	0
767	Рада присяжних повірених Одеського округу		1	0
768	Судовий слідчий 4-ої дільниці Балтського повіту		1	0
769	Ананьївський повітовий суд		1	0
772	Адміністрація у справах товариства Одеського цукрово-рафінадного заводу		1	0
775	Особовий фонд І.В.Сосновського [особовий фонд]		1	0
776	Брунс Генріх [особовий фонд]		1	0
777	Ликов Костянтин Якович [особовий фонд]		1	0
778	Бутенки [сімейний фонд]		1	0
779	Балтське повітове рекрутське присутствіе		1	0
780	Управління Одеського відділу Південно-Західних залізниць		1	0
781	Пост жандармського легіону повіту Четатя-Албе, с Безим'янка-Маре		1	0
783	Мировий суддя 28-ої дільниці м. Одеси		1	0
784	Пост жандармського легіону повіту Четатя-Албе, с. Бабей		1	0
785	Пост жандармського легіону повіту Четатя-Албе, с. Ахмангіт		1	0
786	Пост жандармського легіону повіту Четатя-Албе, с. Вознесень		1	0
787	Пост жандармського легіону повіту Четатя-Албе, с. Глевань		1	0
788	Пост жандармського легіону повіту Четатя-Албе с. Делень		1	0
789	Пост жандармського легіону повіту Четатя-Албе, с. Дельжилер		1	0
790	Пост жандармського легіону повіту Четатя-Албе с. Карагач		1	0
791	Пост жандармського легіону повіту Четатя-Албе, с. Лейпциг		1	0
792	Пост жандармського легіону повіту Четатя-Албе с. Недеждя		1	0
793	Пост жандармського легіону повіту Четатя-Албе, с. Павлівка		1	0
794	Пост жандармського легіону повіту Четатя-Албе с. Пандаклія		1	0
795	Пост жандармського легіону повіту Четатя-Албе, с. Івенешть-Ной		1	0
796	Пост жандармського легіону повіту Четатя-Албе с. Посталь		1	0
797	Пост жандармського легіону повіту Четатя-Албе, с. Саталик-Ходжі		1	0
801	Пост жандармського легіону повіту Четатя-Албе с. Пропокле		1	0
802	Пост жандармського легіону повітуЧетатя-Албе, с. Тетерешть		1	0
803	Пост жандармського легіону повіту Четатя-Албе, с. Успенка		1	0
804	Пост жандармського легіону повіту Четатя-Албе с. Фараонь		1	0
805	Пост жандармського легіону повіту Четатя-Албе, с. Фріденсталь		1	0
806	Пост жандармського легіону повіту Четатя-Албе с. Хасан-Батир		1	0
807	Пост жандармського легіону повіту Четатя-Албе, с. Шагань		1	0
808	Пост жандармського легіону повіту Четатя-Албе, с. Ярославка		1	0
809	Пост жандармського легіонуповітуЧетатя-Албе, с. Акембет		1	0
810	Пост жандармського легіону повіту Четатя-Албе, с. Купорань		1	0
811	Пост жандармського легіону повіту Четатя-Албе, с. Ліхтенталь		1	0
812	Пост жандармського легіону повіту Четатя-Албе, с. Маразлій		1	0
813	Пост жандармського легіону повіту Четатя-Албе, с. Миколаєнь		1	0
814	Вилківська прикордонна поліція		1	0
815	Ізмаїльська міська бригада сигуранци		1	0
816	Прикордонна поліція, м. Рені		1	0
817	Прикордонна поліція м. Четатя-Албе		1	0
818	Пост жандармського легіону Ізмаїльського повіту, с. Чишлія		1	0
821	Секція Ізмаїльського повітового жандармського легіону, с. Івенешть-Ной		1	0
822	Пост жандармського легіон уповіту Четатя-Албе, с. Гура-Рошіє		1	0
825	Пост жандармського легіону повіту Четатя-Албе, с. Михайлень		1	0
832	Секція жандармського легіону повіту Четатя-Албе, с.Недеждя		1	0
837	Повітовий комітет партії Фронту національного відродження, м. Четатя-Албе		1	0
838	Примарія м. Ізмаїла		1	0
841	Префектура повіту Четатя-Албе, м. Четатя-Албе		1	0
842	Жандармський легіон, м. Четатя-Албе		1	0
843	Жандармський легіон, м. Ізмаїл		1	0
844	Ізмаїльське повітове поліцейське управління		1	0
845	Вилківський міський комісаріат поліції		1	0
846	Вилківська міська бригада сигуранци		1	0
848	Прикордонний загін управління поліції повіту Четатя-Албе, с. Паланка		1	0
849	Пост жандармського легіону повіту Четатя-Албе, с. Будаки-Кордон		1	0
850	Ізмаїльська в'язниця		1	0
851	Секція жандармського легіону повіту Четатя-Албе, с. Будаки		1	0
852	Секція жандармського легіону повіту Четатя-Албе, с. Ведень		1	0
853	Секція жандармського легіону повіту Четатя-Албе, с. Волонтирь		1	0
854	Пост жандармського легіону повіту Четатя-Албе, с. Дачія		1	0
855	Пост жандармського легіону повіту Четатя-Албе с. Золокарь		1	0
856	Пост жандармського легіону повіту Четатя-Апбе с. Козаче		1	0
857	Секція жандармського легіону повіту Четатя-Албе, с. Пошталь		1	0
858	Секція жандармського легіону повіту Четатя-Албе, с. Пепушой		1	0
859	Пост жандармського легіону повіту Четатя-Албе, с. Пепушой		1	0
860	Пост жандармського легіонуповітуЧетатя-Албе, с. Вілянка		1	0
861	Пост жандармського легіону повіту Четатя-Албе, с. Селіогло		1	0
862	Секція жандармського легіону повггу Четатя-Албе, с. Старокозаче		1	0
863	Пост жандармського легіону повіту Четатя-Албе с. Сергіївка		1	0
864	Пост жандармського легіону повіту Четатя-Албе, с. Серерія		1	0
865	Пост жандармського легіону повггу Четатя-Албе, с. Турлаки		1	0
866	Пост жандармського легіону повіту Четатя-Албе, с. Шабо		1	0
868	Прикордонний загін управління поліції повіту Четатя-Албе, с. Тузли		1	0
869	Болградський міський комісаріат поліції		1	0
870	Пост жандармського легіону повіту Четатя-Албе, с. Мартаза		1	0
871	Пост жандармського легіону повіту Четатя-Албе, с. Ташлик		1	0
872	Ренійський міський комісаріат поліції		1	0
873	Кілійський міський комісаріат поліції		1	0
876	Будаки-Кордонний загін управління поліції повіту Четатя-Албе		1	0
877	Кілійська міська бригада сигуранци		1	0
878	Пост жандармського легіону повіту Четатя-Албе, с. Хан-Кишла		1	0
879	Пост жандармського легіону повіту Четатя-Албе, с. Максбург		1	0
880	Секція жандармського легіону повіту Четатя-Албе, с. Шабо		1	0
881	Секція жандармською легіону повіту Четатя-Албе, с. Байрамча		1	0
882	Пост Ізмаїльського повітового жандармського легіону, с. Дунерянка		1	0
883	Болградська міська бригада сигуранци		1	0
884	1-е відділення префектури поліції в м.Четатя-Албе		1	0
885	2-ге відділення префектури поліції в м. Четатя-Албе		1	0
886	В'язниця Четатя-Албе		1	0
887	Прокуратура Ізмаїльського повітового трибуналу		1	0
888	3-є відділення префектури поліції в м. Четатя-Албе		1	0
889	Військовий трибунал 3-го румунського армійського корпусу, м. Галац		1	0
890	Пост жандармського легіону повітуЧетатя-Албе, с. Вайсал		1	0
891	Управління поліції повіту Чегатя-Албе		1	0
892	Спеціальна служба сигуранци повіту Четатя-Албе, м. Четатя-Албе		1	0
893	Уповноважений Міністерства землеробства із заготівель продовольства і фуражу для діючих армій		1	0
894	Євангелічно-лютеранські парафії м. Одеси, німецьких поселень Херсонської, Бессарабської, Херсонської, Катеринославської та Таврійської губерній; Єванеглічно-реформатські парафії м. Одеси, с. Нейдорф (		1	49
895	Колекція: «Архітектурні об'єкти м. Одеси та інших міст Причорномор'я»		1	0
896	Колекція метричних книг відділу реєстрації актів цивільного стану Ананьївського районного управління юстиції Одеської області		2	53
898	Колекція метричних книг відділу реєстрації актів цивільного стану Балтського районного управління юстиції Одеської області		4	213
899	Колекція метричних книг відділу реєстрації актів цивільного стану Березівського районного управління юстиції Одеської області		3	10
900	Колекція метричних книг відділу реєстрації актів цивільного стану Білгород-Дністровського районного управління юстиції Одеської області		5	333
901	Колекція відділу реєстрації актів цивільного стану Білгород-Дністровського міськрайонного управління юстиції Одеської області		6	195
902	Колекція метричних книг відділу реєстрації актів цивільного стану Біляєвського районного управління юстиції Одеської області		2	107
903	Колекція метричних книг відділу реєстрації актів цивільного стану Болградського районного управління юстиції Одеської області		7	607
904	Колекція метричних книг відділу реєстрації актів цивільного стану Велико-Михайлівського районного управління юстиції Одеської області		2	52
905	Колекція метричних книг відділу реєстрації актів цивільного стану Іванівського районного управління юстиції Одеської області		2	55
906	Колекція метричних книг відділу реєстрації актів цивільного стану Ізмаїльського районного управління юстиції Одеської області		4	255
907	Колекція метричних книг відділу реєстрації актів цивільного стану Ізмаїльського міськрайонного управління юстиції Одеської області		3	50
908	Колекція метричних книг відділу реєстрації актів цивільного стану Кілійського районного управління юстиції Одеської області		7	800
910	Колекція метричних книг відділу реєстрації актів цивільного стану Котовського районного управління юстиції Одеської області		2	0
911	Колекція метричних книг відділу реєстрації актів цивільного стану Любашівського районного управління юстиції Одеської області		1	0
912	Колекція метричних книг відділу реєстрації актів цивільного стану Овідіопольського районного управління юстиції Одеської області		2	0
913	Колекція метричних книг відділу реєстрації актів цивільного стану Роздільнянського районного управління юстиції Одеської області		2	0
914	Колекція метричних книг відділу реєстрації актів цивільного стану Ренійського районного управління юстиції Одеської області		5	0
915	Колекція метричних книг відділу реєстрації актів цивільного стану Саратського районного управління юстиції Одеської області		13	0
916	Колекція метричних книг відділу реєстрації актів цивільного стану Тарутинського районного управління юстиції Одеської області		6	0
917	Колекція метричних книг відділу реєстрації актів цивільного стану Татарбунарського районного управління юстиції Одеської області		6	0
918	Колекція метричних книг відділу реєстрації актів цивільного стану Фрунзівського районного управління юстиції Одеської області		2	0
919	Колекція метричних книг відділу реєстрації актів цивільного стану Ширяївського районного управління юстиції Одеської області		2	3
921	Римо-католицька парафіяльна церква (костел) м. Балти Подільської губернії		2	17
922	Колекція метричних книг відділу реєстрації актів цивільного стану Миколаївського районного управління юстиції Одеської області		1	0
923	Синагоги і єврейські молитовні будинки Балтського повіту Подільської губернії (єврейська колонія Абазівка, с. Піщана)	1879-1918	2	8
924	Вірменська Апостольська церква імені Григорія Просвітителя міста Одеси		1	10
925	Римо-католицький костел с. Красна Аккерманського (Четатя-Албе) повіту, Бессарабія		1	23
927	Колекція метричних книг відділу реєстрації актів цивільного стану Красноокнянського районного управління юстиції Одеської області		1	0
Р8065	Архів управління Служби безпеки України в Одеській області		2	72
Р2000	Виконавчий комітет Одеської обласної ради депутатів робітників		1	1
Р8085	Архів відділу реєстрації актів цивільного стану Одеського обласного управління юстиції		30	3477
Р8351	Долинське районне бюро запису актів громадянського стану	1945-1949	2	0
Р8228	Відділ запису актів громадянського стану виконавчого комітету Миколаївської районної ради	1923-1950	2	0
46	Одеський інститут благородних дівиць		2	0
97	Товариство коркової мануфактури «Вікандер і Ларсон»		1	0
168	Назимови [сімейний фонд]		1	27
173	Рябков Павло Захарович [особовий фонд]		1	0
190	Бялковська Ганна (Анна) Вацлавівна [особовий фонд]		1	0
2351			2	2908
200	Боржиківська митна застава Слупецького митного округу		1	0
202	Верушковська митниця		1	4
207	Зелюнська митниця Калишського митного округу		1	0
874	Тетерештська бригада сигуранци, с Тетерешть		1	0
8065			1	0
8085			1	0
875	Ренійська міська бригада сигуранци		1	0
Р2351			2	3334
238	Щипіорнська митна застава Варшавського митного округу		1	0
287	Податковий інспектор Одеського повіту		1	0
293	Самінська Єва Йосипівна [особовий фонд]		1	0
322	Одеське міське лікарське управління		1	0
333	Одеське відділення Російського технічного товариства		1	0
Р8234	Відділ запису актів громадянського стану виконавчого комітету Ананьївської районної ради	1921-1967	4	0
370	Нотаріус Андрєєв Сергій Степанович, м. Одеса		1	0
371	Нотаріус Гладун Дмитро Трохимович, м. Одеса		1	0
372	Нотаріус Гоф Степан Ісидорович, м. Одеса		1	0
59	Одеський будівельний комітет		7	0
909	Колекція метричних книг відділу реєстрації актів цивільного стану Кодимського районного управління юстиції Одеської області		1	24
595	457-а піша Таврійська дружина		0	0
1008			1	10
1137			1	1
Р49			1	2
Р48			1	1
1009			1	4
1010			1	8
1165			1	9
1011			1	3
2013			1	1915
Р47			1	2
Р51			1	8
Р35			1	8
Р66			1	2
Р2013			1	29
Р34			1	13
Р38			1	96
Р58			1	1
Р53			1	4
Р59			1	1
Р60			1	1
1013			1	5
1166			1	1
Р261			1	5
1012			1	1
Р37			1	45
Р113			1	12
Р54			1	3
Р36			1	51
2014			1	441
Р188			1	2
І447			1	20
Б1	Бібліотечний фонд		0	0
345	Єлисаветградський повітовий магістрат, м. Єлисаветград Херсонської губернії		0	0
102	Одеський корковий завод Акціонерного товариства коркової мануфактури «Вікандер і Ларсон»		0	0
107	Одеське товариство електроосвітлення		0	0
112	Південне товариство працівників конторської справи		0	0
113	Очаківська портова митниця, м. Очаків Херсонської губернії		0	0
124	Вечірні загальноосвітні курси при приватній гімназії К. Л. М'якенко		0	0
131	«Арнаутська волосна управа» (назва за обліковою документацією)		0	0
133	Ізмаїльський поліцмейстер, м. Ізмаїл Бессарабської губернії		0	0
134	Тираспольська повітова земська управа, м. Тирасполь Херсонської губернії		0	0
15	Бессарабська казенна палата, м. Кишинів		0	0
166	Габбе Володимир Миколайович [особовий фонд]		0	0
174	Павлович [особовий фонд]		0	0
181	Управління 2-го округу Херсонських поселень, м. Новий Миргород Єлисаветградського повіту Херсонської губернії		0	0
183	Управління 3-го округу Херсонських поселень, м. Нова Одеса Єлисаветградського повіту Херсонської губернії		0	0
19	Херсонська палата державного майна, м. Херсон		0	0
206	Закржевська митна застава, с. Закржев Радомського повіту Радомської губернії Царства Польського		1	48
208	Ізмаїльська митниця, м. Ізмаїл Бессарабської губернії		0	0
210	Липканська митна застава, м. Ліпкани Хотинського повіту Бессарабської губернії		1	6
212	Маріупольська портова митниця, м. Маріуполь Катеринославської губернії		0	0
215	«Мондражиївська митниця Бендинського повіту Петроковської губернії Царства Польського» (назва за обліковою документацією)		0	0
216	Бакальський митний перехідний пункт, с. Бакал Євпаторійського повіту Таврійської губернії		1	38
217	Болгарська митниця, с. Кубей Аккерманського повіту Бессарабської губернії		0	0
218	Радзивилівський митний округ, м. Радзивилів Волинської губернії		0	0
219	Радомський митний округ, м. Радом Царства Польського		0	0
220	«Криловська митниця» (назва за обліковою документацією; ймовірно: м. Крилов (Новогеоргієвськ) Александрійського повіту Херсонської губернії)		0	0
221	Авраменська митна застава, с. Аврамени (Авремень) Бєлцького повіту Бессарабської губернії		0	0
223	Ризька митниця, м. Рига		0	0
224	Ренійська митниця, м. Рені Бессарабської губернії		0	0
225	Усть-Прутська митна застава, м. Рені Бессарабської губернії		0	0
226	«Хоржельська митна застава, с. Хоржель Праснішського повіту Полоцької губернії» (назва за обліковою документацією)		0	0
228	Хмельницький Ісак Абрамович [особовий фонд]		0	0
229	Радєєвська митниця, ст. Радєєв Нешавського повіту Варшавської губернії Царства Польського		0	0
232	Подграбська митна застава, ст. Крашевіце Калішської губернії Царства Польського		0	0
237	Унгенська митниця, ст. Унгени, Бессарабської губернії		0	0
241	Волочиська митниця, ст. Волочиськ Волинської губернії		0	0
244	Севастопольська митниця, м. Севастополь		0	0
245	Фальчинська митна застава, м. Леова Бессарабської губернії		0	0
248	Тираспольська міська управа, м. Тирасполь		0	0
250	Бессарабська контора іноземних поселенців, м. Кишинів		0	0
251	Катеринославська контора іноземних поселенців Південного краю Росії, м. Катеринослав		0	0
258	Гросс-Лібентальське сільське правління, с. Гросс-Лібенталь (Маріїнське) Одеського повіту Херсонської губернії		0	0
26	Департамент юстиції (м. Одеса ?)		0	0
260	Константинівське волосне правління, с. Костянтинівка Єлисаветградського повіту Херсонської губернії		0	0
262	Ісаївське сільське правління, с. Ісаєве Ананьївського повіту Херсонської губернії		0	0
263	Дмитріївське сільське правління, с. Дмитріївка Нечаянської волості Одеського повіту Херсонської губернії		0	0
264	Арнаутівське сільське правління, с. Арнаутівка (Олександрівка) Гросс-Лібентальської (Маріїнської) волості Одеського повіту Херсонської губернії		0	0
269	Пропуск нумерації		0	0
27	Мировий суддя 4-ї ділянки Тираспольського судового округу		0	0
277	Херсонське губернське дворянське зібрання, м. Херсон		0	0
279	Демидівське волосне правління, с. Демидівка Тираспольського повіту Херсонської губернії		0	0
28	Бобринецький повітовий суд, м. Бобринець Херсонської губернії		0	0
280	Семенівське сільське правління, с. Семенівка Костянтинівської волості Єлисаветградського повіту Херсонської губернії		0	0
288	Магазин з продажу молочних продуктів А(?).В.Чичкіна, м. Одеса		0	0
290	Єгоров (Каспаров) А.Є(?)., цензор [особовий фонд]		0	0
291	Трифільєв Євген Парфенович [особовий фонд]		0	0
294	Довгаль Петро, майор царської армії [особовий фонд]		1	9
295	Штейгель М(?).В., вчений садівник [особовий фонд]		1	31
296	Бібліотека Новоросійського університету		1	6
297	Бендерський повітовий суд, м. Бендери Бессарабської губернії		1	61
299	Очаківський [Свято-Миколаївський військовий] собор, м. Очаків Херсонської губернії		0	0
300	Одеське міське кредитне товариство		0	0
301	Миколаївська митна застава (? — м. Миколаїв)		1	26
304	Овідіопольське міське вище навчальне училище, м. Овідіополь Херсонської губернії		1	8
310	Земський начальник 1-ої дільниці, м. Одеса		0	0
312	Земський начальник 3-ої дільниці, м. Одеса		0	0
313	Земський начальник 6-ої дільниці, м. Одеса		0	0
318	Канцелярія Таврійського цивільного губернатора, м. Сімферополь		0	0
319	Дирекція бессарабських училищ, м. Кишинів		0	0
320	Одеська комерційна гімназія		0	0
321	Училищний комітет Харківського університету, м. Харків		0	0
327	Херсонська губернська креслярня, м. Херсон		1	4
328	«Одеське сільськогосподарське гідротехнічне училище І.І.Хойна» (назва за обліковою документацією)		1	12
332	Одеський цукрово-рафінадний завод Степанівського товариства		0	0
336	Шульгін Василь Віталійович [особовий фонд]		0	0
337	Акціонерне товариство Чорноморська маслобойня «Брати Треппель», м. Одеса		0	0
339	Одеське відділення Християнського поземельного банку		0	0
341	Новомиргородський повітовий суд, м. Новомиргород Херсонської губернії		0	0
342	Григоріопольський міський магістрат, м. Григоріополь Херсонської губернії		0	0
344	Акціонерне товариство для виробництва землеробських знарядь та машин І.І.Гена, м. Одеса		0	0
434	Пропуск нумерації		0	0
346	Новомиргородський міський магістрат, м. Новомиргород Херсонської губернії		0	0
347	Тираспольський міський магістрат, м. Тирасполь Херсонської губернії		0	0
348	Єлисаветградська провінційна канцелярія, м. Єлисаветград Херсонської губернії		0	0
349	Вознесенський [губернський -?] магістрат, м. Вознесенськ Херсонської губернії		0	0
350	Миколаївський міський магістрат (? — м. Миколаїв)		0	0
351	Фрейдорфське сільське правління, с. Фрейдорф Тираспольського повіту Херсонської губернії		0	0
353	Фестерівська римо-католицька церква, с. Фестерове Одеського повіту Херсонської губернії		0	0
354	Калаглійське волосне правління, с. Калаглія Одеського повіту Херсонської губернії		0	0
355	Херсонське окружне управління державного майна		0	0
356	Ананьївське окружне управління державного майна		0	0
357	Тираспольське окружне управління державного майна		0	0
358	Електромонтерські курси при Електротехнічному училищі В. П. Гадзяцького		0	0
363	Товариство південноросійського шкіряного виробництва		0	0
364	Російське транспортне страхове товариство, м. Одеса		0	0
373	Дирекція народних училищ Таврійської губернії, м. Симферополь		0	0
374	Таврійсько-Катеринославське управління землеробства і землевлаштування, м. Симферополь		0	0
376	Таврійське губернське правління, м. Сімферополь		0	0
377	Цюріхстальське волосне правління, с. Цюрихсталь (Святогорськ) Феодосійського повіту Таврійської губернії		0	0
378	Завод російського суднобудівного товариства «Руссуд»		0	0
379	Нотаріус Фірер Соломон Якович, м. Очаків Херсонської губернії		0	0
380	Ізмаїльська портова митна застава, м. Ізмаіл Бессарабської губернії		0	0
381	Дегуров Антон Антонович [особовий фонд]		0	0
384	Кагульська митна застава, м. Кагул Бессарабської губернії		0	0
385	Кілійська міська митниця, м. Кілія Бессарабської губернії		0	0
386	Вилковське поліцейське управління, м. Вилкове Бессарабської губернії		0	0
387	Нотаріус Зволінський Лаврентій Дагустович, м. Тирасполь Бессарабської губернії		0	0
389	Канцелярія Харківського губернатора, м. Харьків		0	0
392	Нотаріус Гусіков Олександр Михайлович, м. Голта Подільської губернії		0	0
398	Нотаріус Павлович Вітольд Ісидорович, м. Очаків Херсонської губернії		0	0
401	Нотаріус Брайкевич Олександр Олександрович, м. Тирасполь Бессарабської губернії		0	0
404	Нотаріус Матвєєв Г.Г., с. Северинівка Одеського повіту Херсонської губернії		0	0
405	Пропуск нумерації		0	0
414	Нотаріус Славинський Кіндрат Івлевич, м. Тирасполь Бессарабської губернії		1	28
415	Нотаріус Гадинський В.Є(?)., с. Северинівка Одеського повіту Херсонської губернії		0	0
416	Нотаріус Епштейн Яків Борисович, м. Вознесенськ Херсонської губернії		1	1
420	Нотаріус Тимчинський Н(?).Ф., с. Северинівка Одеського повіту Херсонської губернії		1	9
423	Нотаріус Унтілов Олексій Васильович, м. Тирасполь Бессарабської губернії		0	0
424	Нотаріус Устинов Сергій Михайлович, м. Очаків Херсонської губернії		1	13
428	Харківський паровозобудівний завод, м. Харків		0	0
429	Пристав 4-ої ділянки, м. Харків		0	0
435	Родниковський сільський схід (сільське управління), с. Родникове (Айкашен) Святогорської (Цюріхстальської) волості Феодосійського повіту Таврійської губернії		0	0
436	Євпаторійська митниця, м. Євпаторія		1	14
443	Пропуск нумерації		0	0
444	Таврійське відділення Державного селянського поземельного банку, м. Симферополь		1	3
446	Канцелярія Кримського митного інспектора		1	1
458	Управління 72-ої бригади державного ополчення		1	8
459	Управління контролера при окремому керівнику робіт 5-ї будівельної партії Румунського фронту		1	15
460	Етапно-господарський відділ штабу 9-ї армії		1	14
461	Польове телеграфне відділення [б.н.]		0	0
462	Етапне поштово-телеграфне відділення № 206		1	1
463	Військовий слідчий 16-го армійського корпусу		1	1
464	Польове поштове відділення № 100		1	1
465	Польове запасне телеграфне відділення № 173		0	0
466	Одеська спілка працівників комітету Румунського фронту Всеросійського земського союзу		1	14
467	Офіцерський лазарет Російського товариства Червоного Хреста при 6-й армії		1	1
468	Канцелярія військового прокурора спільного корпусного суду 4-ої армії		1	6
469	453-тя піша Бессарабська дружина		1	23
470	464-та піша Бессарабська дружина		1	3
471	Етапне поштово-телеграфне відділення № 215		1	16
472	Дивізійний контролер 5-ої кавалерійської дивізії		1	9
473	Корпусний контролер 70-го українського корпусу		1	1
474	Управління головного контролера Очаківської фортеці		1	6
475	35-й епідемічний загін Російського товариства Червоного Хреста		1	2
476	13-й армійський корпус		0	0
477	Польова поштова контора № 130		0	0
478	64-й епідемічний загін Російського товариства Червоного Хреста		0	0
479	Начальник загону суден і портів східної частини Чорного моря		1	3
480	Польова контрольно-поштова контора № 129		1	2
481	459-та піша Херсонська дружина		1	4
482	Управління корпусного контролера 6-го кавалерійського корпусу		1	9
484	Управління контролера 4-ї будівельної партії		1	7
485	Управління начальника одеської місцевої бригади		1	7
486	Уповноважений Російського товариства Червоного Хреста		0	0
487	Одеський комітет Центрального комітету військово-технічної допомоги об'єднаних наукових і технічних організацій		1	5
488	Канцелярія військового прокурора спільного корпусного суду при штабі 40-го армійського корпусу		0	0
489	Управління начальника кінних запасів Одеського військового корпусу		1	14
490	Одеське військово-окружне інтендантське управління Одеського військового округу		1	11
492	Одеський військовий шпиталь		1	4
495	Етапне поштово-телеграфне відділення № 278		1	5
496	Корпусний контролер 2-го кавалерійського корпусу		1	4
497	Корпусний контролер 47-го армійського корпусу		1	29
498	Епідемічний загін № 60 Російського товариства Червоного Хреста		1	9
499	Контролер при завідуючому заготівлями матеріалів та інвентарю Бессарабського [району ?]		0	0
500	Канцелярія військового прокурора об'єднаного суду 12-ї армії		1	10
502	Дивізійний контролер 124-і піхотної дивізії		1	1
503	Польова поштова застава № 157 при штабі 5-ї армії		0	0
504	Етапне поштово-телеграфне відділення № 240		1	3
505	Одеський військово-окружний комісаріат		1	2
506	6-й головний евакуаційний пункт		0	0
507	36-й драгунський Охтирський полк		1	5
508	Судакське сільське правління, с. Судак Феодосійського повіту Таврійської губернії		1	9
509	Штаб Одеського військового округу		0	0
510	Канцелярія військового прокурора Одеського окружного суду		0	0
511	36-й дезінфекційний загін Червоного Хреста при 8-й діючій армії		0	0
512	Головний уповноважений Російського товариства Червоного Хреста при арміях Західного фронту		0	0
513	21-а прикордонна Скулянська бригада		0	0
515	Головне військово-судове управління Військового відомства		0	0
516	Командуючий 10-ю армією		0	0
517	59-й передовий санітарний кінний корпус		0	0
518	901-й зведений польовий запасний шпиталь		0	0
519	16-й головний евакуаційний пункт		0	0
520	Управління корпусного контролера 26-го армійського корпусу		0	0
521	16-й легкий мортирний парковий артилерійський дивізіон		0	0
522	Тимчасовий військовий генерал-губернатор		0	0
523	Управління польового контролера при начальнику інженерів 9-ї армії		0	0
524	Етапне польове поштово-телеграфне відділення № 273		0	0
525	19-й польовий запасний шпиталь		0	0
526	Етапне поштово-телеграфне відділення № 233		0	0
527	Лазарет херсонської Олексіївської общини сестер милосердя Російського товариства Червоного Хреста		0	0
528	9-й передовий перев'язувально-годувальний загін Російського товариства Червоного Хреста		0	0
529	Канцелярія військового прокурора спільного корпусного суду 9-ї армії		0	0
530	Передовий загін Червоного Хреста № 49		0	0
531	Канцелярія військового прокурора спільного корпусного суду 7-ї армії		0	0
532	Управління начальника гідротехнічних робіт армій Румунського фронту		0	0
533	Управління Батумського тимчасового військового порту		0	0
534	29-й тиловий евакуаційний пункт		0	0
535	72-й гусарський Охтирський полк		0	0
536	Управління корпусного контролера 23-го армійського корпусу		0	0
537	Управління контролера при окремому керівнику робіт 3-ої ділянки Румунського фронту		0	0
538	Управління особоуповноваженого Російського товариства Червоного Хреста при 6-й армії		0	0
539	Польова поштова контора № 10		0	0
540	Управління контролера при керівнику інженерів армій Південно-Західного фронту		0	0
541	9-а залізнична бригада		0	0
542	Варшавський 4-й тиловий евакуаційний пункт		0	0
543	Управління польовими складами Російського товариства Червоного Хреста Румунського фронту		0	0
544	480-а піша Катеринославська дружина		0	0
545	2-й Георгіївський пересувний лазарет Червоного Хреста		0	0
546	75-й передовий перев'язувальний загін Російського товариства Червоного Хреста		0	0
547	127-й передовий перев'язувально-годувальний загін		0	0
548	Управління начальника артилерійського постачання Румунського фронту		0	0
549	Одеський кадетський корпус		0	0
550	Управління контролера 1-ої ділянки Румунського фронту		0	0
551	271-й піхотний запасний полк		0	0
552	2-а запасна артилерійська бригада		0	0
553	Катеринославська 44-а піша дружина		0	0
554	11-й залізничний батальйон		0	0
555	Управління тимчасового військового порту, м. Рига		0	0
556	Польове поштово-телеграфне відділення, літера «Є»		0	0
557	22-й санітарний поїзд Російського товариства Червоного Хреста		0	0
558	460-а піша Херсонська дружина		0	0
559	44-й запасний піхотний полк, м. Херсон		0	0
560	40-й запасний піхотний полк		0	0
561	38-й передовий санітарний транспорт Російського товариства Червоного Хреста		0	0
562	Етапне поштово-телеграфне відділення № 216		0	0
563	25-й залізничний батальйон		0	0
564	Корпусний контролер 10-го армійського корпусу		0	0
565	43-й піхотний запасний полк		0	0
566	42-й піхотний запасний батальйон		0	0
567	Польова поштова контора № 128		0	0
568	Корпусний контролер 38-го армійського корпусу		0	0
569	42-й піхотний запасний полк		0	0
57	Глюкстальське волосне правління, с. Глюксталь (Глинне) Тираспольського повіту Херсонської губернії		0	0
570	Етапне поштово-телеграфне відділення № 219		0	0
571	Управління корпусного контролера 11-го армійського корпусу		0	0
572	Польове телеграфне відділення № 114		0	0
573	Управління контролера Бессарабського району при начальнику дорожніх робіт 6-ї армії		0	0
574	Польовий контролер при начальнику інженерів армій Румунського фронту		0	0
575	Катеринославський лазарет Російського товариства Червоного Хреста		0	0
576	Управління корпусного польового контролера 18-го армійського корпусу		0	0
577	Управління контролера при начальнику інженерів 4-ої армії		0	0
578	Уповноважений із заготівлі продовольства і фуражу для діючих армій		0	0
579	Управління особоуповноваженого Російського товариства Червоного Хреста при 4-й армії		0	0
580	Управління корпусного контролера 29-го корпусу		0	0
581	Корпусний контролер 33-го армійського корпусу		0	0
582	Канцелярія військового прокурора Кавказького військово-окружного суду		0	0
583	43-й передовий загін Російського товариства Червоного Хреста		0	0
584	Канцелярія військового прокурора загального корпусного суду 6-ї армії		0	0
585	Комісія з розподілу постачання між арміями Румунського фронту		0	0
586	Штаб 3-го армійського корпусу, м. Одеса		0	0
587	Польова поштова контора № 26		0	0
588	Штаб 12-ої кавалерійської дивізії		0	0
589	49-й запасний батальйон		0	0
590	471-а піша Таврійська дружина		0	0
591	Управління 582 транспорту 117-го додаткового вільнонайманого обозного батальйону		0	0
592	45-й піхотний запасний батальйон		0	0
593	Контролер при начальнику тилових дорожніх робіт Бессарабського району		0	0
594	40-й Сибірський стрілецький полк		0	0
596	Управління корпусного контролера 36-го армійського корпусу		0	0
597	17-й залізничний батальйон		0	0
598	Тимчасова ревізійна комісія Румунського фронту		0	0
599	Штаб Одеського корпусу Російської Добровольчої армії		0	0
600	Спілка взаємодопомоги офіцерів Одеського військового округу		0	0
601	135-й запасний піхотний батальйон		0	0
602	Санітарний поїзд № 22 Російського товариства Червоного Хреста		0	0
603	Армійський загін Управління особоуповноваженого Російського товариства Червоного Хреста при 4-ій діючий армії		0	0
604	Нотаріус Томашевський Василь Іонович, м. Ольвіополь Херсонської губернії		0	0
605	Робоча колона № 23 при штабі 9-ої армії		0	0
606	Нотаріус Вишневський Леонтій Бальтазарович, м. Ольвіополь Херсонської губернії		0	0
607	Нотаріус Вергілесов Сергій Агафонович, м. Ольвіополь Херсонської губернії		0	0
608	Нотаріус Никитюк Михайло Михайлович, с. Братське Єлисаветградського повіту Херсонської губернії		0	0
609	Нотаріус Левицький Йосиф Абрамович, м. Ольвіополь Херсонської губернії		0	0
610	Нотаріус Фотинський Іван Петрович, м. Ольвіополь Херсонської губернії		0	0
624	Херсонський митний інспектор, м. Херсон		0	0
625	Вітте Сергій Юлійович [особовий фонд]		0	0
649	Кривоозерська поштово-телеграфна контора, м. Криве Озеро Балтського повіту Подільської губернії		0	0
653	Ольвіопольська поштово-телеграфна контора, м. Ольвіополь Херсонської губернії		0	0
662	Благодатно-Степанівське (?) поштово-телеграфне відділення		0	0
664	Березанське (?) поштове відділення Одеського поштово-телеграфного округу		0	0
669	Виконком службовців Севастопольської поштово-телеграфної контори		0	0
670	Відділ (?) пошт і телеграфів Криму		0	0
671	Херсонська поштово-телеграфна контора, м. Херсон		0	0
672	Тираспольське поштове виділення, м. Тирасполь Херсонської губернії		0	0
673	Ренійська митниця, м. Рені Бессарабської губернії		0	0
674	Гофнунгстальське поштово-телеграфне відділення, с. Гофнунгсталь Клястицької волості Аккерманського повіту Бессарабської губернії		0	0
675	Ташлицьке поштове відділення, с. Ташлик Аккерманського повіту Бессарабської губернії		0	0
676	Новоросійська митниця, м. Новоросійськ Чорноморської губернії		0	0
677	Управління будівництвом Гродненської фортеці, м. Гродно		0	0
678	Миколаївська поштово-телеграфна контора, м. Миколаїв (?)		0	0
679	Рибницька митниця, м. Рибниця Балтського повіту Подільської губернії		0	0
681	Польова запасна поштова контора № 128		0	0
682	Польова поштова контора № 4		0	0
683	Польове телеграфне відділення № 49		0	0
684	137-й тиловий етап Румунського фронту		0	0
685	Управління контролера Бессарабського району при начальнику дорожніх робіт 4-ої армії		0	0
686	Управління інтенданта армій Румунського фронту		0	0
687	Управління польового дорожнього контролера при окремому начальнику дорожніх робіт Бессарабського району		0	0
688	Управління контролера при начальнику інженерів 6-ї армії		0	0
689	Управління зі спорудження нових ліній Товариства бессарабських залізниць		0	0
69	Глюкстальське сільське правління, с. Глюксталь (Глинне) Тираспольського повіту Херсонської губернії		0	0
690	Управління корпусного контролера 2-го армійського корпусу		0	0
691	Управління завідуючого автомобільною частиною армії Румунського фронту		0	0
692	Управління корпусного контролера 8-го армійського корпусу		0	0
693	Управління польового контролера при завідуючому резервними стадами худоби Одеського військового корпусу		0	0
694	Уповноважений передового загону № 24 Російського товариства Червоного Хреста		0	0
695	Управління контролера Бессарабського району при начальнику дорожніх робіт при 9-й армії		0	0
696	Польова поштова застава № 259		0	0
697	Управління польового контролера при начальнику гідротехнічних робіт армій Румунського фронту		0	0
698	Управління Російського товариства Червоного Хреста		0	0
699	Управління начальника військових сполучень армій Румунського фронту		0	0
700	Начальник передового кінно-автомобільного загону Російського товариства Червоного Хреста Південного району		0	0
701	Закаспійський шпиталь Російського товариства Червоного Хреста		0	0
702	Завідуючий гуртом худоби 6-го кавалерійського корпусу		0	0
703	Завідуючий 90-м резервним гуртом порційної худоби [Мінського військового округу]		0	0
704	Особоуповноважений Російського товариства Червоного Хреста при 8-й армії		0	0
705	Канцелярія військового прокурора спільного корпусного суду 11 -го, 30-го та 33-го армійських корпусів		0	0
706	Одеське військово-окружне санітарне управління Одеського військового округу		0	0
707	Окремий керівник робот 1-ої будівельної ділянки Румунського фронту		0	0
708	Польова телеграфна робоча колона № 66		0	0
709	Поштова застава № 121		0	0
710	Польова поштова контора № 56		0	0
711	Польова поштова контора № 153		0	0
712	Корпусний контролер 4-го Сибірського армійського корпусу		0	0
713	Шпиталь Рязанської Катеринінської общини сестер милосердя		0	0
714	Головний уповноважений із заготівлі хліба для армій по Одеському та Київському військових округах		0	0
715	2-й Євгеніїнський [Общини Св. Євгенії] шпиталь Російського товариства Червоного Хреста		0	0
716	Військово-цензурна комісія Одеського військового округу		0	0
717	Військово-окружний контролер Одеського військового округу		0	0
718	Одеське окружне військово-інженерне управління		0	0
719	Канцелярія начальника постачання Одеського району Добровільної армії		0	0
720	Одеська головна польова поштова контора		0	0
721	Начальник Одеського автомобільного загону Російського товариства Червоного Хреста		0	0
722	Канцелярія військового прокурора 2-го спільного корпусного суду 7-ї армії		0	0
723	Канцелярія військового прокурора Київського військового окружного суду		0	0
724	Командуючий транспортною флотилією Чорного моря		0	0
725	Одеське відділення комітету Південно-Західного фронту при Всеросійському земському союзі		0	0
73	Люстдорфське сільське правління, с. Люстдорф (Ольгіно) Одеського повіту Херсонської губернії		0	0
733	Вознесенський совісний суд, м. Вознесенськ Новоросійської губернії		0	0
740	Нотаріус Песке Роберт Антонович, м. Голованівськ Балтського повіту Подільської губернії		0	0
77	Вигодянське сільське правління, с. Вигода Одеського повіту Херсонської губернії		0	0
770	Пропуск нумерації		0	0
771	Пропуск нумерації		0	0
773	Товариство Грушківського буряко-цукрового заводу, с. Грушка Балтського повіту Подільської губернії		0	0
78	Гросс-Лібентальська римо-католицька церква, с. Гросс-Лібенталь (Маріїнське) Одеського повіту Херсонської губернії		0	0
79	Мангеймська римо-католицька церква [костел Різдва Пресвятої Діви Марії], с. Мангейм Одеського повіту Херсонської губернії		0	0
81	Гросс-Лібентальська (Маріїнська) позиково-ощадна каса, с. Гросс-Лібенталь (Маріїнське) Одеського повіту Херсонської губернії		0	0
84	Анонімне товариство одеських трамваїв Бельгійського акціонерного товариства кінно-залізних доріг		0	0
86	Парканська митна застава, с. Паркани Тираспольського повіту Херсонської губернії		0	0
90	Борошномельне підприємство Торговельного дому «Брати Анатра», м. Одеса		0	0
92	Одеське відділення Товариства чайної торгівлі «В.Висоцький і компанія»		0	0
94	Тютюнова фабрика «Спадкоємці Попова», м. Одеса		0	0
Р4451	Виконком Міщанської сільської ради депутатів трудящих (сільрада)		2	4
Р8218	Відділ запису актів громадянського стану виконавчого комітету Балтської районної ради		0	0
Р8219	Відділ запису актів громадянського стану виконавчого комітету Березівської районної ради		0	0
Р8220	Відділ запису актів громадянського стану виконавчого комітету Біляївської районної ради		0	0
Р8221	Відділ запису актів громадянського стану виконавчого комітету Великомихайлівської районної ради		0	0
Р8222	Відділ запису актів громадянського стану виконавчого комітету Іванівської районної ради		0	0
Р8223	Відділ запису актів громадянського стану виконавчого комітету Кодимської районної ради		0	0
Р8224	Відділ запису актів громадянського стану виконавчого комітету Комінтернівської районної ради		0	0
Р8225	Відділ запису актів громадянського стану виконавчого комітету Котовської районної ради		0	0
Р8226	Відділ запису актів громадянського стану виконавчого комітету Красноокнянської районної ради		0	0
Р8227	Відділ запису актів громадянського стану виконавчого комітету Любашівської районної ради		0	0
Р8229	Відділ запису актів громадянського стану виконавчого комітету Овідіопольської районної ради		0	0
Р8230	Відділ запису актів громадянського стану виконавчого комітету Роздільнянської районної ради		0	0
Р8231	Відділ запису актів громадянського стану виконавчого комітету Фрунзівської районної ради		0	0
Р8232	Відділ запису актів громадянського стану виконавчого комітету Ширяївської районної ради		0	0
Р8274	Відділ запису актів громадянського стану виконавчого комітету Троїцької районної ради		0	0
Р8301	Відділ запису актів громадянського стану виконавчого комітету Кілійської районної ради		0	0
Р8311	Татарбунарське районне бюро запису актів громадянського стану Ізмаїльської області		0	0
Р8312	Ізмаїльське міське бюро запису актів громадянського стану НКВС Управління міліції УНКВС по Ізмаїльській області		0	0
Р8313	Відділ запису актів громадянського стану Болградського району Управління міліції Одеської області		0	0
Р8314	Білгород – Дністровське міське бюро запису актів громадянського стану Ізмаїльської області		0	0
Р8321	Відділ запису актів громадянського стану Тарутинського району Управління міліції Одеської області		0	0
Р8338	Відділ запису актів громадянського стану Арцизького району Управління міліції Одеської області		0	0
Р8339	Бюро запису актів громадянського стану Піщанського району Одеської області		0	0
Р8340	Бюро запису актів громадянського стану Андрієво – Іванівського району Одеської області		0	0
Р8341	Бюро запису актів громадянського стану Одеського району Одеської області		0	0
Р8342	Бюро запису актів цивільного стану Тузлівського району Одеської област		0	0
Р8343	Бюро запису актів цивільного стану Чорнянського району Одеської області		0	0
Р8345	Бюро запису актів громадянського стану Ренійського району Одеської області		0	0
Р8346	Бюро запису актів громадянського стану Бородинського району Одеської області		0	0
Р8347	Бюро запису актів громадянського стану Саратського району в Ізмаїльській області		0	0
Р8350	Цебриківське районне бюро запису актів громадянського стану НКВС УРСР		0	0
Р8352	Жовтневе районне бюро запису актів громадянського стану		0	0
Р8358	Суворовське районне бюро запису актів громадянського стані Ізмаїльської області		0	0
Р8359	Лиманське районне бюро запису актів громадянського стану Ізмаїльської області		0	0
Р8360	Ново – Іванівське бюро запису актів громадянського стану Ізмаїльської області		0	0
Р8364	Старокозацьке районне бюро запису актів цивільного стану Ізмаїльської області		0	0
29	Херсонська палата цивільного суду, м. Херсон		1	1
25	Ольвіопольський повітовий суд, м. Ольвіополь Херсонської губернії		1	10
24	Тираспольський повітовий суд, м. Тирасполь Херсонської губернії		1	146
21	Херсонська казенна палата, м. Херсон		1	52
14	Бессарабська палата державного майна, м. Кишинів		1	1
30	Вознесенська палата цивільного суду, м. Вознесенськ Херсонської губернії		1	33
36	Канцелярія Ренійського поліцмейстера, м. Рені Бессарабської губернії		1	21
38	Одеська римо-католицька приходська церква, м. Одеса		1	79
103	Перша Одеська міська бібліотека		1	28
110	Одеське відділення Сибірського банку		2	491
180	Управління 1-го округу Херсонських поселень, м. Нова Прага Єлисаветградського повіту Херсонської губернії		1	2
483	Начальник військових сполучень армій Західного фронту		1	1
491	Стаціонарний лазарет, с. Успенське Одеського повіту		2	6
493	Святогорське волосне правління, с. Святогорськ (Цюрихсталь) Феодосійського повіту Таврійської губернії		2	2
494	Районний уповноважений із заготівлі консервів по Одеському району		2	2
501	26-й польовий запасний шпиталь		2	18
514	Управління начальника військовик сполучень Одеського військового округу		1	1
897	Колекція метричних книг відділу реєстрації актів цивільного стану Арцизського районного управління юстиції Одеської області		3	121
