57	Стефанівського собору в м. Слав'яносербську		1	1
ДС	Фонди періоду до 1917 року в м. Сєвєродонецьк		0	0
2	Луганський паровозобудівний завод Гартмана Російського акціонерного товариства машинобудівних заводів Гартмана, м. Луганськ, Слов'яносербського повіту Катеринославської губернії		1	2
Р303	Колекція книг державної реєстрації актів цивільного стану відділів державної реєстрації актів цивільного стану Луганської області (описи №№ 3, 4, 7, 8, 10, 11, 12, 13, 14, 15, 16, 17, 18, 19, 20, 23, 24, 25)	1920-2023	18	1817
Р237			2	82
Р238			3	602
Р264			1	309
Р280			2	58
Р232			1	43
Р233			1	162
Р228			1	1
Р330			1	47
Р358			1	158
Р310			1	14
Р315			1	203
Р284			1	24
Р302			2	59
Р299			1	57
Р336			1	119
Р329			1	12
Р317			2	105
Р333			1	8
Р335			1	3
Р328			1	2
Р322			1	23
Р326			1	27
Р359			1	70
Р164			5	6
Р332			1	8
126	Колекція метричних книг церков Луганської (Ворошиловградської) області	1787-1927	45	2799
Р22			1	21
Р27			1	38
Р21			1	10
Р200			1	198
Р68			1	21
Р59			2	124
Р50			1	1
Р64			1	120
Р149			1	13
Р217			1	236
Р212			1	120
Р20			1	1
Р226			1	208
Р221			1	245
Р211			1	1
Р263			2	334
3	Луганський патронний завод Головного артилерійського управління, м. Луганськ Слов'яносербського повіту Катеринославської губернії		1	1
54	Архангельсько-Михайлівської церкви с. Оленівка Слов'яносербського повіту Катеринославської губернії		1	1
62	Слов'яносербське повітове казначейство, м. Луганськ Слов'яносербського повіту Катеринославської губернії		2	11
189	Успенська церква Харківської духовної консисторії слободи Нижня Покровка Старобільського повіту Харківської губернії		1	1
2С	Митрофанівська церква Катеринославської Духовної Консисторії села Лисичанськ Лисичанської волості Бахмутського повіту Катеринославської губернії		1	2
3С	Церква Іоанна Предтечі Катеринославської Духовної Консисторії села Вище Лисичанської волості Бахмутського повіту Катеринославської губернії		1	1
Р693	Фонд Р-693		1	2
Р360			1	306
Р390			1	5
378			1	1
346			1	1
368			1	1
338			1	1
333			1	1
424			1	1
1	Луганський казенний чавуноливарний завод Головного управління гірничих та соляних справ, селище Луганський завод Слов'яносербського повіту Катеринославської губернії		0	0
10	Селезньовське товариство кам'яновугільної заводської промисловості, ст. Овраги, Слов'яносербського повіту, Донецької губернії		0	0
100	Старобільська повітова земська управа, місто Старобільськ Старобільського повіту Харківської губернії		0	0
101	Товариство штампувальних та емалювальних заводів анонімного товариства Луганських емалювальних заводів, місто Луганськ Слов'яносербського повіту Катеринославської губернії		0	0
103	Колекція карт		0	0
105	Старобільське повітове поліцейське управління, місто Старобільськ Старобільського повіту Харківської губернії		0	0
106	Колекція карт по Бахмутському, Слов'яносербському, Старобільському повітам		0	0
107	Старобільське повітове училище, місто Старобільськ Старобільського повіту Харківської губернії		0	0
108	Товариство Донецьких металевих заводів Єкатеринославського товариства заводників та фабрикантів, м. Луганськ, Слов'яносербського повіту Єкатеринославської губернії		0	0
109	Луганська торгова школа, м. Луганськ, Слов'яносербського повіту Єкатеринославської губернії		0	0
11	Орлово-Єленовські та Каменські кам'яновугільні копі, акціонерного товариства Криворіжських залізних руд, сел. Лозова-Павлівка, Слов'яносербського повіту, Донецької губернії		0	0
110	Луганське комерційне товариство взаємного кредита, м. Луганськ, Слов'яносербського повіту Єкатеринославської губернії		0	0
111	Покровська церква, с. НовоСвітлівка, Ново-Світлівського району, Луганського району Донецької області		0	0
113	Каменсько-Старобільське почтове відділення, с. Каменка, Старобільського повіту, Донецької губернії		0	0
114	Попаснянська почтовотелеграфна контора, сел. Попасне, Бахмутського повіту, Єкатеринославської губернії		0	0
115	Товариство "Должанський антрацитовий рудник Галіцина і Тищенко" ст. Должанська області Війська Донського		0	0
116	Луганська нотаріальна контора Губина, Слов'яносербського повіту Єкатеринославської губернії		0	0
117	Кадіївський завод побочних продуктів Южно-Російського Дніпровського металургійного товариства, сел. Кадіївка, Слов'яносербського повіту Єкатеринославської губернії		0	0
118	Донецько-Юр'ївське товариство взаємного кредиту, сел. Юр'ївка, Слов'яносербського повіту, Єкатеринославської губернії		0	0
119	Товариство взаємного кредиту Слов'яносербського повітового земства (Місце знаходження не встановлено)		0	0
38	Луганська приватна жіноча гімназія Е.К. Локтюшовой, м. Луганськ, Слов'яносербського повіту, Єкатеринославської губернії		0	0
12	Товариство Петро-Мар'ївських та Варваропольських об'єднань кам'яновугільних копій, сел. Варваропілля, Слов'яносербського повіту, Донецької губернії		0	0
120	Лозово-Павлівське товариство взаємного кредиту, сел. Лозова Павлівка, Слов'яносербського повтіу, Єкатеринославської губернії		0	0
121	Николо-Анненське акціонерне товариство антрацитових копій в Донецькому бесейні		0	0
122	Біловське кредитне товариство, с. Біле, Біловської волості, Слов'яносербського повтіу, Єкатеринославської губернії		0	0
123	Товарищ прокурора по Слов'яносербській ділянці, Єкатеринославського окружного суду, м. Луганськ Слов'яносербського повіту, Єкатеринославської губернії		0	0
124	Алексопольський городничий, Єкатеринославського наместничества, м. Алексополь, Алексопольського повіту, Єкатеринославської губерні		0	0
125	Єлізаветівське сільське управління Александровського волосного правління, с. Єлізаветівка, Александровскої волості, Слов'яносербського повіту, Єкатеринославської губернії		0	0
127	Колекція тор староєврейських сувоїв		0	0
13	Рудник товариства Прохоровської трьохгірної мануфактури, сел. Сніжне Слов'яносербського повіту Єкатеринославської губернії		0	0
14	Ірмінське кам'яновугільне товариство, сел. Варваропілля, Слов'яносербського повіту, Єкатеринославської губернії		0	0
15	Акціонерне товариство Брянських кам'яновугільних копій та рудників, АлмазноМар'ївського району, сел. Брянка, Слов'яносербського повіту, Єкатеринославської губернії		0	0
16	Должанський антрацитовий рудник княгині З.Н. Юсуповоїграфині Сумарокової-Ельстон, Должанка, Таганрозьського округу, області Війська Донського		0	0
18	Аннєнські кам'яновугільні рудники Южно-Російського Дніпровського металугрійного товариства, ст. Ломоватка, Слов'яносербського повіту, Єкатеринославської губернії		0	0
19	Голубівський рудник Голубівського БерестовоБогодухівського горнопромислового товариства, сел. Мар'ївка, Слов'яносербського повіту, Єкатеринославської губернії		0	0
20	Максимовські копі Южно-Російського Дніпровського металургійного товариства м. Кадіївка, Слов'яносербського повіту Донецької губернії		0	0
21	Лідіївські рудники юноруського Дніпровського металургійного товариства, сел. Лідіївка, Слов'яносербського повіту Єкатеринославської губернії		0	0
22	Товариство Боковських антрацитових рудників Д.Г. Красельщика і Є.Є. Шарапова, ст. Антрацит, Єкатеринославської залізної дороги, сел. Малокрепінський, області Війська Донського		0	0
23	Стефанівські рудники анонімного товариства "Російський антрацит", сел. Антрацит, Слов'яносербського повіту, Донецької губернії		0	0
24	Антрацитові рудники М.Н. Вагнер		0	0
25	Фоміновський антрацитовий рудник П.С. Яковлева і Іщенко, станція Антрацит, Єкатеринославської залізної дороги (Донецької губернії)		0	0
27	Товариство Луганської Мануфактури, м. Луганськ, Слов'яносербського повіту, Єкатеринославської губернії		0	0
29	Податний інспектор 1-ої дільниці Слов'яносербського повіту, Єкатеринославської губернії, м. Луганськ		0	0
31	Криндачівська поштовотелеграфна контора, сел. Криндачівка, області Війська Донського		0	0
33	Луганське відділення АзовоДонського комерційного банка, м. Луганськ, Слов'яносербського повіту, Єкатеринославської губернії		0	0
34	Радомське відділення державного банка, м. Луганськ, Слов'яносербського повіту, Єкатеринославської губернії		0	0
37	Почтово-телеграфна державна зберігательна каса, м. Луганськ, Слов'яносербського повіту, Єкатеринославської губернії		0	0
4	Кадіївські кам'яно-вугільні копальні та металургійний завод Південно-Російського Дніпропетровського металургійного товариства, м. Кадіївка Слов'яносербського повіту Катеринославської губернії		0	0
41	Приватна жіноча гімназія Р.Н. Воскресенськой, м. Луганськ, Слов'яносербського повіту, Єкатеринославської губернії		0	0
42	Луганська жіноча гімназія, м. Луганськ, Слов'яносербського повіту, Єкатеринославської губернії		0	0
43	Луганська приватна жіноча гімназія Е.М. Чвалинской, м. Луганськ, Слов'яносербського повіту, Єкатеринославської губернії		0	0
45	Соборно-Миколаївська церква, м. Луганськ, Слов'яносербського повіту, Єкатеринославської губернії		0	0
48	Казанська церква, м. Луганськ, Слов'яносербського повіту, Єкатеринославської губернії		0	0
49	Олександро-Свірська церква, с. Кам'янка, Слов'яносербського повіту, Єкатеринославської губернії		0	0
5	Ольховський чугуноплавильний завод, акціонерного товариства доменних пічей і фабрик на Ольховці, с. Успенка, Слов'яносербського повіту, Єкатеринославської губернії		0	0
52	Покровська церква, село Біле, Слов'яносербського повіту, Єкатеринославської губернії		0	0
55	Георгіївська церква, с. Вергунка, Слов'яносербського повіту, Єкатеринославської губернії		0	0
6	Інспекція дрібного кредиту Харьковської контори державного банка, м. Луганськ, Слов'яносербського повіту, Єкатеринославської губернії		0	0
60	Луганська міська управа, м. Луганськ Слов'яносербський повіт Катеринославської губернії		0	0
67	Донецький завод "Русскокраска" Російського акціонерного товариства хімічної промисловості 1914 року "Русскокраска", станція Рубіжна Старобільського повіту Харьковської губернії		0	0
69	Введенська церква, село Церковне Слов'яносербського повіту Катеринославської губернії		0	0
7	Юр'ївський металургійний завод, Донецько-Юр'ївського металургійного товариства, пос. Юр'ївка, Слов'яносербського повіту, Єкатеринославської губернії		0	0
9	Трубопрокатні заводи торгового будинку "К.К. Попова та К", м. Луганськ, Слов'яносербського повіту, Донецької губернії		0	0
92	Старобільський повітовий суд, місто Старобільськ Старобільського повіту Харківської губернії		0	0
93	Тимоновське поштовотелеграфне відділення, селище Тимонове Старобільського повіту Харківської губернії		0	0
94	Колядовське поштовотелеграфне відділення, село Колядівка Старобільського повіту Харківської губернії		0	0
95	Ново-Россошанське поштове відділення, село Ново-Россошь Старобільського повіту Харківської губернії		0	0
97	Управління Старобільського повітового військового начальника, місто Старобільськ Старобільськго повіту Харківської губернії		0	0
98	Управління Слов'яносербського повітового військового начальника, місто Луганськ Слов'яносербського повіту Катеринославської губернії		0	0
99	Сватівська агентура товариства споживчих товариств півдня Росії, слобода Сватово Старобільського повіту Харківської губернії		0	0
Р1162	Старобільський окружний суд, м. Старобільськ Старобільської округи		0	0
Р1164	Управління Старобільської повітової робітничої селянської міліції, м. Старобільськ Старобільського повіту Донецької губернії		0	0
Р1168	Адміністративний відділ Старобільського окружного виконавчого комітету Ради робітничо-селянських та червоноармійських депутатів, м. Старобільськ Старобільська округа		0	0
Р1186	ДАЛуО. Фонд Р-1186		0	0
Р3778	Колекція книг державної реєстрації актів цивільного стану відділів державної реєстрації актів цивільного стану Луганської області		4	0
