kind,level,ref,detail
sequence-gap,fund,ДАЧгО,"8598 missing in 8..9082: 9,12-14,18,21-22,24-38,42-46,48-49,52-59,61,64,66,68,70-71,73,77-82,84-85,87,89,91-100,102-105,…"
sequence-gap,description,ДАЧгО-127,"921 missing in 1..1015: 8,43,45,47,49,53-54,57,60,66-74,77-78,80,82-87,89,91,93-94,101,118-131,133-145,147-151,153-162,…"
sequence-gap,description,ДАЧгО-128,"45 missing in 1..48: 2,4-47"
sequence-gap,description,ДАЧгО-366,1 missing in 1..4: 2
sequence-gap,description,ДАЧгО-133,1 missing in 1..5: 3
sequence-gap,description,ДАЧгО-433,1 missing in 1..4: 2
sequence-gap,description,ДАЧгО-Р651,"16 missing in 1..23: 2,7-20,22"
sequence-gap,description,ДАЧгО-П470,"8 missing in 2..16: 3,6-11,14"
sequence-gap,description,ДАЧгО-9016,"2 missing in 1..6: 3,5"
sequence-gap,description,ДАЧгО-Р647,"25 missing in 2..29: 3-6,8-28"
sequence-gap,description,ДАЧгО-712,3 missing in 1..7: 4-6
sequence-gap,description,ДАЧгО-151,1 missing in 1..5: 2
sequence-gap,description,ДАЧгО-179,"22 missing in 1..34: 4-22,27,29,33"
sequence-gap,description,ДАЧгО-Р5036,"8 missing in 2..14: 4-5,7-11,13"
sequence-gap,case,ДАЧгО-128-1,"14055 missing in 144..14383: 145-570,572-628,630-759,761-774,776-830,832,834-852,854-865,867-943,945-1054,1056-1063,1065-1114,1116-1411,1413-1417,1419-1522,1524-1583,1585-1882,1884-1906,1908-1986,1988-2192,…"
sequence-gap,case,ДАЧгО-152-1,"134 missing in 8..199: 11-12,14-18,22-38,40-45,47-52,55-59,61-74,77-78,83-85,87-90,95-97,101-105,107,109,111-122,124-127,130,132-138,141-143,145,…"
sequence-gap,case,ДАЧгО-206-1,1 missing in 1..99: 68
sequence-gap,case,ДАЧгО-1430-1,"464 missing in 1..586: 30,34,42-50,122,127-308,310-579"
sequence-gap,case,ДАЧгО-127-92А,"470 missing in 5..520: 6-21,23-53,56-77,79-91,93,95-100,102-107,109-130,132-135,137-142,144-152,154-158,161,163-164,166-169,171-175,177-186,188-189,192-207,209-220,…"
sequence-gap,case,ДАЧгО-127-100А,"119 missing in 29..160: 31-37,39-74,77-108,110-111,113-126,128-134,136-139,141,143-146,148-159"
sequence-gap,case,ДАЧгО-127-102А,"144 missing in 11..164: 12-57,59-70,72-77,79-81,83,85-127,129-157,159,161-163"
sequence-gap,case,ДАЧгО-127-14,"4202 missing in 10..4335: 11-179,181-221,223-277,279-418,420-536,538,540-552,554-601,603-644,646-723,725-760,762-909,911-929,931-983,985-1138,1140-1305,1307-1475,1477-1512,1514-1757,1759-2059,…"
sequence-gap,case,ДАЧгО-127-2А,"4172 missing in 29..4217: 30-44,46-88,90-112,114-156,158-170,172-448,450-476,478-565,567-593,595-662,664-733,735-744,746-2469,2471-2536,2538-3672,3674-4216"
sequence-gap,case,ДАЧгО-127-1,"19711 missing in 88..19956: 89-179,181-187,189-196,198-320,322-348,350-367,369-582,584-601,603-648,650-2390,2392-3552,3554-3701,3703-3714,3716-3965,3967-3998,4000-4100,4102-4158,4160-4305,4307-4603,4605-4694,…"
sequence-gap,case,ДАЧгО-127-63А,"113 missing in 11..135: 12-31,33-35,37,39,42-57,59-103,106-107,109-124,126-134"
sequence-gap,case,ДАЧгО-127-99А,"280 missing in 23..323: 25-35,38-47,50-95,97-107,109-147,149-162,164-203,205-209,211-220,222-238,240-244,246-252,254-288,290-296,298-314,316-319,321-322"
sequence-gap,case,ДАЧгО-127-110А,"181 missing in 19..223: 20-26,28,30-44,46-49,51-60,62,64-73,75-81,83-92,94-104,106-134,136-140,142,144-160,164-171,173-183,185-187,189-190,192-196,198-210,…"
sequence-gap,case,ДАЧгО-127-112А,"176 missing in 3..191: 4-19,21-46,48-52,54-56,58,60,64-108,110-120,122-130,132-190"
sequence-gap,case,ДАЧгО-127-13А,"4971 missing in 71..5230: 72-98,100-108,110-269,271-508,510-555,557-601,603-670,672-758,760-768,770-828,830-836,839-975,977-1002,1004-1009,1011-1120,1122-1164,1166-1187,1190-1193,1195-1206,1209-1229,…"
sequence-gap,case,ДАЧгО-127-115А,"218 missing in 2..231: 3-45,47-55,57-60,62-65,67-74,76-115,117-126,128,130-132,134-202,204-230"
sequence-gap,case,ДАЧгО-127-62А,"250 missing in 41..310: 42-202,204-214,216-219,223-232,234-239,241-245,247-255,257-262,264-275,277-287,289-290,292-293,296,298-299,301-306,308-309"
sequence-gap,case,ДАЧгО-127-24А,"526 missing in 130..665: 131-172,174-378,380-418,420-462,465-529,531-554,556-663"
sequence-gap,case,ДАЧгО-127-32Б,"239 missing in 67..323: 68-79,81-86,88-107,109-111,113-128,131,133-144,146-148,151-172,174-176,178-206,208-223,225-237,239-243,245-322"
sequence-gap,case,ДАЧгО-127-107А,"135 missing in 8..162: 9,11-12,14-17,19-25,27,29,32-37,39-48,50-81,84-92,94-105,108-116,118-124,126-143,146-161"
sequence-gap,case,ДАЧгО-127-12,"1375 missing in 50..1439: 51-220,222-247,249-629,631-728,730-737,744-918,920-921,923-1224,1226-1438"
sequence-gap,case,ДАЧгО-127-20Б,"156 missing in 43..213: 44-53,55-62,64-65,67-76,78-88,90-102,104,106,108-127,129-149,151-164,166-180,182-193,195-212"
sequence-gap,case,ДАЧгО-127-21,"2522 missing in 163..2696: 164-167,169-355,357-654,656-676,678-679,681-688,690-979,981-1062,1064-1973,1975-2087,2089-2695"
sequence-gap,case,ДАЧгО-127-11,"2322 missing in 40..2376: 41-228,230-556,558-780,782-834,836-1170,1172-1534,1536-1560,1562-1717,1719-1753,1755-1953,1955-2362,2364,2366-2369,2371-2375"
sequence-gap,case,ДАЧгО-127-10,"3055 missing in 21..3205: 22-159,161,163-172,174-176,178-326,328,330-342,344-352,354-440,442-493,495-550,552-559,562-563,565-570,572-612,614-671,673-679,681-682,684,686-689,…"
sequence-gap,case,ДАЧгО-127-5А,"2481 missing in 6..2496: 7-163,165-344,346-429,431-432,434-769,771-885,887-2107,2109-2338,2340-2495"
sequence-gap,case,ДАЧгО-127-5,"2324 missing in 14..2412: 15-38,41-78,81-124,126-177,179-228,230-235,237-266,268-271,273-304,306-366,368-404,407-414,416-487,489-490,492-493,495-543,545-606,608-631,633-643,645-684,…"
sequence-gap,case,ДАЧгО-127-31Б,"245 missing in 20..275: 21-81,83-105,107-122,124-143,145-169,171-195,197-201,203-208,210-219,221-274"
sequence-gap,case,ДАЧгО-127-64А,"226 missing in 10..276: 13,16-21,24-29,31-34,37-38,40-41,43-46,48-52,54-58,61-63,65-67,70-75,77-90,93-97,99-121,123-126,130-133,135-138,141-167,169-174,…"
sequence-gap,case,ДАЧгО-127-105А,"161 missing in 21..197: 22-24,26-29,32-51,53-60,63-71,73-84,86-123,125-129,131-136,138-145,147-168,170-185,187-196"
sequence-gap,case,ДАЧгО-127-95А,"193 missing in 11..225: 12-30,32-51,53,55-56,60-62,64,67-76,79-95,97-107,109-111,113-131,133-146,149-152,154-194,196-202,204-224"
sequence-gap,case,ДАЧгО-127-103А,"123 missing in 1..134: 2,4-20,22-32,34-36,38,40-85,87-104,106-126,128-129,131-133"
sequence-gap,case,ДАЧгО-127-96А,"168 missing in 6..187: 7-47,49-62,64-68,70-84,86-92,94-99,101-125,127-130,132-134,136-139,141-166,168-175,177-186"
sequence-gap,case,ДАЧгО-127-98А,"95 missing in 9..114: 10-32,34-37,39-48,50-56,59-74,76-80,82-88,90-110,112-113"
sequence-gap,case,ДАЧгО-127-113А,"200 missing in 28..241: 29-36,38-45,47-62,65-67,69,71-79,81-94,96-104,106-112,114-128,130-169,171-240"
sequence-gap,case,ДАЧгО-127-111А,"98 missing in 10..119: 11-20,22-45,47-56,58,60-65,67-72,74-81,83-91,93-98,100-104,106-118"
sequence-gap,case,ДАЧгО-1475-1,1 missing in 1..50: 40
sequence-gap,case,ДАЧгО-Р4609-1,1 missing in 1..7119: 2317
sequence-gap,case,ДАЧгО-1415-1,"131 missing in 1..504: 38,137-141,143,145-151,223,234-250,261-265,290,294-298,318-319,363-364,368-373,385,387,405-416,419-421,424-436,452,457-503"
sequence-gap,case,ДАЧгО-1249-1,"224 missing in 1..463: 2,12-115,123,128,151-165,167-169,171-179,182-187,189-203,211-214,232,234-263,267,276,285,290,292,300,302,305,…"
sequence-gap,case,ДАЧгО-467-1,1 missing in 1..176: 160
sequence-gap,case,ДАЧгО-469-1,"8 missing in 1..103: 30,43,50,55-56,58,62,64"
sequence-gap,case,ДАЧгО-83-1,"9 missing in 1..27: 9,12,14,19-20,22-25"
sequence-gap,case,ДАЧгО-86-1,"19 missing in 1..32: 8,10-17,19-22,24-27,29-30"
sequence-gap,case,ДАЧгО-101-1,"4027 missing in 48..4115: 49-383,385-393,395-417,419-1130,1132-1152,1154-1164,1166-1189,1191-1263,1265-1275,1278-1379,1381-1566,1568-1582,1584-1679,1682-1850,1856-1864,1866,1868-1877,1879-1891,1893-1911,1913-1923,…"
sequence-gap,case,ДАЧгО-136-1,"31 missing in 9..50: 10-14,16-24,26,28-33,35-41,43-44,49"
sequence-gap,case,ДАЧгО-138-1,"33 missing in 2..54: 3,6-11,13,16-20,24-31,33-41,51-53"
sequence-gap,case,ДАЧгО-143-1,"574 missing in 3..624: 4-24,26-49,51-54,56-82,84-122,124-129,131,133-136,138-148,150-154,156-168,170-175,177-178,180-186,188-191,193-207,209-221,224-226,228-236,238-261,…"
sequence-gap,case,ДАЧгО-147-1,"1652 missing in 569..2234: 570-1643,1645-1658,1660-2177,2183-2185,2187-2190,2192-2218,2220-2225,2227-2232"
sequence-gap,case,ДАЧгО-176-1,"430 missing in 29..468: 30-65,67,69-94,97,99-279,281-343,345-399,401-467"
sequence-gap,case,ДАЧгО-179-1,"335 missing in 31..377: 33-75,77-111,113-234,236-289,291-312,314-315,317-327,329-338,340-357,359-376"
sequence-gap,case,ДАЧгО-179-1А,"1492 missing in 14..1515: 15-81,83-138,140-334,336-449,451-597,599-899,901-1109,1111-1185,1187-1514"
sequence-gap,case,ДАЧгО-133-1,"12 missing in 1..395: 22,39,83,93,109-110,159,310-311,316-317,387"
sequence-gap,case,ДАЧгО-133-2,"11 missing in 1..21: 6-7,9-11,13-14,16-19"
sequence-gap,case,ДАЧгО-622-1,"3923 missing in 1089..5021: 1090-1182,1184-1641,1643-2072,2074-3669,3671-3999,4001-4113,4115-4265,4267-4589,4591-5020"
sequence-gap,case,ДАЧгО-675-1,1 missing in 1..23: 21
sequence-gap,case,ДАЧгО-678-1,"110 missing in 2..126: 3,5-42,44-90,93-97,100-105,107-110,112-113,116-119,122-123,125"
sequence-gap,case,ДАЧгО-712-1,"251 missing in 1..311: 2-5,7-19,21-26,28-63,65-97,99-121,123-154,156,158-167,169-170,172-178,181,183-199,242-254,256-258,260-276,278-310"
sequence-gap,case,ДАЧгО-1002-1,"2 missing in 1..15: 6,11"
sequence-gap,case,ДАЧгО-1011-1,"64 missing in 1..131: 25-32,46-62,78,81-83,94-118,120-124,126-130"
sequence-gap,case,ДАЧгО-1120-1,"924 missing in 133..1071: 134-255,257-389,391-491,493-627,629-634,636-777,779-795,797,799-811,813-855,857,859-903,905-1008,1010-1070"
sequence-gap,case,ДАЧгО-1207-1,"1441 missing in 118..1568: 119-266,268-296,298-342,344-393,395-499,501-504,506-620,622-1004,1006-1567"
sequence-gap,case,ДАЧгО-1441-1,4 missing in 2..16: 12-15
sequence-gap,case,ДАЧгО-1486-1,"853 missing in 74..978: 75-231,233-234,236,238,240-262,264-287,289-311,315-336,338-475,477-605,607-663,665-708,710-744,761-762,765,771-790,792-798,800-803,805-830,832-857,…"
sequence-gap,case,ДАЧгО-9051-1,"10 missing in 1..32: 11,13,15,19-22,27-28,30"
sequence-gap,case,ДАЧгО-9057-1,"21 missing in 12..44: 13-16,18-19,21-22,25-26,28-33,36,38-39,42-43"
sequence-gap,case,ДАЧгО-Р1043-1,"834 missing in 30..877: 31-61,63-165,167-262,264-268,270-323,325-361,363-388,390-418,420-568,570-614,616-660,662-791,793-876"
sequence-gap,case,ДАЧгО-Р122-1,7 missing in 27..43: 36-42
sequence-gap,case,ДАЧгО-Р1236-1,"69 missing in 2..89: 3-4,7,9-11,13-14,16-37,39-54,56,58-78,88"
sequence-gap,case,ДАЧгО-Р1308-1,"43 missing in 1..88: 3,5-13,15,17-39,42,57,59,68,73-74,76-77,86"
sequence-gap,case,ДАЧгО-Р1310-1,"19 missing in 1..102: 66-71,73-75,77-80,95-100"
sequence-gap,case,ДАЧгО-Р1375-1,"11 missing in 5..37: 6-11,13-15,19-20"
sequence-gap,case,ДАЧгО-Р1376-1,"52 missing in 1..67: 2-35,40-41,44-48,50-51,53-54,56,58-62,66"
sequence-gap,case,ДАЧгО-Р1376-3,"81 missing in 3..109: 6-9,11-12,15-24,26-28,30-31,33-36,38,40-51,53-55,57,59-63,65,67-71,73-76,78,80-82,87,90-108"
junk-code,case,ДАЧгО-Р1376-8/1ФОТОАЛЬБОМ,"irregular shape, migrated as ""1ФОТОАЛЬБОМ"""
junk-code,case,ДАЧгО-Р1376-8/2ФОТОАЛЬБОМ,"irregular shape, migrated as ""2ФОТОАЛЬБОМ"""
junk-code,case,ДАЧгО-Р1376-8/3ФОТОАЛЬБОМ,"irregular shape, migrated as ""3ФОТОАЛЬБОМ"""
junk-code,case,ДАЧгО-Р1376-8/5ФОТОАЛЬБОМ,"irregular shape, migrated as ""5ФОТОАЛЬБОМ"""
junk-code,case,ДАЧгО-Р1376-8/8ФОТОАЛЬБОМ,"irregular shape, migrated as ""8ФОТОАЛЬБОМ"""
sequence-gap,case,ДАЧгО-Р1376-8,2 missing in 1..9: 6-7
sequence-gap,case,ДАЧгО-Р1397-1,"12 missing in 1..22: 3-4,7-8,10-12,14-15,17-18,20"
junk-code,case,ДАЧгО-Р1495-1/115ЩОДЕННИК,"irregular shape, migrated as ""115ЩОДЕННИК"""
sequence-gap,case,ДАЧгО-Р1495-1,"100 missing in 1..115: 2-9,11-18,20-78,80,82-84,86-89,91-100,108-114"
sequence-gap,case,ДАЧгО-Р1509-1,"4 missing in 1..14: 7,9,11-12"
sequence-gap,case,ДАЧгО-Р1509-3,2 missing in 1..21: 8-9
sequence-gap,case,ДАЧгО-Р1561-1,"7 missing in 1..33: 8,11,14-15,19,24,27"
sequence-gap,case,ДАЧгО-Р2124-1,"29 missing in 1..71: 7,19-22,24-34,36-46,49,59"
sequence-gap,case,ДАЧгО-Р2127-1,"353 missing in 1..367: 6-143,145-199,201-211,213-224,226-302,304-328,330,332-365"
sequence-gap,case,ДАЧгО-Р2350-1,"14 missing in 1..28: 2-4,6-7,13-14,16-18,22,25-27"
sequence-gap,case,ДАЧгО-Р330-4,"19 missing in 4..265: 7,16-18,24-27,50,54,180-188"
sequence-gap,case,ДАЧгО-Р442-1,"623 missing in 1..641: 10,12-13,17-18,23-640"
sequence-gap,case,ДАЧгО-Р442-4,"5 missing in 1..93: 20,61,90-92"
sequence-gap,case,ДАЧгО-Р5036-2,"2459 missing in 47..2517: 48-563,565-1349,1351-1374,1376-1987,1989-2001,2003-2205,2207-2426,2429-2451,2453-2490,2492-2516"
sequence-gap,case,ДАЧгО-Р5865-1,"100 missing in 7..116: 8-17,20-26,28-29,31,33,35-61,63-73,75-115"
sequence-gap,case,ДАЧгО-Р593-1,"1406 missing in 16..1431: 17-34,36-51,53-321,323-437,439-706,708-734,736-774,776-1004,1006-1430"
sequence-gap,case,ДАЧгО-Р608-1,"102 missing in 997..5314: 3007,4626,4741,4744,4755,4757-4759,4766,4771,4774,4776,4786-4787,4796,4799-4801,4844,4848-4849,4854,4865,4867,4873,4879,…"
sequence-gap,case,ДАЧгО-Р651-1,"2757 missing in 166..2935: 167-381,383-402,404-494,496-793,795-1355,1357-1375,1377-1475,1477-1569,1571-1607,1609-1877,1879-2859,2861-2934"
sequence-gap,case,ДАЧгО-Р651-3,1 missing in 1..70: 23
sequence-gap,case,ДАЧгО-Р651-4,"19 missing in 9..38: 10,12-14,16,18-26,29-33"
sequence-gap,case,ДАЧгО-Р651-6,"3 missing in 1..17: 6,8,10"
sequence-gap,case,ДАЧгО-Р8842-1,"41 missing in 1..67: 7-9,16,20-25,27-31,34,36,38-42,44,46-48,50-56,59-66"
sequence-gap,case,ДАЧгО-Р90-3,"549 missing in 1..611: 3-4,7-10,16-17,20-47,54-63,73-75,78-79,89-90,96-102,110-153,165-541,543-610"
sequence-gap,case,ДАЧгО-Р9022-1,1 missing in 1..450: 421
sequence-gap,case,ДАЧгО-Р942-1,"6537 missing in 4..7277: 9-19,22-60,62-69,71-151,153-171,173-209,211-231,233-329,949,955-966,970,990-998,1009-1022,1034-1035,1041-1677,1679-1719,1722-1827,1829-1881,1883-2033,2035-2042,…"
sequence-gap,case,ДАЧгО-П1161-1,"402 missing in 2..416: 3-20,22-75,77-88,90-113,115-132,134-138,140-164,166-192,194-412"
sequence-gap,case,ДАЧгО-1271-1,"5 missing in 2..49: 4,37-40"
sequence-gap,case,ДАЧгО-1304-1,"27 missing in 1..281: 16,26,54-56,64,70-71,143-148,194,206,212-216,236,241,275-278"
sequence-gap,case,ДАЧгО-1429-1,4 missing in 1..36: 15-18
sequence-gap,case,ДАЧгО-1449-1,1 missing in 5..33: 7
sequence-gap,case,ДАЧгО-1454-1,"16 missing in 57..129: 68-73,84-87,98-101,105,111"
sequence-gap,case,ДАЧгО-1458-1,"524 missing in 1..1068: 13-136,138-213,227-229,248,252,271-274,309,318-320,323-335,355-483,496,498-503,525,527-528,540-547,551-565,575,580-588,615-616,640-664,…"
sequence-gap,case,ДАЧгО-146-1,4 missing in 1..15: 11-14
sequence-gap,case,ДАЧгО-Р9042-1,1 missing in 1..57: 47
sequence-gap,case,ДАЧгО-239-2,"9490 missing in 357..9872: 358-492,494-1194,1196-1417,1419-1451,1453-1508,1510-1744,1746-1801,1803-2250,2252-2354,2356-3006,3008-3545,3547-3849,3851-3894,3896-4801,4803-5164,5166-5728,5730-5859,5861-6705,6707-7508,7510-7711,…"
sequence-gap,case,ДАЧгО-239-6,"1185 missing in 2..1199: 4-26,29,31-167,169-300,302-408,410-975,977-1003,1005-1122,1124-1161,1163-1198"
sequence-gap,case,ДАЧгО-674-1,"39 missing in 1..108: 62-65,67,69-78,80-84,86-88,90-93,95-102,104-107"
sequence-gap,case,ДАЧгО-674-3,"43 missing in 3..55: 4,6-10,12-13,15-18,21-23,25-32,34-41,43-54"
sequence-gap,case,ДАЧгО-Р4533-1,"60 missing in 1..97: 19,31-37,39,41-55,58-90,94-96"
sequence-gap,case,ДАЧгО-Р8840-1,"56209 missing in 304..56553: 305-370,372-609,611-6564,6566-6567,6569-6586,6588-6606,6608-6833,6835-7961,7963-9045,9047-9664,9666-10593,10595-12644,12646-15283,15285-17082,17084-18073,18075-18149,18151-18423,18425-19144,19146-20429,20431-23276,…"
sequence-gap,case,ДАЧгО-Р8840-3,"11891 missing in 67..12452: 68-71,73-98,100-211,213-313,315-333,335-380,382-406,408-421,423-451,453-499,501-655,657-737,739-816,818-869,871-945,947-1012,1014-1032,1034-1106,1108-1116,1118-1123,…"
sequence-gap,case,ДАЧгО-145-1,"1084 missing in 21..1173: 22-37,39-44,47-59,61-63,65,68-82,85-88,90-91,93-160,162,164-168,172-177,180-181,183-186,188,190-211,214-243,245-257,260-266,273-276,…"
sequence-gap,case,ДАЧгО-145-2,"1494 missing in 13..1546: 14-37,39-141,143-181,183-214,216-227,229-431,433-677,679-754,756-785,787-873,875-954,956-957,960-971,973-974,978-982,985-1081,1084-1123,1125-1193,1195-1250,1252,…"
sequence-gap,case,ДАЧгО-145-3,"2543 missing in 38..2671: 39-46,48-133,135-284,286-338,340-365,367-370,372-411,413-440,442-636,638-851,853-961,963-964,966-1049,1051-1073,1075-1129,1131-1219,1221-1374,1376-1378,1380-1490,1492-1497,…"
sequence-gap,case,ДАЧгО-132-1,"753 missing in 2..1344: 3-36,38-80,82-102,104-109,111,113-133,135,137-147,150-153,155-178,187-200,203-213,215-274,278-293,295-340,343-350,353-356,358-365,367-376,378-381,…"
sequence-gap,case,ДАЧгО-132-2,"320 missing in 2..354: 3-20,22-31,33-34,36-53,55-59,61-64,66,68-79,82-112,114-128,130-131,133-137,139-140,142,144,146-149,151-166,169-205,207-241,243-244,…"
sequence-gap,case,ДАЧгО-679-19,"342 missing in 25..461: 27,34-70,107-178,180-201,203-241,263-309,311-434"
sequence-gap,case,ДАЧгО-679-1,423 missing in 1..2042: 1619-2041
sequence-gap,case,ДАЧгО-679-3,32 missing in 1..998: 966-997
sequence-gap,case,ДАЧгО-679-4,"1184 missing in 2..1686: 3-6,8-15,17-20,23-28,30,33,35,38,41-44,47-50,54-60,63-72,74-96,98-108,110-112,117,120-121,123-136,138-142,147-154,…"
sequence-gap,case,ДАЧгО-679-7,95 missing in 1..125: 30-124
sequence-gap,case,ДАЧгО-679-9,"53 missing in 1..76: 6-8,10,12,15-16,18-20,22-24,29-32,34,36,39-43,45-46,48-65,67-75"
sequence-gap,case,ДАЧгО-679-10,"42 missing in 1..4014: 2235,2295,2316,2351,2422,2482,2503,2510,2512,2524,2648,2718,2747,2774,2781,2791,2796,2798-2799,2804,2811,…"
sequence-gap,case,ДАЧгО-679-12,"842 missing in 1..1155: 8,10,13,15,17-38,40-43,45-53,55,57,59-60,63-64,66-69,71-72,75-113,120-122,124-130,132-134,140-145,148-149,160-184,…"
sequence-gap,case,ДАЧгО-679-14,"531 missing in 1..1202: 3,5,7-48,55,86,89,108-109,141,210,213,225,262-278,280-304,312,384,387,431,438,567-568,614,…"
sequence-gap,case,ДАЧгО-679-15,"202 missing in 1..236: 16,26,35-99,101-235"
sequence-gap,case,ДАЧгО-679-18,"376 missing in 82..515: 83-361,363-369,371-407,409,412-413,415-418,420-423,432,436-462,491-504"
sequence-gap,case,ДАЧгО-805-1,"423 missing in 3..477: 4-151,160-316,319,321-359,375,377-378,380-382,384-389,392-396,398-399,413-436,438-443,445-460,462-468,471-476"
sequence-gap,case,ДАЧгО-1462-2,"48 missing in 1..91: 2-4,7-29,31,33,35-50,56,59,71,74"
sequence-gap,case,ДАЧгО-1462-1,"586 missing in 1..15527: 1218,1233,2616,3154,3156,3176,3182,4566,5033-5135,5199-5250,5252-5296,5298-5319,5378,5388,5470-5478,5560-5571,5583,5651-5652,5654-5660,5692,…"
sequence-gap,case,ДАЧгО-1530-2,"948 missing in 1..1450: 184,204,209,322,326-412,439-441,450-470,472-495,497,504-526,529-550,561-586,589-639,665-720,724,726-746,748-763,765-767,769-771,773,…"
sequence-gap,case,ДАЧгО-1530-1,"1363 missing in 1..1444: 33-36,42-66,74-76,78,101-110,117-195,197-200,202-205,207-333,335-353,355-378,381-1443"
sequence-gap,case,ДАЧгО-1530-5,"26 missing in 5..56: 8,10,12,15,20-31,33-34,41,46,48-49,51,53-55"
sequence-gap,case,ДАЧгО-1530-6,"2 missing in 1..185: 40,48"
sequence-gap,case,ДАЧгО-1530-7,"14 missing in 1..386: 5,68,146,230,330-338,380"
sequence-gap,case,ДАЧгО-Р8983-1,"10 missing in 1..203: 133,156-161,163-165"
sequence-gap,case,ДАЧгО-Р8984-1,"2 missing in 1..188: 97,147"
sequence-gap,case,ДАЧгО-Р8987-1,1 missing in 12..115: 108
sequence-gap,case,ДАЧгО-Р8994-1,"2 missing in 2..247: 16,74"
sequence-gap,case,ДАЧгО-Р8996-1,4 missing in 2..122: 3-6
sequence-gap,case,ДАЧгО-Р8997-1,14 missing in 4..134: 88-101
sequence-gap,case,ДАЧгО-Р8998-1,1 missing in 6..274: 144
sequence-gap,case,ДАЧгО-Р8999-1,1 missing in 1..533: 130
sequence-gap,case,ДАЧгО-Р9000-1,1 missing in 1..107: 16
sequence-gap,case,ДАЧгО-Р9001-1,1 missing in 2..210: 64
copy-ambiguous,file,https://www.familysearch.org/en/records/images/search-results?imageGroupNumbers=007767339_006_M9MN-6G9,"parsed ""ДАЧгО-(679-6+++679-6+++679-6)"" does not single out one of 37 candidate files"
copy-ambiguous,file,https://www.familysearch.org/en/records/images/search-results?imageGroupNumbers=007767339_005_M9MN-6GM,"parsed ""ДАЧгО-(679-5+++679-5+++679-5)"" does not single out one of 125 candidate files"
copy-ambiguous,file,https://www.familysearch.org/en/records/images/search-results?imageGroupNumbers=007767339_008_M9MN-6GQ,"parsed ""ДАЧгО-(679-8+++679-8+++679-8)"" does not single out one of 11 candidate files"
copy-ambiguous,file,https://www.familysearch.org/en/records/images/search-results?imageGroupNumbers=007767339_007_M9MN-6GS,"parsed ""ДАЧгО-(679-7+++679-7+++679-7)"" does not single out one of 29 candidate files"
copy-ambiguous,file,https://www.familysearch.org/en/records/images/search-results?imageGroupNumbers=007767339_011_M9MN-6G4,"parsed ""ДАЧгО-(679-11+++679-11+++679-11)"" does not single out one of 40 candidate files"