11	1	1	Метрична книга. Церква Севастопольського морського шпиталю в ім'я Святих Апостолів Петра та Павла, м. Севастополь	1820-1820	метрична книга|народження|смерть|шлюб	0	ДАС-11-1-1
11	1	10	Метрична книга. Церква Севастопольського морського шпиталю в ім'я Святих Апостолів Петра та Павла, м. Севастополь	1826-1826	метрична книга|народження|смерть|шлюб	0	ДАС-11-1-10
11	1	12	Метрична книга. Церква Севастопольського морського шпиталю в ім'я Святих Апостолів Петра та Павла, м. Севастополь	1833-1834	метрична книга|народження|смерть|шлюб	0	ДАС-11-1-12
11	1	13	Метрична книга. Церква Севастопольського морського шпиталю в ім'я Святих Апостолів Петра та Павла, м. Севастополь	1835-1835	метрична книга|народження|смерть	0	ДАС-11-1-13
11	1	14	Метрична книга. Церква Севастопольського морського шпиталю в ім'я Святих Апостолів Петра та Павла, м. Севастополь	1836-1836	метрична книга|народження|смерть|шлюб	0	ДАС-11-1-14
11	1	15	Метрична книга. Церква Севастопольського морського шпиталю в ім'я Святих Апостолів Петра та Павла, м. Севастополь	1837-1837	метрична книга|народження|смерть|шлюб	0	ДАС-11-1-15
11	1	16	Метрична книга. Церква Севастопольського морського шпиталю в ім'я Святих Апостолів Петра та Павла, м. Севастополь	1838-1838	метрична книга|народження|смерть|шлюб	0	ДАС-11-1-16
11	1	17	Метрична книга. Церква Севастопольського морського шпиталю в ім'я Святих Апостолів Петра та Павла, м. Севастополь	1839-1839	метрична книга|народження|смерть	0	ДАС-11-1-17
11	1	19	Метрична книга. Церква Севастопольського морського шпиталю в ім'я Святих Апостолів Петра та Павла, м. Севастополь	1840-1840	метрична книга|народження|смерть|шлюб	0	ДАС-11-1-19
11	1	20	Метрична книга. Церква Севастопольського морського шпиталю в ім'я Святих Апостолів Петра та Павла, м. Севастополь	1841-1841	метрична книга|народження|смерть|шлюб	0	ДАС-11-1-20
11	1	21	Метрична книга. Церква Севастопольського морського шпиталю в ім'я Святих Апостолів Петра та Павла, м. Севастополь	1842-1842	метрична книга|народження|смерть|шлюб	0	ДАС-11-1-21
11	1	22	Метрична книга. Церква Севастопольського морського шпиталю в ім'я Святих Апостолів Петра та Павла, м. Севастополь	1843-1843	метрична книга|народження|смерть|шлюб	0	ДАС-11-1-22
11	1	23	Метрична книга. Церква Севастопольського морського шпиталю в ім'я Святих Апостолів Петра та Павла, м. Севастополь	1844-1844	метрична книга|народження|смерть|шлюб	0	ДАС-11-1-23
11	1	24	Метрична книга. Церква Севастопольського морського шпиталю в ім'я Святих Апостолів Петра та Павла, м. Севастополь	1845-1845	метрична книга|народження|смерть	0	ДАС-11-1-24
11	1	25	Метрична книга. Церква Севастопольського морського шпиталю в ім'я Святих Апостолів Петра та Павла, м. Севастополь	1846-1846	метрична книга|народження|смерть|шлюб	0	ДАС-11-1-25
11	1	26	Метрична книга. Церква Севастопольського морського шпиталю в ім'я Святих Апостолів Петра та Павла, м. Севастополь	1847-1847	метрична книга|народження|смерть|шлюб	0	ДАС-11-1-26
11	1	27	Метрична книга. Церква Севастопольського морського шпиталю в ім'я Святих Апостолів Петра та Павла, м. Севастополь	1848-1848	метрична книга|народження|смерть|шлюб	0	ДАС-11-1-27
11	1	28	Метрична книга. Церква Севастопольського морського шпиталю в ім'я Святих Апостолів Петра та Павла, м. Севастополь	1849-1849	метрична книга|народження|смерть	0	ДАС-11-1-28
11	1	29	Метрична книга. Церква Севастопольського морського шпиталю в ім'я Святих Апостолів Петра та Павла, м. Севастополь	1850-1850	метрична книга|народження|смерть|шлюб	0	ДАС-11-1-29
11	1	3	Метрична книга. Церква Севастопольського морського шпиталю в ім'я Святих Апостолів Петра та Павла, м. Севастополь	1821-1821	метрична книга|народження|смерть|шлюб	0	ДАС-11-1-3
11	1	30	Метрична книга. Церква Севастопольського морського шпиталю в ім'я Святих Апостолів Петра та Павла, м. Севастополь	1851-1851	метрична книга|народження|смерть|шлюб	0	ДАС-11-1-30
11	1	31	Метрична книга. Церква Севастопольського морського шпиталю в ім'я Святих Апостолів Петра та Павла, м. Севастополь	1852-1852	метрична книга|народження|смерть|шлюб	0	ДАС-11-1-31
11	1	32	Метрична книга. Церква Севастопольського морського шпиталю в ім'я Святих Апостолів Петра та Павла, м. Севастополь	1853-1853	метрична книга|народження|смерть|шлюб	0	ДАС-11-1-32
11	1	33	Метрична книга. Церква Севастопольського морського шпиталю в ім'я Святих Апостолів Петра та Павла, м. Севастополь	1854-1854	метрична книга|народження|смерть|шлюб	0	ДАС-11-1-33
11	1	34	Метрична книга. Церква Севастопольського морського шпиталю в ім'я Святих Апостолів Петра та Павла, м. Севастополь	1855-1855	метрична книга|народження|смерть|шлюб	0	ДАС-11-1-34
11	1	35	Метрична книга. Церква Севастопольського морського шпиталю в ім'я Святих Апостолів Петра та Павла, м. Севастополь	1856-1856	метрична книга|народження|смерть	0	ДАС-11-1-35
11	1	37	Метрична книга. Церква Севастопольського морського шпиталю в ім'я Святих Апостолів Петра та Павла, м. Севастополь	1857-1857	метрична книга|смерть|шлюб	0	ДАС-11-1-37
11	1	4	Метрична книга. Церква Севастопольського морського шпиталю в ім'я Святих Апостолів Петра та Павла, м. Севастополь	1822-1822	метрична книга|народження|смерть|шлюб	0	ДАС-11-1-4
11	1	6	Метрична книга. Церква Севастопольського морського шпиталю в ім'я Святих Апостолів Петра та Павла, м. Севастополь	1823-1823	метрична книга|народження|смерть|шлюб	0	ДАС-11-1-6
11	1	7	Метрична книга. Церква Севастопольського морського шпиталю в ім'я Святих Апостолів Петра та Павла, м. Севастополь	1824-1824	метрична книга|народження|смерть|шлюб	0	ДАС-11-1-7
11	1	8	Метрична книга. Церква Севастопольського морського шпиталю в ім'я Святих Апостолів Петра та Павла, м. Севастополь	1825-1825	метрична книга|народження|смерть|шлюб	0	ДАС-11-1-8
11	1	Н37	Метрична книга. Церква Севастопольського морського шпиталю в ім'я Святих Апостолів Петра та Павла, м. Севастополь	1857-1857	метрична книга|народження	0	ДАС-11-1-Н37
23	1	1	Метрична книга. Адміралтейський собор в ім'я Св. Миколая та приписна церква в ім'я Св. Володимира, м. Севастополь	1815-1815	метрична книга|народження|смерть|шлюб	0	ДАС-23-1-1
23	1	10	Метрична книга. Адміралтейський собор в ім'я Св. Миколая та приписна церква в ім'я Св. Володимира, м. Севастополь	1830-1830	метрична книга|народження|смерть|шлюб	0	ДАС-23-1-10
23	1	12	Метрична книга. Адміралтейський собор в ім'я Св. Миколая та приписна церква в ім'я Св. Володимира, м. Севастополь	1832-1833	метрична книга|народження|смерть|шлюб	0	ДАС-23-1-12
23	1	13	Метрична книга. Адміралтейський собор в ім'я Св. Миколая та приписна церква в ім'я Св. Володимира, м. Севастополь	1834-1834	метрична книга|народження|смерть|шлюб	0	ДАС-23-1-13
23	1	14	Метрична книга. Адміралтейський собор в ім'я Св. Миколая та приписна церква в ім'я Св. Володимира, м. Севастополь	1835-1835	метрична книга|народження|смерть|шлюб	0	ДАС-23-1-14
23	1	15	Метрична книга. Адміралтейський собор в ім'я Св. Миколая та приписна церква в ім'я Св. Володимира, м. Севастополь	1836-1836	метрична книга|народження|смерть|шлюб	0	ДАС-23-1-15
23	1	16	Метрична книга. Адміралтейський собор в ім'я Св. Миколая та приписна церква в ім'я Св. Володимира, м. Севастополь	1836-1836	метрична книга|народження|смерть|шлюб	0	ДАС-23-1-16
23	1	17	Метрична книга. Адміралтейський собор в ім'я Св. Миколая та приписна церква в ім'я Св. Володимира, м. Севастополь	1837-1837	метрична книга|народження|смерть|шлюб	0	ДАС-23-1-17
23	1	18	Метрична книга. Адміралтейський собор в ім'я Св. Миколая та приписна церква в ім'я Св. Володимира, м. Севастополь	1838-1838	метрична книга|народження|смерть|шлюб	0	ДАС-23-1-18
23	1	19	Метрична книга. Адміралтейський собор в ім'я Св. Миколая та приписна церква в ім'я Св. Володимира, м. Севастополь	1838-1838	метрична книга|народження|смерть|шлюб	0	ДАС-23-1-19
23	1	2	Метрична книга. Адміралтейський собор в ім'я Св. Миколая та приписна церква в ім'я Св. Володимира, м. Севастополь	1817-1817	метрична книга|народження|смерть|шлюб	0	ДАС-23-1-2
23	1	20	Метрична книга. Адміралтейський собор в ім'я Св. Миколая та приписна церква в ім'я Св. Володимира, м. Севастополь	1839-1839	метрична книга|народження|смерть|шлюб	0	ДАС-23-1-20
23	1	21	Метрична книга. Адміралтейський собор в ім'я Св. Миколая та приписна церква в ім'я Св. Володимира, м. Севастополь	1839-1839	метрична книга|народження|смерть|шлюб	0	ДАС-23-1-21
23	1	22	Метрична книга. Адміралтейський собор в ім'я Св. Миколая та приписна церква в ім'я Св. Володимира, м. Севастополь	1839-1839	метрична книга|народження|смерть|шлюб	0	ДАС-23-1-22
23	1	23	Метрична книга. Адміралтейський собор в ім'я Св. Миколая та приписна церква в ім'я Св. Володимира, м. Севастополь	1839-1839	метрична книга|народження|смерть|шлюб	0	ДАС-23-1-23
23	1	24	Метрична книга. Адміралтейський собор в ім'я Св. Миколая та приписна церква в ім'я Св. Володимира, м. Севастополь	1840-1840	метрична книга|народження|смерть|шлюб	0	ДАС-23-1-24
23	1	25	Метрична книга. Адміралтейський собор в ім'я Св. Миколая та приписна церква в ім'я Св. Володимира, м. Севастополь	1840-1840	метрична книга|народження|смерть|шлюб	0	ДАС-23-1-25
23	1	26	Метрична книга. Адміралтейський собор в ім'я Св. Миколая та приписна церква в ім'я Св. Володимира, м. Севастополь	1840-1840	метрична книга|народження|смерть|шлюб	0	ДАС-23-1-26
23	1	27	Метрична книга. Адміралтейський собор в ім'я Св. Миколая та приписна церква в ім'я Св. Володимира, м. Севастополь	1841-1841	метрична книга|народження|смерть|шлюб	0	ДАС-23-1-27
23	1	28	Метрична книга. Адміралтейський собор в ім'я Св. Миколая та приписна церква в ім'я Св. Володимира, м. Севастополь	1841-1841	метрична книга|народження|смерть|шлюб	0	ДАС-23-1-28
23	1	29	Метрична книга. Адміралтейський собор в ім'я Св. Миколая та приписна церква в ім'я Св. Володимира, м. Севастополь	1841-1841	метрична книга|народження|смерть|шлюб	0	ДАС-23-1-29
23	1	3	Метрична книга. Адміралтейський собор в ім'я Св. Миколая та приписна церква в ім'я Св. Володимира, м. Севастополь	1818-1818	метрична книга|народження|смерть|шлюб	0	ДАС-23-1-3
23	1	30	Метрична книга. Адміралтейський собор в ім'я Св. Миколая та приписна церква в ім'я Св. Володимира, м. Севастополь	1841-1841	метрична книга|народження|смерть|шлюб	0	ДАС-23-1-30
23	1	31	Метрична книга. Адміралтейський собор в ім'я Св. Миколая та приписна церква в ім'я Св. Володимира, м. Севастополь	1842-1842	метрична книга|народження|смерть|шлюб	0	ДАС-23-1-31
23	1	32	Метрична книга. Адміралтейський собор в ім'я Св. Миколая та приписна церква в ім'я Св. Володимира, м. Севастополь	1842-1842	метрична книга|народження|смерть|шлюб	0	ДАС-23-1-32
23	1	33	Метрична книга. Адміралтейський собор в ім'я Св. Миколая та приписна церква в ім'я Св. Володимира, м. Севастополь	1842-1842	метрична книга|народження|смерть|шлюб	0	ДАС-23-1-33
23	1	34	Метрична книга. Адміралтейський собор в ім'я Св. Миколая та приписна церква в ім'я Св. Володимира, м. Севастополь	1842-1842	метрична книга|народження|смерть|шлюб	0	ДАС-23-1-34
23	1	35	Метрична книга. Адміралтейський собор в ім'я Св. Миколая та приписна церква в ім'я Св. Володимира, м. Севастополь	1842-1842	метрична книга|народження|смерть|шлюб	0	ДАС-23-1-35
23	1	36	Метрична книга. Адміралтейський собор в ім'я Св. Миколая та приписна церква в ім'я Св. Володимира, м. Севастополь	1843-1843	метрична книга|народження|смерть|шлюб	0	ДАС-23-1-36
23	1	37	Метрична книга. Адміралтейський собор в ім'я Св. Миколая та приписна церква в ім'я Св. Володимира, м. Севастополь	1843-1843	метрична книга|народження|смерть	0	ДАС-23-1-37
23	1	38	Метрична книга. Адміралтейський собор в ім'я Св. Миколая та приписна церква в ім'я Св. Володимира, м. Севастополь	1843-1843	метрична книга|народження|смерть|шлюб	0	ДАС-23-1-38
23	1	39	Метрична книга. Адміралтейський собор в ім'я Св. Миколая та приписна церква в ім'я Св. Володимира, м. Севастополь	1844-1844	метрична книга|народження|смерть|шлюб	0	ДАС-23-1-39
23	1	4	Метрична книга. Адміралтейський собор в ім'я Св. Миколая та приписна церква в ім'я Св. Володимира, м. Севастополь	1819-1819	метрична книга|народження|смерть|шлюб	0	ДАС-23-1-4
23	1	40	Метрична книга. Адміралтейський собор в ім'я Св. Миколая та приписна церква в ім'я Св. Володимира, м. Севастополь	1844-1844	метрична книга|народження|смерть|шлюб	0	ДАС-23-1-40
23	1	41	Метрична книга. Адміралтейський собор в ім'я Св. Миколая та приписна церква в ім'я Св. Володимира, м. Севастополь	1844-1844	метрична книга|народження|смерть|шлюб	0	ДАС-23-1-41
23	1	42	Метрична книга. Адміралтейський собор в ім'я Св. Миколая та приписна церква в ім'я Св. Володимира, м. Севастополь	1845-1845	метрична книга|народження|смерть|шлюб	0	ДАС-23-1-42
23	1	43	Метрична книга. Адміралтейський собор в ім'я Св. Миколая та приписна церква в ім'я Св. Володимира, м. Севастополь	1845-1845	метрична книга|народження|смерть|шлюб	0	ДАС-23-1-43
23	1	44	Метрична книга. Адміралтейський собор в ім'я Св. Миколая та приписна церква в ім'я Св. Володимира, м. Севастополь	1845-1845	метрична книга|народження|смерть|шлюб	0	ДАС-23-1-44
23	1	45	Метрична книга. Адміралтейський собор в ім'я Св. Миколая та приписна церква в ім'я Св. Володимира, м. Севастополь	1845-1845	метрична книга|народження|смерть|шлюб	0	ДАС-23-1-45
23	1	46	Метрична книга. Адміралтейський собор в ім'я Св. Миколая та приписна церква в ім'я Св. Володимира, м. Севастополь	1846-1846	метрична книга|народження|смерть|шлюб	0	ДАС-23-1-46
23	1	47	Метрична книга. Адміралтейський собор в ім'я Св. Миколая та приписна церква в ім'я Св. Володимира, м. Севастополь	1846-1846	метрична книга|народження|смерть|шлюб	0	ДАС-23-1-47
23	1	48	Метрична книга. Адміралтейський собор в ім'я Св. Миколая та приписна церква в ім'я Св. Володимира, м. Севастополь	1846-1846	метрична книга|народження|смерть|шлюб	0	ДАС-23-1-48
23	1	49	Метрична книга. Адміралтейський собор в ім'я Св. Миколая та приписна церква в ім'я Св. Володимира, м. Севастополь	1847-1847	метрична книга|народження|смерть|шлюб	0	ДАС-23-1-49
23	1	5	Метрична книга. Адміралтейський собор в ім'я Св. Миколая та приписна церква в ім'я Св. Володимира, м. Севастополь	1820-1846	метрична книга|народження	0	ДАС-23-1-5
23	1	50	Метрична книга. Адміралтейський собор в ім'я Св. Миколая та приписна церква в ім'я Св. Володимира, м. Севастополь	1847-1847	метрична книга|народження|смерть|шлюб	0	ДАС-23-1-50
23	1	51	Метрична книга. Адміралтейський собор в ім'я Св. Миколая та приписна церква в ім'я Св. Володимира, м. Севастополь	1847-1847	метрична книга|народження|смерть|шлюб	0	ДАС-23-1-51
23	1	52	Метрична книга. Адміралтейський собор в ім'я Св. Миколая та приписна церква в ім'я Св. Володимира, м. Севастополь	1848-1848	метрична книга|народження|смерть|шлюб	0	ДАС-23-1-52
23	1	53	Метрична книга. Адміралтейський собор в ім'я Св. Миколая та приписна церква в ім'я Св. Володимира, м. Севастополь	1848-1848	метрична книга|народження|смерть|шлюб	0	ДАС-23-1-53
23	1	54	Метрична книга. Адміралтейський собор в ім'я Св. Миколая та приписна церква в ім'я Св. Володимира, м. Севастополь	1848-1848	метрична книга|народження|смерть|шлюб	0	ДАС-23-1-54
23	1	55	Метрична книга. Адміралтейський собор в ім'я Св. Миколая та приписна церква в ім'я Св. Володимира, м. Севастополь	1849-1849	метрична книга|народження|смерть|шлюб	0	ДАС-23-1-55
23	1	56	Метрична книга. Адміралтейський собор в ім'я Св. Миколая та приписна церква в ім'я Св. Володимира, м. Севастополь	1849-1849	метрична книга|народження|смерть|шлюб	0	ДАС-23-1-56
23	1	57	Метрична книга. Адміралтейський собор в ім'я Св. Миколая та приписна церква в ім'я Св. Володимира, м. Севастополь	1850-1850	метрична книга|народження|смерть|шлюб	0	ДАС-23-1-57
23	1	58	Метрична книга. Адміралтейський собор в ім'я Св. Миколая та приписна церква в ім'я Св. Володимира, м. Севастополь	1851-1851	метрична книга|народження|смерть|шлюб	0	ДАС-23-1-58
23	1	59	Метрична книга. Адміралтейський собор в ім'я Св. Миколая та приписна церква в ім'я Св. Володимира, м. Севастополь	1851-1851	метрична книга|народження|смерть|шлюб	0	ДАС-23-1-59
23	1	6	Метрична книга. Адміралтейський собор в ім'я Св. Миколая та приписна церква в ім'я Св. Володимира, м. Севастополь	1821-1821	метрична книга|народження|смерть|шлюб	0	ДАС-23-1-6
23	1	60	Метрична книга. Адміралтейський собор в ім'я Св. Миколая та приписна церква в ім'я Св. Володимира, м. Севастополь	1852-1852	метрична книга|народження|смерть|шлюб	0	ДАС-23-1-60
23	1	61	Метрична книга. Адміралтейський собор в ім'я Св. Миколая та приписна церква в ім'я Св. Володимира, м. Севастополь	1852-1852	метрична книга|народження|смерть|шлюб	0	ДАС-23-1-61
23	1	62	Метрична книга. Адміралтейський собор в ім'я Св. Миколая та приписна церква в ім'я Св. Володимира, м. Севастополь	1853-1853	метрична книга|народження|смерть|шлюб	0	ДАС-23-1-62
23	1	63	Метрична книга. Адміралтейський собор в ім'я Св. Миколая та приписна церква в ім'я Св. Володимира, м. Севастополь	1853-1853	метрична книга|народження|смерть|шлюб	0	ДАС-23-1-63
23	1	64	Метрична книга. Адміралтейський собор в ім'я Св. Миколая та приписна церква в ім'я Св. Володимира, м. Севастополь	1854-1854	метрична книга|народження	0	ДАС-23-1-64
23	1	65	Метрична книга. Адміралтейський собор в ім'я Св. Миколая та приписна церква в ім'я Св. Володимира, м. Севастополь	1854-1854	метрична книга|шлюб	0	ДАС-23-1-65
23	1	66	Метрична книга. Адміралтейський собор в ім'я Св. Миколая та приписна церква в ім'я Св. Володимира, м. Севастополь	1854-1854	метрична книга|народження|смерть|шлюб	0	ДАС-23-1-66
23	1	67	Метрична книга. Адміралтейський собор в ім'я Св. Миколая та приписна церква в ім'я Св. Володимира, м. Севастополь	1855-1855	метрична книга|народження|смерть|шлюб	0	ДАС-23-1-67
23	1	68	Метрична книга. Адміралтейський собор в ім'я Св. Миколая та приписна церква в ім'я Св. Володимира, м. Севастополь	1855-1855	метрична книга|народження|смерть	0	ДАС-23-1-68
23	1	69	Метрична книга. Адміралтейський собор в ім'я Св. Миколая та приписна церква в ім'я Св. Володимира, м. Севастополь	1856-1856	метрична книга|народження|смерть	0	ДАС-23-1-69
23	1	7	Метрична книга. Адміралтейський собор в ім'я Св. Миколая та приписна церква в ім'я Св. Володимира, м. Севастополь	1824-1824	метрична книга|народження|смерть|шлюб	0	ДАС-23-1-7
23	1	70	Метрична книга. Адміралтейський собор в ім'я Св. Миколая та приписна церква в ім'я Св. Володимира, м. Севастополь	1857-1857	метрична книга|народження|смерть|шлюб	0	ДАС-23-1-70
23	1	71	Метрична книга. Адміралтейський собор в ім'я Св. Миколая та приписна церква в ім'я Св. Володимира, м. Севастополь	1857-1857	метрична книга|народження|смерть|шлюб	0	ДАС-23-1-71
23	1	72	Метрична книга. Адміралтейський собор в ім'я Св. Миколая та приписна церква в ім'я Св. Володимира, м. Севастополь	1858-1858	метрична книга|народження|смерть|шлюб	0	ДАС-23-1-72
23	1	73	Метрична книга. Адміралтейський собор в ім'я Св. Миколая та приписна церква в ім'я Св. Володимира, м. Севастополь	1859-1859	метрична книга|народження|смерть|шлюб	0	ДАС-23-1-73
23	1	74	Метрична книга. Адміралтейський собор в ім'я Св. Миколая та приписна церква в ім'я Св. Володимира, м. Севастополь	1860-1860	метрична книга|народження|смерть|шлюб	0	ДАС-23-1-74
23	1	8	Метрична книга. Адміралтейський собор в ім'я Св. Миколая та приписна церква в ім'я Св. Володимира, м. Севастополь	1826-1826	метрична книга|народження|смерть|шлюб	0	ДАС-23-1-8
23	1	9	Метрична книга. Адміралтейський собор в ім'я Св. Миколая та приписна церква в ім'я Св. Володимира, м. Севастополь	1829-1829	метрична книга|народження|смерть|шлюб	0	ДАС-23-1-9
3	1	1	Метрична книга	1822-1829,1831-1832	метрична книга|народження|смерть|шлюб	0	ДАС-3-1-1
3	1	10	Метрична книга	1834-1834	метрична книга|народження|смерть|шлюб	0	ДАС-3-1-10
3	1	11	Метрична книга	1835-1835	метрична книга|народження|смерть|шлюб	0	ДАС-3-1-11
3	1	12	Метрична книга	1836-1836	метрична книга|народження|смерть|шлюб	0	ДАС-3-1-12
3	1	13	Метрична книга	1837-1837	метрична книга|народження|смерть|шлюб	0	ДАС-3-1-13
3	1	14	Метрична книга	1838-1838	метрична книга|народження|смерть|шлюб	0	ДАС-3-1-14
3	1	15	Метрична книга	1839-1839	метрична книга|народження|смерть|шлюб	0	ДАС-3-1-15
3	1	16	Метрична книга	1840-1840	метрична книга|народження|смерть|шлюб	0	ДАС-3-1-16
3	1	17	Метрична книга	1841-1841	метрична книга|народження|смерть|шлюб	0	ДАС-3-1-17
3	1	18	Метрична книга	1842-1842	метрична книга|народження|смерть|шлюб	0	ДАС-3-1-18
3	1	19	Метрична книга	1843-1843	метрична книга|народження|смерть|шлюб	0	ДАС-3-1-19
3	1	2	Метрична книга	1826-1826	метрична книга|народження|смерть|шлюб	0	ДАС-3-1-2
3	1	20	Метрична книга	1844-1844	метрична книга|народження|смерть|шлюб	0	ДАС-3-1-20
3	1	21	Метрична книга	1845-1845	метрична книга|народження|смерть|шлюб	0	ДАС-3-1-21
3	1	22	Метрична книга	1846-1846	метрична книга|народження|смерть|шлюб	0	ДАС-3-1-22
3	1	23	Метрична книга	1847-1847	метрична книга|народження|смерть|шлюб	0	ДАС-3-1-23
3	1	24	Метрична книга	1848-1848	метрична книга|народження|смерть|шлюб	0	ДАС-3-1-24
3	1	25	Метрична книга	1849-1849	метрична книга|смерть|шлюб	0	ДАС-3-1-25
3	1	26	Метрична книга	1850-1850	метрична книга|народження|смерть|шлюб	0	ДАС-3-1-26
3	1	27	Метрична книга	1851-1851	метрична книга|народження|смерть|шлюб	0	ДАС-3-1-27
3	1	28	Метрична книга	1852-1852	метрична книга|народження|смерть|шлюб	0	ДАС-3-1-28
3	1	29	Метрична книга	1853-1853	метрична книга|народження|смерть|шлюб	0	ДАС-3-1-29
3	1	3	Метрична книга	1827-1827	метрична книга|народження|смерть|шлюб	0	ДАС-3-1-3
3	1	30	Метрична книга	1855-1855	метрична книга|народження|смерть	0	ДАС-3-1-30
3	1	4	Метрична книга	1828-1828	метрична книга|народження|смерть|шлюб	0	ДАС-3-1-4
3	1	5	Метрична книга	1829-1829	метрична книга|народження|смерть|шлюб	0	ДАС-3-1-5
3	1	6	Метрична книга	1830-1830	метрична книга|народження|смерть|шлюб	0	ДАС-3-1-6
3	1	7	Метрична книга	1831-1831,1849-1849	метрична книга|народження|смерть|шлюб	0	ДАС-3-1-7
3	1	8	Метрична книга	1832-1832	метрична книга|народження|смерть|шлюб	0	ДАС-3-1-8
3	1	9	Метрична книга	1833-1833	метрична книга|народження|смерть|шлюб	0	ДАС-3-1-9
30	1	1	Метрична книга. Церква в ім'я Святих Апостолів Петра та Павла  (Північна сторона), м. Севастополь	1878-1878	метрична книга|народження|смерть|шлюб	0	ДАС-30-1-1
30	1	10	Метрична книга. Церква в ім'я Всіх Святих церковників (Всесвятська), м. Севастополь; Церква в ім'я Св. Апостола та Євангеліста Луки, с. Лаки Ялтинського пов. Богатирської вол.; Церква в ім'я Св. Іоанна Златоуста, м. Ялта; Церква в ім'я Св. Пророка Іллі, с. Саки Євпаторійського пов.; Церква в ім'я Святих Апостолів Петра та Павла  (вул. Велика Морська), м. Севастополь та інші церкви	1885-1885	метрична книга|народження|смерть|шлюб	0	ДАС-30-1-10
30	1	100	Метрична книга. Соборна церква в ім'я Св. Миколая Мірлікійського Чудотворця, м. Балаклава Ялтинського пов.; Церква в ім'я Всіх Святих церковників (Всесвятська), м. Севастополь	1910-1910	метрична книга|народження|смерть|шлюб	0	ДАС-30-1-100
30	1	101	Метрична книга. Церква в ім'я Св. Феодосія Чернігівського, м. Севастополь; Церква грецька в ім'я Трьох Святителів, м. Севастополь	1910-1910	метрична книга|народження|смерть|шлюб	0	ДАС-30-1-101
30	1	102	Метрична книга. Церква в ім'я Христа Спасителя при міській лікарні, м. Севастополь; Церква на честь Вознесіння Господнього, м. Севастополь	1910-1910	метрична книга|народження|смерть|шлюб	0	ДАС-30-1-102
30	1	103	Метрична книга. Соборний храм на честь Покрови Пресвятої Богородиці  (вул. Велика Морська), м. Севастополь	1911-1911	метрична книга|народження|смерть|шлюб	0	ДАС-30-1-103
30	1	104	Метрична книга. Церква в ім'я Св. Благовірного князя Олександра Невського, м. Севастополь	1911-1911	метрична книга|народження|смерть|шлюб	0	ДАС-30-1-104
30	1	105	Метрична книга. Церква в ім'я Всіх Святих церковників (Всесвятська), м. Севастополь; Церква на честь Вознесіння Господнього, м. Севастополь	1911-1911	метрична книга|народження|смерть|шлюб	0	ДАС-30-1-105
30	1	106	Метрична книга. Соборна церква в ім'я Св. Миколая Мірлікійського Чудотворця, м. Балаклава Ялтинського пов.; Церква в ім'я Св. Феодосія Чернігівського, м. Севастополь; Церква в ім'я Христа Спасителя при міській лікарні, м. Севастополь	1911-1911	метрична книга|народження|смерть|шлюб	0	ДАС-30-1-106
30	1	107	Метрична книга. Інкерманський монастир Св. Климента, с. Інкерман Ялтинського пов. Балаклавського округу; Церква в ім'я Святих Апостолів Петра та Павла  (міській пагорб), м. Севастополь; Церква грецька в ім'я Трьох Святителів, м. Севастополь	1911-1911	метрична книга|народження|смерть|шлюб	0	ДАС-30-1-107
30	1	108	Метрична книга. Покровська церква, с. Кача Сімферопольського пов. Дуванкойської вол.; Церква в ім'я Святих Рівноапостольних царів Костянтина і Олени, с. Карань Ялтинського пов. Балаклавського округу; Церква в ім'я Святої Великомучениці Марини, с. Камари Ялтинського пов. Балаклавського округу; Церква в ім'я Святої Живоначальной Троїці, с. Кадиковка Ялтинського пов. Балаклавського округу	1911-1911	метрична книга|народження|смерть|шлюб	0	ДАС-30-1-108
30	1	109	Метрична книга. Соборний храм на честь Покрови Пресвятої Богородиці  (вул. Велика Морська), м. Севастополь; Церква в ім'я Святих Апостолів Петра та Павла  (міській пагорб), м. Севастополь	1912-1912	метрична книга|народження|смерть|шлюб	0	ДАС-30-1-109
30	1	11	Метрична книга. Адміралтейський собор в ім'я Св. Миколая та приписна церква в ім'я Св. Володимира, м. Севастополь; Покровська церква, с. Кача Сімферопольського пов. Дуванкойської вол.; Церква в ім'я Покрови Пресвятої Богородиці, с. Албат Сімферопольського пов. Каралезьської вол.; Церква в ім'я Св. Апостола та Євангеліста Луки, с. Лаки Ялтинського пов. Богатирської вол.; Церква в ім'я Св. Пророка Іллі, с. Саки Євпаторійського пов. та інші церкви	1831-1831,1886-1886	метрична книга|народження|смерть|шлюб	0	ДАС-30-1-11
30	1	110	Метрична книга. Церква в ім'я Св. Благовірного князя Олександра Невського, м. Севастополь	1912-1912	метрична книга|народження|смерть|шлюб	0	ДАС-30-1-110
30	1	111	Метрична книга. Церква в ім'я Всіх Святих церковників (Всесвятська), м. Севастополь; Церква на честь Вознесіння Господнього, м. Севастополь	1912-1912	метрична книга|народження|смерть|шлюб	0	ДАС-30-1-111
30	1	112	Метрична книга. Церква в ім'я Св. Миколая Чудотворця, с. Кильбурун Сімферопольського пов. Підгородно-Петровської вол.; Церква в ім'я Христа Спасителя при міській лікарні, м. Севастополь	1912-1912	метрична книга|народження|смерть|шлюб	0	ДАС-30-1-112
30	1	113	Метрична книга. Церква в ім'я Св. Феодосія Чернігівського, м. Севастополь; Церква грецька в ім'я Трьох Святителів, м. Севастополь	1912-1912	метрична книга|народження|смерть|шлюб	0	ДАС-30-1-113
30	1	114	Метрична книга. Покровська церква, с. Кача Сімферопольського пов. Дуванкойської вол.; Церква в ім'я Святої Великомучениці Марини, с. Камари Ялтинського пов. Балаклавського округу; Церква на честь Воскресіння Христа, маєток Форос Ялтинського пов. Байдарська вол.	1912-1912	метрична книга|народження|смерть|шлюб	0	ДАС-30-1-114
30	1	115	Метрична книга. Соборна церква в ім'я Св. Миколая Мірлікійського Чудотворця, м. Балаклава Ялтинського пов.; Церква в ім'я Покрови Пресвятої Богородиці, с. Албат Сімферопольського пов. Каралезьської вол.; Церква в ім'я Святих Рівноапостольних царів Костянтина і Олени, с. Карань Ялтинського пов. Балаклавського округу; Церква в ім'я Святої Живоначальной Троїці, с. Кадиковка Ялтинського пов. Балаклавського округу	1912-1912	метрична книга|народження|смерть|шлюб	0	ДАС-30-1-115
30	1	116	Метрична книга. Соборний храм на честь Покрови Пресвятої Богородиці  (вул. Велика Морська), м. Севастополь	1913-1913	метрична книга|народження|смерть|шлюб	0	ДАС-30-1-116
30	1	117	Метрична книга. Церква в ім'я Св. Благовірного князя Олександра Невського, м. Севастополь	1913-1913	метрична книга|народження|смерть|шлюб	0	ДАС-30-1-117
30	1	118	Метрична книга. Церква в ім'я Всіх Святих церковників (Всесвятська), м. Севастополь	1913-1913	метрична книга|народження|смерть|шлюб	0	ДАС-30-1-118
30	1	119	Метрична книга. Церква в ім'я Святих Апостолів Петра та Павла  (міській пагорб), м. Севастополь; Церква в ім'я Святої Живоначальной Троїці, с. Кадиковка Ялтинського пов. Балаклавського округу; Церква грецька в ім'я Трьох Святителів, м. Севастополь	1913-1913	метрична книга|народження|смерть|шлюб	0	ДАС-30-1-119
30	1	12	Метрична книга. Церква в ім'я Святих Апостолів Петра та Павла  (вул. Велика Морська), м. Севастополь; Церква в ім'я Святих Апостолів Петра та Павла  (Північна сторона), м. Севастополь	1887-1887	метрична книга|народження|смерть|шлюб	0	ДАС-30-1-12
30	1	120	Метрична книга. Церква в ім'я Покрови Пресвятої Богородиці, с. Албат Сімферопольського пов. Каралезьської вол.; Церква в ім'я Христа Спасителя при міській лікарні, м. Севастополь; Церква на честь Вознесіння Господнього, м. Севастополь	1913-1913	метрична книга|народження|смерть|шлюб	0	ДАС-30-1-120
30	1	121	Метрична книга. Соборна церква в ім'я Св. Миколая Мірлікійського Чудотворця, м. Балаклава Ялтинського пов.; Церква в ім'я Св. Феодосія Чернігівського, м. Севастополь; Церква в ім'я Святих Рівноапостольних царів Костянтина і Олени, с. Карань Ялтинського пов. Балаклавського округу	1913-1913	метрична книга|народження|смерть|шлюб	0	ДАС-30-1-121
30	1	122	Метрична книга. Інкерманський монастир Св. Климента, с. Інкерман Ялтинського пов. Балаклавського округу; Покровська церква, с. Кача Сімферопольського пов. Дуванкойської вол.; Церква в ім'я Святої Великомучениці Марини, с. Камари Ялтинського пов. Балаклавського округу; Церква на честь Воскресіння Христа, маєток Форос Ялтинського пов. Байдарська вол.; Церква на честь Преображення Господнього, с. Скеля Ялтинського пов. Байдарської вол	1913-1913	метрична книга|народження|смерть|шлюб	0	ДАС-30-1-122
30	1	123	Метрична книга. Соборний храм на честь Покрови Пресвятої Богородиці  (вул. Велика Морська), м. Севастополь	1914-1914	метрична книга|народження|смерть|шлюб	0	ДАС-30-1-123
30	1	124	Метрична книга. Церква в ім'я Св. Благовірного князя Олександра Невського, м. Севастополь	1914-1914	метрична книга|народження|смерть|шлюб	0	ДАС-30-1-124
30	1	125	Метрична книга. Балаклавський Георгієвський монастир, м. Балаклава Ялтинського пов.; Церква в ім'я Всіх Святих церковників (Всесвятська), м. Севастополь	1914-1914	метрична книга|народження|смерть|шлюб	0	ДАС-30-1-125
30	1	126	Метрична книга. Церква в ім'я Св. Феодосія Чернігівського, м. Севастополь; Церква на честь Вознесіння Господнього, м. Севастополь	1914-1914	метрична книга|народження|смерть|шлюб	0	ДАС-30-1-126
30	1	127	Метрична книга. Церква в ім'я Святих Апостолів Петра та Павла  (міській пагорб), м. Севастополь; Церква в ім'я Святої Великомучениці Марини, с. Камари Ялтинського пов. Балаклавського округу; Церква грецька в ім'я Трьох Святителів, м. Севастополь	1914-1914	метрична книга|народження|смерть|шлюб	0	ДАС-30-1-127
30	1	128	Метрична книга. Соборна церква в ім'я Св. Миколая Мірлікійського Чудотворця, м. Балаклава Ялтинського пов.; Церква в ім'я Святих Рівноапостольних царів Костянтина і Олени, с. Карань Ялтинського пов. Балаклавського округу; Церква в ім'я Христа Спасителя при міській лікарні, м. Севастополь; Церква на честь Преображення Господнього, с. Скеля Ялтинського пов. Байдарської вол	1914-1914	метрична книга|народження|смерть|шлюб	0	ДАС-30-1-128
30	1	129	Метрична книга. Інкерманський монастир Св. Климента, с. Інкерман Ялтинського пов. Балаклавського округу; Покровська церква, с. Кача Сімферопольського пов. Дуванкойської вол.; Церква в ім'я Покрови Пресвятої Богородиці, с. Албат Сімферопольського пов. Каралезьської вол.; Церква в ім'я Святої Живоначальной Троїці, с. Кадиковка Ялтинського пов. Балаклавського округу; Церква на честь Воскресіння Христа, маєток Форос Ялтинського пов. Байдарська вол.	1914-1914	метрична книга|народження|смерть|шлюб	0	ДАС-30-1-129
30	1	13	Метрична книга. Соборна церква в ім'я Св. Миколая Мірлікійського Чудотворця, м. Балаклава Ялтинського пов.; Церква в ім'я Святих Апостолів Петра та Павла  (вул. Велика Морська), м. Севастополь; Церква в ім'я Святих Апостолів Петра та Павла  (Північна сторона), м. Севастополь	1888-1888	метрична книга|народження|смерть|шлюб	0	ДАС-30-1-13
30	1	130	Метрична книга. Соборний храм на честь Покрови Пресвятої Богородиці  (вул. Велика Морська), м. Севастополь; Церква в ім'я Святих Апостолів Петра та Павла  (міській пагорб), м. Севастополь	1915-1915	метрична книга|народження|смерть|шлюб	0	ДАС-30-1-130
30	1	131	Метрична книга. Церква в ім'я Св. Благовірного князя Олександра Невського, м. Севастополь	1915-1915	метрична книга|народження|смерть|шлюб	0	ДАС-30-1-131
30	1	132	Метрична книга. Церква в ім'я Всіх Святих церковників (Всесвятська), м. Севастополь	1915-1915	метрична книга|народження|смерть|шлюб	0	ДАС-30-1-132
30	1	133	Метрична книга. Церква в ім'я Христа Спасителя при міській лікарні, м. Севастополь; Церква грецька в ім'я Трьох Святителів, м. Севастополь	1915-1915	метрична книга|народження|смерть|шлюб	0	ДАС-30-1-133
30	1	134	Метрична книга. Інкерманський монастир Св. Климента, с. Інкерман Ялтинського пов. Балаклавського округу; Покровська церква, с. Кача Сімферопольського пов. Дуванкойської вол.; Соборна церква в ім'я Св. Миколая Мірлікійського Чудотворця, м. Балаклава Ялтинського пов.; Херсонеський монастир Св. Володимира, м. Севастополь; Церква в ім'я Покрови Пресвятої Богородиці, с. Албат Сімферопольського пов. Каралезьської вол. та інші церкви	1915-1915	метрична книга|народження|смерть|шлюб	0	ДАС-30-1-134
30	1	135	Метрична книга. Соборний храм на честь Покрови Пресвятої Богородиці  (вул. Велика Морська), м. Севастополь; Церква в ім'я Покрови Пресвятої Богородиці, с. Албат Сімферопольського пов. Каралезьської вол.	1916-1916	метрична книга|народження|смерть|шлюб	0	ДАС-30-1-135
30	1	136	Метрична книга. Церква в ім'я Св. Благовірного князя Олександра Невського, м. Севастополь	1916-1916	метрична книга|народження|смерть|шлюб	0	ДАС-30-1-136
30	1	137	Метрична книга. Церква в ім'я Всіх Святих церковників (Всесвятська), м. Севастополь	1916-1916	метрична книга|народження|смерть|шлюб	0	ДАС-30-1-137
30	1	138	Метрична книга. Церква в ім'я Святих Апостолів Петра та Павла  (міській пагорб), м. Севастополь; Церква грецька в ім'я Трьох Святителів, м. Севастополь	1916-1916	метрична книга|народження|смерть|шлюб	0	ДАС-30-1-138
30	1	139	Метрична книга. Церква в ім'я Христа Спасителя при міській лікарні, м. Севастополь; Церква на честь Вознесіння Господнього, м. Севастополь	1916-1916	метрична книга|народження|смерть|шлюб	0	ДАС-30-1-139
30	1	14	Метрична книга. Церква в ім'я Всіх Святих церковників (Всесвятська), м. Севастополь; Церква в ім'я Святих Рівноапостольних царів Костянтина і Олени, с. Карань Ялтинського пов. Балаклавського округу; Церква в ім'я Святої Великомучениці Марини, с. Камари Ялтинського пов. Балаклавського округу	1888-1888	метрична книга|народження|смерть|шлюб	0	ДАС-30-1-14
30	1	140	Метрична книга. Покровська церква, с. Кача Сімферопольського пов. Дуванкойської вол.; Церква в ім'я Св. Феодосія Чернігівського, м. Севастополь; Церква в ім'я Святих Рівноапостольних царів Костянтина і Олени, с. Карань Ялтинського пов. Балаклавського округу; Церква на честь Преображення Господнього, с. Скеля Ялтинського пов. Байдарської вол	1916-1916	метрична книга|народження|смерть|шлюб	0	ДАС-30-1-140
30	1	141	Метрична книга. Інкерманський монастир Св. Климента, с. Інкерман Ялтинського пов. Балаклавського округу; Соборна церква в ім'я Св. Миколая Мірлікійського Чудотворця, м. Балаклава Ялтинського пов.; Церква в ім'я Святої Великомучениці Марини, с. Камари Ялтинського пов. Балаклавського округу; Церква в ім'я Святої Живоначальной Троїці, с. Кадиковка Ялтинського пов. Балаклавського округу; Церква на честь Воскресіння Христа, маєток Форос Ялтинського пов. Байдарська вол.	1916-1916	метрична книга|народження|смерть|шлюб	0	ДАС-30-1-141
30	1	142	Метрична книга. Соборний храм на честь Покрови Пресвятої Богородиці  (вул. Велика Морська), м. Севастополь; Церква в ім'я Св. Благовірного князя Олександра Невського, м. Севастополь; Церква в ім'я Святих Апостолів Петра та Павла  (міській пагорб), м. Севастополь	1917-1917	метрична книга|народження|смерть|шлюб	0	ДАС-30-1-142
30	1	143	Метрична книга. Інкерманський монастир Св. Климента, с. Інкерман Ялтинського пов. Балаклавського округу; Соборна церква в ім'я Св. Миколая Мірлікійського Чудотворця, м. Балаклава Ялтинського пов.; Церква в ім'я Св. Феодосія Чернігівського, м. Севастополь; Церква в ім'я Христа Спасителя при міській лікарні, м. Севастополь; Церква на честь Вознесіння Господнього, м. Севастополь	1917-1917	метрична книга|народження|смерть|шлюб	0	ДАС-30-1-143
30	1	144	Метрична книга. Церква грецька в ім'я Трьох Святителів, м. Севастополь	1917-1917	метрична книга|народження|смерть|шлюб	0	ДАС-30-1-144
30	1	145	Метрична книга. Покровська церква, с. Кача Сімферопольського пов. Дуванкойської вол.; Соборна церква в ім'я Св. Миколая Мірлікійського Чудотворця, м. Балаклава Ялтинського пов.; Соборний храм на честь Покрови Пресвятої Богородиці  (вул. Велика Морська), м. Севастополь; Церква в ім'я Святої Великомучениці Марини, с. Камари Ялтинського пов. Балаклавського округу; Церква в ім'я Святої Живоначальной Троїці, с. Кадиковка Ялтинського пов. Балаклавського округу	1918-1918	метрична книга|народження|смерть|шлюб	0	ДАС-30-1-145
30	1	146	Метрична книга. Церква в ім'я Св. Благовірного князя Олександра Невського, м. Севастополь	1918-1918	метрична книга|народження|смерть|шлюб	0	ДАС-30-1-146
30	1	147	Метрична книга. Церква в ім'я Св. Феодосія Чернігівського, м. Севастополь; Церква в ім'я Святих Апостолів Петра та Павла  (міській пагорб), м. Севастополь; Церква в ім'я Христа Спасителя при міській лікарні, м. Севастополь; Церква на честь Вознесіння Господнього, м. Севастополь	1918-1918	метрична книга|народження|смерть|шлюб	0	ДАС-30-1-147
30	1	148	Метрична книга. –	1918-1918	метрична книга|народження|смерть|шлюб	0	ДАС-30-1-148
30	1	149	Метрична книга. Соборний храм на честь Покрови Пресвятої Богородиці  (вул. Велика Морська), м. Севастополь; Церква в ім'я Святих Апостолів Петра та Павла  (міській пагорб), м. Севастополь; Церква на честь Вознесіння Господнього, м. Севастополь	1919-1919	метрична книга|народження|смерть|шлюб	0	ДАС-30-1-149
30	1	15	Метрична книга. Церква в ім'я Святих Апостолів Петра та Павла  (вул. Велика Морська), м. Севастополь	1889-1889	метрична книга|народження	0	ДАС-30-1-15
30	1	150	Метрична книга. Церква в ім'я Св. Благовірного князя Олександра Невського, м. Севастополь	1919-1919	метрична книга|народження|смерть|шлюб	0	ДАС-30-1-150
30	1	152	Метрична книга. Інкерманський монастир Св. Климента, с. Інкерман Ялтинського пов. Балаклавського округу; Церква в ім'я Св. Феодосія Чернігівського, м. Севастополь; Церква в ім'я Христа Спасителя при міській лікарні, м. Севастополь; Церква грецька в ім'я Трьох Святителів, м. Севастополь	1919-1919	метрична книга|народження|смерть|шлюб	0	ДАС-30-1-152
30	1	16	Метрична книга. Соборна церква в ім'я Св. Миколая Мірлікійського Чудотворця, м. Балаклава Ялтинського пов.; Церква в ім'я Всіх Святих церковників (Всесвятська), м. Севастополь; Церква в ім'я Святих Апостолів Петра та Павла  (вул. Велика Морська), м. Севастополь; Церква в ім'я Святих Апостолів Петра та Павла  (Північна сторона), м. Севастополь; Церква в ім'я Святих Рівноапостольних царів Костянтина і Олени, с. Карань Ялтинського пов. Балаклавського округу та інші церкви	1889-1889	метрична книга|народження|смерть|шлюб	0	ДАС-30-1-16
30	1	17	Метрична книга. Покровська церква, с. Кача Сімферопольського пов. Дуванкойської вол.; Церква в ім'я Всіх Святих церковників (Всесвятська), м. Севастополь	1889-1890	метрична книга|народження|смерть|шлюб	0	ДАС-30-1-17
30	1	18	Метрична книга. Соборна церква в ім'я Св. Миколая Мірлікійського Чудотворця, м. Балаклава Ялтинського пов.; Церква в ім'я Святих Апостолів Петра та Павла  (вул. Велика Морська), м. Севастополь; Церква в ім'я Святих Рівноапостольних царів Костянтина і Олени, с. Карань Ялтинського пов. Балаклавського округу; Церква в ім'я Святої Великомучениці Марини, с. Камари Ялтинського пов. Балаклавського округу	1890-1890	метрична книга|народження|смерть|шлюб	0	ДАС-30-1-18
30	1	1895	Метрична книга. Церква в ім'я Святих Апостолів Петра та Павла  (вул. Велика Морська), м. Севастополь	1895-1895	метрична книга|народження|смерть|шлюб	0	ДАС-30-1-1895
30	1	19	Метрична книга. Церква в ім'я Святих Апостолів Петра та Павла  (Північна сторона), м. Севастополь; Церква грецька в ім'я Трьох Святителів, м. Севастополь	1890-1890	метрична книга|народження|смерть|шлюб	0	ДАС-30-1-19
30	1	1919	Метрична книга. Соборна церква в ім'я Св. Миколая Мірлікійського Чудотворця, м. Балаклава Ялтинського пов.	1919-1919	метрична книга|народження|смерть|шлюб	0	ДАС-30-1-1919
30	1	2	Метрична книга. Миколаївський Бахчисарайський собор, м. Бахчисарай; Покровська церква, с. Кача Сімферопольського пов. Дуванкойської вол.; Церква в ім'я Святих Апостолів Петра та Павла  (вул. Велика Морська), м. Севастополь; Церква в ім'я Святих Апостолів Петра та Павла  (Північна сторона), м. Севастополь	1879-1879	метрична книга|народження|смерть|шлюб	0	ДАС-30-1-2
30	1	20	Метрична книга. Церква в ім'я Святих Апостолів Петра та Павла  (вул. Велика Морська), м. Севастополь	1891-1891	метрична книга|народження|шлюб	0	ДАС-30-1-20
30	1	21	Метрична книга. Церква в ім'я Всіх Святих церковників (Всесвятська), м. Севастополь; Церква в ім'я Святих Апостолів Петра та Павла  (Північна сторона), м. Севастополь; Церква грецька в ім'я Трьох Святителів, м. Севастополь	1891-1891	метрична книга|народження|смерть|шлюб	0	ДАС-30-1-21
30	1	22	Метрична книга. Соборна церква в ім'я Св. Миколая Мірлікійського Чудотворця, м. Балаклава Ялтинського пов.; Церква в ім'я Св. Благовірного князя Олександра Невського, м. Севастополь; Церква в ім'я Святих Рівноапостольних царів Костянтина і Олени, с. Карань Ялтинського пов. Балаклавського округу; Церква в ім'я Святої Великомучениці Марини, с. Камари Ялтинського пов. Балаклавського округу	1891-1891	метрична книга|народження|смерть|шлюб	0	ДАС-30-1-22
30	1	23	Метрична книга. Церква в ім'я Святих Апостолів Петра та Павла  (вул. Велика Морська), м. Севастополь	1892-1892	метрична книга|народження|смерть|шлюб	0	ДАС-30-1-23
30	1	24	Метрична книга. Церква в ім'я Всіх Святих церковників (Всесвятська), м. Севастополь; Церква в ім'я Святих Апостолів Петра та Павла  (Північна сторона), м. Севастополь; Церква грецька в ім'я Трьох Святителів, м. Севастополь	1892-1892	метрична книга|народження|смерть|шлюб	0	ДАС-30-1-24
30	1	25	Метрична книга. Соборна церква в ім'я Св. Миколая Мірлікійського Чудотворця, м. Балаклава Ялтинського пов.; Церква в ім'я Св. Благовірного князя Олександра Невського, м. Севастополь; Церква в ім'я Святих Рівноапостольних царів Костянтина і Олени, с. Карань Ялтинського пов. Балаклавського округу; Церква в ім'я Святої Великомучениці Марини, с. Камари Ялтинського пов. Балаклавського округу	1892-1892	метрична книга|народження|смерть|шлюб	0	ДАС-30-1-25
30	1	26	Метрична книга. Покровська церква, с. Кача Сімферопольського пов. Дуванкойської вол.	1892-1892	метрична книга|народження|смерть|шлюб	0	ДАС-30-1-26
30	1	27	Метрична книга. Церква в ім'я Святих Апостолів Петра та Павла  (вул. Велика Морська), м. Севастополь; Церква грецька в ім'я Трьох Святителів, м. Севастополь	1893-1893	метрична книга|народження|смерть|шлюб	0	ДАС-30-1-27
30	1	28	Метрична книга. Церква в ім'я Всіх Святих церковників (Всесвятська), м. Севастополь; Церква в ім'я Св. Благовірного князя Олександра Невського, м. Севастополь; Церква в ім'я Святих Апостолів Петра та Павла  (Північна сторона), м. Севастополь	1893-1893	метрична книга|народження|смерть|шлюб	0	ДАС-30-1-28
30	1	29	Метрична книга. Церква в ім'я Всіх Святих церковників (Всесвятська), м. Севастополь; Церква в ім'я Святих Апостолів Петра та Павла  (вул. Велика Морська), м. Севастополь	1894-1894	метрична книга|народження|смерть|шлюб	0	ДАС-30-1-29
30	1	29А	Метрична книга. Церква в ім'я Святих Апостолів Петра та Павла  (вул. Велика Морська), м. Севастополь	1894-1895	метрична книга|народження	0	ДАС-30-1-29А
30	1	3	Метрична книга. Миколаївський Бахчисарайський собор, м. Бахчисарай; Покровська церква, с. Кача Сімферопольського пов. Дуванкойської вол.; Церква в ім'я Святих Апостолів Петра та Павла  (вул. Велика Морська), м. Севастополь; Церква в ім'я Святих Апостолів Петра та Павла  (Північна сторона), м. Севастополь	1880-1880	метрична книга|народження|смерть|шлюб	0	ДАС-30-1-3
30	1	30	Метрична книга. Церква в ім'я Св. Благовірного князя Олександра Невського, м. Севастополь; Церква в ім'я Святих Апостолів Петра та Павла  (Північна сторона), м. Севастополь; Церква грецька в ім'я Трьох Святителів, м. Севастополь	1894-1894	метрична книга|народження|смерть|шлюб	0	ДАС-30-1-30
30	1	32	Метрична книга. Церква в ім'я Всіх Святих церковників (Всесвятська), м. Севастополь; Церква грецька в ім'я Трьох Святителів, м. Севастополь	1895-1895	метрична книга|народження|смерть|шлюб	0	ДАС-30-1-32
30	1	33	Метрична книга. Соборна церква в ім'я Св. Миколая Мірлікійського Чудотворця, м. Балаклава Ялтинського пов.; Церква в ім'я Святих Апостолів Петра та Павла  (Північна сторона), м. Севастополь; Церква в ім'я Святих Рівноапостольних царів Костянтина і Олени, с. Карань Ялтинського пов. Балаклавського округу; Церква в ім'я Святої Великомучениці Марини, с. Камари Ялтинського пов. Балаклавського округу; Церква на честь Воскресіння Христа, маєток Форос Ялтинського пов. Байдарська вол.	1895-1895	метрична книга|народження|смерть|шлюб	0	ДАС-30-1-33
30	1	34	Метрична книга. Покровська церква, с. Кача Сімферопольського пов. Дуванкойської вол.	1895-1895	метрична книга|народження|смерть|шлюб	0	ДАС-30-1-34
30	1	35	Метрична книга. Церква в ім'я Всіх Святих церковників (Всесвятська), м. Севастополь; Церква в ім'я Святих Апостолів Петра та Павла  (вул. Велика Морська), м. Севастополь; Церква грецька в ім'я Трьох Святителів, м. Севастополь	1896-1896	метрична книга|народження|смерть|шлюб	0	ДАС-30-1-35
30	1	36	Метрична книга. Соборна церква в ім'я Св. Миколая Мірлікійського Чудотворця, м. Балаклава Ялтинського пов.; Церква в ім'я Св. Благовірного князя Олександра Невського, м. Севастополь; Церква в ім'я Святих Апостолів Петра та Павла  (Північна сторона), м. Севастополь; Церква в ім'я Святих Рівноапостольних царів Костянтина і Олени, с. Карань Ялтинського пов. Балаклавського округу; Церква в ім'я Святої Великомучениці Марини, с. Камари Ялтинського пов. Балаклавського округу та інші церкви	1896-1896	метрична книга|народження|смерть|шлюб	0	ДАС-30-1-36
30	1	37	Метрична книга. Церква в ім'я Всіх Святих церковників (Всесвятська), м. Севастополь; Церква в ім'я Святих Апостолів Петра та Павла  (вул. Велика Морська), м. Севастополь; Церква грецька в ім'я Трьох Святителів, м. Севастополь	1897-1897	метрична книга|народження|смерть|шлюб	0	ДАС-30-1-37
30	1	38	Метрична книга. Соборна церква в ім'я Св. Миколая Мірлікійського Чудотворця, м. Балаклава Ялтинського пов.; Церква в ім'я Св. Благовірного князя Олександра Невського, м. Севастополь; Церква в ім'я Святих Апостолів Петра та Павла  (Північна сторона), м. Севастополь; Церква в ім'я Святих Рівноапостольних царів Костянтина і Олени, с. Карань Ялтинського пов. Балаклавського округу; Церква в ім'я Святої Великомучениці Марини, с. Камари Ялтинського пов. Балаклавського округу та інші церкви	1897-1897	метрична книга|народження|смерть|шлюб	0	ДАС-30-1-38
30	1	39	Метрична книга. Церква в ім'я Святих Апостолів Петра та Павла  (вул. Велика Морська), м. Севастополь; Церква в ім'я Святих Апостолів Петра та Павла  (Північна сторона), м. Севастополь	1898-1898	метрична книга|народження|смерть|шлюб	0	ДАС-30-1-39
30	1	4	Метрична книга. Церква в ім'я Св. Пророка Іллі, с. Саки Євпаторійського пов.; Церква в ім'я Святих Апостолів Петра та Павла  (вул. Велика Морська), м. Севастополь; Церква в ім'я Святих Апостолів Петра та Павла  (Північна сторона), м. Севастополь; Церква в ім'я Святих Апостолів Петра та Павла, с. Мангуш Сімферопольського пов. Каралезьської вол.	1881-1881	метрична книга|народження|смерть|шлюб	0	ДАС-30-1-4
30	1	40	Метрична книга. Соборна церква в ім'я Св. Миколая Мірлікійського Чудотворця, м. Балаклава Ялтинського пов.; Церква в ім'я Св. Благовірного князя Олександра Невського, м. Севастополь; Церква в ім'я Святих Рівноапостольних царів Костянтина і Олени, с. Карань Ялтинського пов. Балаклавського округу; Церква в ім'я Святої Великомучениці Марини, с. Камари Ялтинського пов. Балаклавського округу; Церква на честь Воскресіння Христа, маєток Форос Ялтинського пов. Байдарська вол.	1898-1898	метрична книга|народження|смерть|шлюб	0	ДАС-30-1-40
30	1	41	Метрична книга. Церква в ім'я Всіх Святих церковників (Всесвятська), м. Севастополь; Церква грецька в ім'я Трьох Святителів, м. Севастополь	1898-1898	метрична книга|народження|смерть|шлюб	0	ДАС-30-1-41
30	1	42	Метрична книга. Покровська церква, с. Кача Сімферопольського пов. Дуванкойської вол.	1898-1898	метрична книга|народження|смерть|шлюб	0	ДАС-30-1-42
30	1	43	Метрична книга. Церква в ім'я Святих Апостолів Петра та Павла  (вул. Велика Морська), м. Севастополь	1899-1899	метрична книга|народження|смерть|шлюб	0	ДАС-30-1-43
30	1	44	Метрична книга. Церква в ім'я Св. Благовірного князя Олександра Невського, м. Севастополь; Церква в ім'я Святих Апостолів Петра та Павла  (Північна сторона), м. Севастополь	1899-1899	метрична книга|народження|смерть|шлюб	0	ДАС-30-1-44
30	1	45	Метричні книги православних церков Миколаївської м. Балаклава та Марининської с. Комари Севастопольського генерал-губернаторства Таврійської губернії	1899-1899	метрична книга|народження|смерть|шлюб	1	ДАС-30-1-45
30	1	46	Метрична книга. Церква в ім'я Всіх Святих церковників (Всесвятська), м. Севастополь; Церква грецька в ім'я Трьох Святителів, м. Севастополь	1899-1899	метрична книга|народження|смерть|шлюб	0	ДАС-30-1-46
30	1	47	Метрична книга. Покровська церква, с. Кача Сімферопольського пов. Дуванкойської вол.	1899-1899	метрична книга|народження|смерть|шлюб	0	ДАС-30-1-47
30	1	48	Метрична книга. Церква в ім'я Св. Благовірного князя Олександра Невського, м. Севастополь; Церква в ім'я Святих Апостолів Петра та Павла  (Північна сторона), м. Севастополь	1900-1900	метрична книга|народження|смерть|шлюб	0	ДАС-30-1-48
30	1	49	Метрична книга. Церква в ім'я Святих Апостолів Петра та Павла  (вул. Велика Морська), м. Севастополь	1900-1900	метрична книга|народження|смерть|шлюб	0	ДАС-30-1-49
30	1	5	Метрична книга. Покровська церква, с. Кача Сімферопольського пов. Дуванкойської вол.; Церква в ім'я Св. Апостола та Євангеліста Луки, с. Лаки Ялтинського пов. Богатирської вол.; Церква в ім'я Св. Архистратига Михайла, с. Алупка Ялтинського пов. Дерекойської вол.; Церква в ім'я Св. Іоанна Златоуста, м. Ялта; Церква в ім'я Святих Апостолів Петра та Павла  (вул. Велика Морська), м. Севастополь та інші церкви	1882-1882	метрична книга|народження|смерть|шлюб	0	ДАС-30-1-5
30	1	50	Метрична книга. Соборна церква в ім'я Св. Миколая Мірлікійського Чудотворця, м. Балаклава Ялтинського пов.; Церква в ім'я Святих Рівноапостольних царів Костянтина і Олени, с. Карань Ялтинського пов. Балаклавського округу; Церква в ім'я Святої Великомучениці Марини, с. Камари Ялтинського пов. Балаклавського округу	1900-1900	метрична книга|народження|смерть|шлюб	0	ДАС-30-1-50
30	1	51	Метричні книги православних церков Трьохсвятительська Грецької та Всіх Святих (кладбищенська) м. Севастополь та Воскресенська м. Форос Ялтинського повіту (фрагмент народження) Таврійської губернії	1900-1900	метрична книга|народження|смерть|шлюб	1	ДАС-30-1-51
30	1	52	Метрична книга. Покровська церква, с. Кача Сімферопольського пов. Дуванкойської вол.	1900-1900	метрична книга|народження|смерть|шлюб	0	ДАС-30-1-52
30	1	53	Метрична книга. –; Церква в ім'я Святих Апостолів Петра та Павла  (вул. Велика Морська), м. Севастополь; Церква грецька в ім'я Трьох Святителів, м. Севастополь	1901-1901,1912-1912	метрична книга|народження|смерть|шлюб	0	ДАС-30-1-53
30	1	54	Метрична книга. Церква в ім'я Святих Апостолів Петра та Павла  (вул. Велика Морська), м. Севастополь; Церква в ім'я Святих Апостолів Петра та Павла  (міській пагорб), м. Севастополь	1901-1901	метрична книга|народження|смерть|шлюб	0	ДАС-30-1-54
30	1	55	Метрична книга. Церква в ім'я Всіх Святих церковників (Всесвятська), м. Севастополь	1901-1901	метрична книга|народження|смерть|шлюб	0	ДАС-30-1-55
30	1	56	Метрична книга. Церква в ім'я Св. Благовірного князя Олександра Невського, м. Севастополь; Церква в ім'я Святих Апостолів Петра та Павла  (Північна сторона), м. Севастополь	1901-1901	метрична книга|народження|смерть|шлюб	0	ДАС-30-1-56
30	1	57	Метрична книга. Соборна церква в ім'я Св. Миколая Мірлікійського Чудотворця, м. Балаклава Ялтинського пов.; Церква в ім'я Святої Великомучениці Марини, с. Камари Ялтинського пов. Балаклавського округу; Церква на честь Воскресіння Христа, маєток Форос Ялтинського пов. Байдарська вол.	1901-1901	метрична книга|народження|смерть|шлюб	0	ДАС-30-1-57
30	1	58	Метрична книга. Покровська церква, с. Кача Сімферопольського пов. Дуванкойської вол.	1901-1901	метрична книга|народження|смерть|шлюб	0	ДАС-30-1-58
30	1	59	Метрична книга. Церква в ім'я Святих Апостолів Петра та Павла  (вул. Велика Морська), м. Севастополь	1902-1902	метрична книга|народження|смерть|шлюб	0	ДАС-30-1-59
30	1	6	Метрична книга. Церква в ім'я Святих Апостолів Петра та Павла  (вул. Велика Морська), м. Севастополь; Церква в ім'я Святих Апостолів Петра та Павла  (Північна сторона), м. Севастополь; Церква в ім'я Святих Рівноапостольних царів Костянтина і Олени, с. Карань Ялтинського пов. Балаклавського округу; Церква в ім'я Святої Великомучениці Марини, с. Камари Ялтинського пов. Балаклавського округу	1883-1883	метрична книга|народження|смерть|шлюб	0	ДАС-30-1-6
30	1	60	Метрична книга. Церква в ім'я Святих Апостолів Петра та Павла  (міській пагорб), м. Севастополь	1902-1902	метрична книга|народження|смерть|шлюб	0	ДАС-30-1-60
30	1	61	Метрична книга. Церква в ім'я Св. Благовірного князя Олександра Невського, м. Севастополь; Церква в ім'я Святих Апостолів Петра та Павла  (Північна сторона), м. Севастополь	1902-1902	метрична книга|народження|смерть|шлюб	0	ДАС-30-1-61
30	1	62	Метрична книга. Церква в ім'я Всіх Святих церковників (Всесвятська), м. Севастополь; Церква грецька в ім'я Трьох Святителів, м. Севастополь	1902-1902	метрична книга|народження|смерть|шлюб	0	ДАС-30-1-62
30	1	63	Метрична книга. Соборна церква в ім'я Св. Миколая Мірлікійського Чудотворця, м. Балаклава Ялтинського пов.; Церква в ім'я Святих Рівноапостольних царів Костянтина і Олени, с. Карань Ялтинського пов. Балаклавського округу; Церква на честь Воскресіння Христа, маєток Форос Ялтинського пов. Байдарська вол.	1902-1902	метрична книга|народження|смерть|шлюб	0	ДАС-30-1-63
30	1	64	Метрична книга. Покровська церква, с. Кача Сімферопольського пов. Дуванкойської вол.	1902-1902	метрична книга|народження|смерть|шлюб	0	ДАС-30-1-64
30	1	65	Метрична книга. Церква в ім'я Святих Апостолів Петра та Павла  (вул. Велика Морська), м. Севастополь; Церква в ім'я Святих Апостолів Петра та Павла  (міській пагорб), м. Севастополь	1903-1903	метрична книга|народження|смерть|шлюб	0	ДАС-30-1-65
30	1	66	Метрична книга. Церква в ім'я Всіх Святих церковників (Всесвятська), м. Севастополь; Церква в ім'я Святих Апостолів Петра та Павла  (Північна сторона), м. Севастополь; Церква грецька в ім'я Трьох Святителів, м. Севастополь	1903-1903	метрична книга|народження|смерть|шлюб	0	ДАС-30-1-66
30	1	67	Метрична книга. Церква в ім'я Покрови Пресвятої Богородиці, с. Албат Сімферопольського пов. Каралезьської вол.; Церква в ім'я Св. Феодосія Чернігівського, м. Севастополь; Церква в ім'я Святих Рівноапостольних царів Костянтина і Олени, с. Карань Ялтинського пов. Балаклавського округу; Церква в ім'я Святої Великомучениці Марини, с. Камари Ялтинського пов. Балаклавського округу; Церква на честь Воскресіння Христа, маєток Форос Ялтинського пов. Байдарська вол.	1902-1903	метрична книга|народження|смерть|шлюб	0	ДАС-30-1-67
30	1	68	Метрична книга. Соборний храм на честь Покрови Пресвятої Богородиці  (вул. Велика Морська), м. Севастополь; Церква в ім'я Святих Апостолів Петра та Павла  (міській пагорб), м. Севастополь	1904-1904	метрична книга|народження|смерть|шлюб	0	ДАС-30-1-68
30	1	69	Метрична книга. Церква в ім'я Всіх Святих церковників (Всесвятська), м. Севастополь; Церква грецька в ім'я Трьох Святителів, м. Севастополь	1904-1904	метрична книга|народження|смерть|шлюб	0	ДАС-30-1-69
30	1	7	Метрична книга. Церква в ім'я Св. Пророка Іллі, с. Саки Євпаторійського пов.; Церква в ім'я Святих Апостолів Петра та Павла  (вул. Велика Морська), м. Севастополь	1884-1884	метрична книга|народження|смерть|шлюб	0	ДАС-30-1-7
30	1	70	Метрична книга. Покровська церква, с. Кача Сімферопольського пов. Дуванкойської вол.; Соборна церква в ім'я Св. Миколая Мірлікійського Чудотворця, м. Балаклава Ялтинського пов.; Церква в ім'я Покрови Пресвятої Богородиці, с. Албат Сімферопольського пов. Каралезьської вол.; Церква в ім'я Св. Благовірного князя Олександра Невського, м. Севастополь; Церква в ім'я Св. Феодосія Чернігівського, м. Севастополь та інші церкви	1904-1904	метрична книга|народження|смерть|шлюб	0	ДАС-30-1-70
30	1	705	Метрична книга. Церква грецька в ім'я Трьох Святителів, м. Севастополь	1907-1907	метрична книга|народження	0	ДАС-30-1-705
30	1	71	Метрична книга. Соборний храм на честь Покрови Пресвятої Богородиці  (вул. Велика Морська), м. Севастополь	1905-1905	метрична книга|народження|смерть|шлюб	0	ДАС-30-1-71
30	1	72	Метрична книга. Церква в ім'я Святих Апостолів Петра та Павла  (міській пагорб), м. Севастополь; Церква грецька в ім'я Трьох Святителів, м. Севастополь	1905-1905	метрична книга|народження|смерть|шлюб	0	ДАС-30-1-72
30	1	73	Метрична книга. Церква в ім'я Св. Благовірного князя Олександра Невського, м. Севастополь; Церква в ім'я Святих Апостолів Петра та Павла  (Північна сторона), м. Севастополь	1905-1905	метрична книга|народження|смерть|шлюб	0	ДАС-30-1-73
30	1	74	Метрична книга. Церква в ім'я Всіх Святих церковників (Всесвятська), м. Севастополь	1905-1905	метрична книга|народження|смерть|шлюб	0	ДАС-30-1-74
30	1	75	Метрична книга. Соборна церква в ім'я Св. Миколая Мірлікійського Чудотворця, м. Балаклава Ялтинського пов.; Церква в ім'я Св. Феодосія Чернігівського, м. Севастополь; Церква в ім'я Святої Живоначальной Троїці, с. Кадиковка Ялтинського пов. Балаклавського округу	1905-1905	метрична книга|народження|смерть|шлюб	0	ДАС-30-1-75
30	1	76	Метрична книга. Покровська церква, с. Кача Сімферопольського пов. Дуванкойської вол.; Церква в ім'я Покрови Пресвятої Богородиці, с. Албат Сімферопольського пов. Каралезьської вол.; Церква в ім'я Святих Рівноапостольних царів Костянтина і Олени, с. Карань Ялтинського пов. Балаклавського округу; Церква в ім'я Святої Великомучениці Марини, с. Камари Ялтинського пов. Балаклавського округу	1905-1905	метрична книга|народження|смерть|шлюб	0	ДАС-30-1-76
30	1	77	Метрична книга. Соборний храм на честь Покрови Пресвятої Богородиці  (вул. Велика Морська), м. Севастополь	1906-1906	метрична книга|народження|смерть|шлюб	0	ДАС-30-1-77
30	1	78	Метрична книга. Церква в ім'я Св. Благовірного князя Олександра Невського, м. Севастополь; Церква в ім'я Св. Феодосія Чернігівського, м. Севастополь	1906-1906	метрична книга|народження|смерть|шлюб	0	ДАС-30-1-78
30	1	79	Метрична книга. Церква в ім'я Всіх Святих церковників (Всесвятська), м. Севастополь	1906-1906	метрична книга|народження|смерть|шлюб	0	ДАС-30-1-79
30	1	8	Метрична книга. Церква в ім'я Св. Апостола та Євангеліста Луки, с. Лаки Ялтинського пов. Богатирської вол.; Церква в ім'я Св. Іоанна Златоуста, м. Ялта; Церква в ім'я Святих Апостолів Петра та Павла  (Північна сторона), м. Севастополь; Церква в ім'я Святих Апостолів Петра та Павла, с. Мангуш Сімферопольського пов. Каралезьської вол.; Церква на честь Вознесіння Господнього, маєток Лівадія Ялтинського пов. Байдарьскої вол.	1884-1884	метрична книга|народження|смерть|шлюб	0	ДАС-30-1-8
30	1	80	Метрична книга. Церква в ім'я Святих Апостолів Петра та Павла  (міській пагорб), м. Севастополь; Церква грецька в ім'я Трьох Святителів, м. Севастополь; Церква на честь Вознесіння Господнього, м. Севастополь	1906-1906	метрична книга|народження|смерть|шлюб	0	ДАС-30-1-80
30	1	81	Метрична книга. Соборна церква в ім'я Св. Миколая Мірлікійського Чудотворця, м. Балаклава Ялтинського пов.; Церква в ім'я Святої Великомучениці Марини, с. Камари Ялтинського пов. Балаклавського округу; Церква в ім'я Святої Живоначальной Троїці, с. Кадиковка Ялтинського пов. Балаклавського округу	1906-1906	метрична книга|народження|смерть|шлюб	0	ДАС-30-1-81
30	1	82	Метрична книга. Інкерманський монастир Св. Климента, с. Інкерман Ялтинського пов. Балаклавського округу; Покровська церква, с. Кача Сімферопольського пов. Дуванкойської вол.; Церква в ім'я Покрови Пресвятої Богородиці, с. Албат Сімферопольського пов. Каралезьської вол.; Церква в ім'я Святих Рівноапостольних царів Костянтина і Олени, с. Карань Ялтинського пов. Балаклавського округу; Церква на честь Воскресіння Христа, маєток Форос Ялтинського пов. Байдарська вол.	1906-1906	метрична книга|народження|смерть|шлюб	0	ДАС-30-1-82
30	1	83	Метрична книга. Соборний храм на честь Покрови Пресвятої Богородиці  (вул. Велика Морська), м. Севастополь	1907-1907	метрична книга|народження|смерть|шлюб	0	ДАС-30-1-83
30	1	84	Метрична книга. Церква в ім'я Святих Апостолів Петра та Павла  (міській пагорб), м. Севастополь; Церква грецька в ім'я Трьох Святителів, м. Севастополь; Церква на честь Вознесіння Господнього, м. Севастополь	1907-1907	метрична книга|народження|смерть|шлюб	0	ДАС-30-1-84
30	1	85	Метрична книга. Церква в ім'я Всіх Святих церковників (Всесвятська), м. Севастополь	1907-1907	метрична книга|народження|смерть|шлюб	0	ДАС-30-1-85
30	1	86	Метрична книга. Інкерманський монастир Св. Климента, с. Інкерман Ялтинського пов. Балаклавського округу; Покровська церква, с. Кача Сімферопольського пов. Дуванкойської вол.; Соборна церква в ім'я Св. Миколая Мірлікійського Чудотворця, м. Балаклава Ялтинського пов.; Церква в ім'я Покрови Пресвятої Богородиці, с. Албат Сімферопольського пов. Каралезьської вол.; Церква в ім'я Святої Живоначальной Троїці, с. Кадиковка Ялтинського пов. Балаклавського округу та інші церкви	1907-1907	метрична книга|народження|смерть|шлюб	0	ДАС-30-1-86
30	1	87	Метрична книга. Церква в ім'я Св. Благовірного князя Олександра Невського, м. Севастополь; Церква в ім'я Св. Феодосія Чернігівського, м. Севастополь; Церква в ім'я Святих Рівноапостольних царів Костянтина і Олени, с. Карань Ялтинського пов. Балаклавського округу; Церква в ім'я Святої Великомучениці Марини, с. Камари Ялтинського пов. Балаклавського округу; Церква на честь Воскресіння Христа, маєток Форос Ялтинського пов. Байдарська вол.	1907-1907	метрична книга|народження|смерть|шлюб	0	ДАС-30-1-87
30	1	88	Метрична книга. Соборний храм на честь Покрови Пресвятої Богородиці  (вул. Велика Морська), м. Севастополь; Церква в ім'я Святих Апостолів Петра та Павла  (міській пагорб), м. Севастополь; Церква на честь Вознесіння Господнього, м. Севастополь	1908-1908	метрична книга|народження|смерть|шлюб	0	ДАС-30-1-88
30	1	89	Метрична книга. Церква в ім'я Св. Благовірного князя Олександра Невського, м. Севастополь; Церква в ім'я Св. Феодосія Чернігівського, м. Севастополь	1908-1908	метрична книга|народження|смерть|шлюб	0	ДАС-30-1-89
30	1	9	Метрична книга. Соборна церква в ім'я Св. Миколая Мірлікійського Чудотворця, м. Балаклава Ялтинського пов.	1885-1885	метрична книга|народження|смерть|шлюб	0	ДАС-30-1-9
30	1	90	Метрична книга. Церква в ім'я Всіх Святих церковників (Всесвятська), м. Севастополь; Церква грецька в ім'я Трьох Святителів, м. Севастополь	1908-1908	метрична книга|народження|смерть|шлюб	0	ДАС-30-1-90
30	1	91	Метрична книга. Соборна церква в ім'я Св. Миколая Мірлікійського Чудотворця, м. Балаклава Ялтинського пов.; Церква в ім'я Святої Великомучениці Марини, с. Камари Ялтинського пов. Балаклавського округу; Церква в ім'я Святої Живоначальной Троїці, с. Кадиковка Ялтинського пов. Балаклавського округу; Церква в ім'я Христа Спасителя при міській лікарні, м. Севастополь	1908-1908	метрична книга|народження|смерть|шлюб	0	ДАС-30-1-91
30	1	92	Метрична книга. Інкерманський монастир Св. Климента, с. Інкерман Ялтинського пов. Балаклавського округу; Покровська церква, с. Кача Сімферопольського пов. Дуванкойської вол.; Церква в ім'я Покрови Пресвятої Богородиці, с. Албат Сімферопольського пов. Каралезьської вол.; Церква в ім'я Святих Рівноапостольних царів Костянтина і Олени, с. Карань Ялтинського пов. Балаклавського округу; Церква на честь Воскресіння Христа, маєток Форос Ялтинського пов. Байдарська вол.	1908-1908	метрична книга|народження|смерть|шлюб	0	ДАС-30-1-92
30	1	93	Метрична книга. Церква в ім'я Св. Феодосія Чернігівського, м. Севастополь; Церква в ім'я Святих Апостолів Петра та Павла  (міській пагорб), м. Севастополь; Церква в ім'я Христа Спасителя при міській лікарні, м. Севастополь	1909-1909	метрична книга|народження|смерть|шлюб	0	ДАС-30-1-93
30	1	94	Метрична книга. Соборний храм на честь Покрови Пресвятої Богородиці  (вул. Велика Морська), м. Севастополь	1909-1909	метрична книга|народження|шлюб	0	ДАС-30-1-94
30	1	95	Метрична книга. Церква в ім'я Св. Благовірного князя Олександра Невського, м. Севастополь; Церква на честь Вознесіння Господнього, м. Севастополь	1909-1909	метрична книга|народження|смерть|шлюб	0	ДАС-30-1-95
30	1	96	Метрична книга. Соборна церква в ім'я Св. Миколая Мірлікійського Чудотворця, м. Балаклава Ялтинського пов.; Церква в ім'я Всіх Святих церковників (Всесвятська), м. Севастополь; Церква в ім'я Святої Живоначальной Троїці, с. Кадиковка Ялтинського пов. Балаклавського округу	1909-1909	метрична книга|народження|смерть|шлюб	0	ДАС-30-1-96
30	1	97	Метрична книга. Інкерманський монастир Св. Климента, с. Інкерман Ялтинського пов. Балаклавського округу; Покровська церква, с. Кача Сімферопольського пов. Дуванкойської вол.; Церква в ім'я Покрови Пресвятої Богородиці, с. Албат Сімферопольського пов. Каралезьської вол.; Церква в ім'я Святих Рівноапостольних царів Костянтина і Олени, с. Карань Ялтинського пов. Балаклавського округу; Церква в ім'я Святої Великомучениці Марини, с. Камари Ялтинського пов. Балаклавського округу та інші церкви	1909-1909	метрична книга|народження|смерть|шлюб	0	ДАС-30-1-97
30	1	98	Метрична книга. Соборний храм на честь Покрови Пресвятої Богородиці  (вул. Велика Морська), м. Севастополь; Церква в ім'я Святих Апостолів Петра та Павла  (міській пагорб), м. Севастополь	1910-1910	метрична книга|народження|смерть|шлюб	0	ДАС-30-1-98
30	1	99	Метрична книга. Церква в ім'я Св. Благовірного князя Олександра Невського, м. Севастополь	1910-1910	метрична книга|народження|смерть|шлюб	0	ДАС-30-1-99
30	1	Н149	Метрична книга. Церква в ім'я Святих Апостолів Петра та Павла  (міській пагорб), м. Севастополь; Церква на честь Вознесіння Господнього, м. Севастополь	1919-1919	метрична книга|смерть|шлюб	0	ДАС-30-1-Н149
30	1	Н152	Метрична книга. Церква в ім'я Св. Феодосія Чернігівського, м. Севастополь	1919-1919	метрична книга|народження|шлюб	0	ДАС-30-1-Н152
30	1	Н8	Метрична книга. Церква в ім'я Святих Апостолів Петра та Павла, с. Мангуш Сімферопольського пов. Каралезьської вол.	1884-1884	метрична книга|народження	0	ДАС-30-1-Н8
30	709	22	Метрична книга. Церква в ім'я Святої Великомучениці Марини, с. Камари Ялтинського пов. Балаклавського округу	1891-1891	метрична книга|смерть	0	ДАС-30-709-22
30	711	86	Метрична книга. Церква в ім'я Покрови Пресвятої Богородиці, с. Албат Сімферопольського пов. Каралезьської вол.	1907-1907	метрична книга|смерть	0	ДАС-30-711-86
33	1	1	Метрична книга. Церква в ім'я Святих Апостолів Петра та Павла  (вул. Велика Морська), м. Севастополь	1858-1858	метрична книга|народження|смерть|шлюб	0	ДАС-33-1-1
33	1	2	Метрична книга. Церква в ім'я Святих Апостолів Петра та Павла  (вул. Велика Морська), м. Севастополь	1859-1859	метрична книга|народження|смерть|шлюб	0	ДАС-33-1-2
33	1	3	Метрична книга. Церква в ім'я Святих Апостолів Петра та Павла  (вул. Велика Морська), м. Севастополь	1860-1860	метрична книга|народження|смерть|шлюб	0	ДАС-33-1-3
33	1	4	Метрична книга. Церква в ім'я Святих Апостолів Петра та Павла  (вул. Велика Морська), м. Севастополь	1861-1864	метрична книга|народження|смерть|шлюб	0	ДАС-33-1-4
33	1	5	Метрична книга. Церква в ім'я Святих Апостолів Петра та Павла  (вул. Велика Морська), м. Севастополь	1865-1867	метрична книга|народження|смерть|шлюб	0	ДАС-33-1-5
33	1	6	Метрична книга. Церква в ім'я Святих Апостолів Петра та Павла  (вул. Велика Морська), м. Севастополь	1868-1870	метрична книга|народження|смерть|шлюб	0	ДАС-33-1-6
33	1	7	Метрична книга. Церква в ім'я Святих Апостолів Петра та Павла  (вул. Велика Морська), м. Севастополь	1873-1875	метрична книга|народження|смерть|шлюб	0	ДАС-33-1-7
33	1	8	Метрична книга. Церква в ім'я Святих Апостолів Петра та Павла  (вул. Велика Морська), м. Севастополь	1876-1876	метрична книга|народження|смерть|шлюб	0	ДАС-33-1-8
33	1	9	Метрична книга. Церква в ім'я Святих Апостолів Петра та Павла  (вул. Велика Морська), м. Севастополь	1877-1878	метрична книга|народження|смерть|шлюб	0	ДАС-33-1-9
34	1	1	Метрична книга. Церква в ім'я Святих Апостолів Петра та Павла  (Північна сторона), м. Севастополь	1858-1858	метрична книга|народження|смерть|шлюб	0	ДАС-34-1-1
34	1	2	Метрична книга. Церква в ім'я Святих Апостолів Петра та Павла  (Північна сторона), м. Севастополь	1859-1859	метрична книга|народження|смерть|шлюб	0	ДАС-34-1-2
34	1	3	Метрична книга. Церква в ім'я Святих Апостолів Петра та Павла  (Північна сторона), м. Севастополь	1860-1860	метрична книга|народження|смерть|шлюб	0	ДАС-34-1-3
34	1	4	Метрична книга. Церква в ім'я Святих Апостолів Петра та Павла  (Північна сторона), м. Севастополь	1863-1867	метрична книга|народження|смерть|шлюб	0	ДАС-34-1-4
34	1	5	Метрична книга. Церква в ім'я Святих Апостолів Петра та Павла  (Північна сторона), м. Севастополь	1868-1869	метрична книга|народження|смерть|шлюб	0	ДАС-34-1-5
34	1	6	Метрична книга. Церква в ім'я Святих Апостолів Петра та Павла  (Північна сторона), м. Севастополь	1870-1871	метрична книга|народження|смерть|шлюб	0	ДАС-34-1-6
35	1	1	Метрична книга. Церква в ім'я Святих Апостолів Петра та Павла  (міській пагорб), м. Севастополь	1820-1841,1843-1843,1847-1847	метрична книга|народження|смерть|шлюб	0	ДАС-35-1-1
35	1	2	Метрична книга. Церква в ім'я Святих Апостолів Петра та Павла  (міській пагорб), м. Севастополь	1842-1843	метрична книга|народження|смерть|шлюб	0	ДАС-35-1-2
35	1	3	Метрична книга. Церква в ім'я Святих Апостолів Петра та Павла  (міській пагорб), м. Севастополь	1846-1846,1848-1849	метрична книга|народження|смерть|шлюб	0	ДАС-35-1-3
35	1	4	Метрична книга. Церква в ім'я Святих Апостолів Петра та Павла  (міській пагорб), м. Севастополь	1850-1851	метрична книга|народження|смерть|шлюб	0	ДАС-35-1-4
35	1	5	Метрична книга. Церква в ім'я Святих Апостолів Петра та Павла  (міській пагорб), м. Севастополь	1853-1855	метрична книга|народження|смерть|шлюб	0	ДАС-35-1-5
35	1	6	Метрична книга. Церква в ім'я Святих Апостолів Петра та Павла  (вул. Велика Морська), м. Севастополь; Церква в ім'я Святих Апостолів Петра та Павла  (міській пагорб), м. Севастополь	1855-1857	метрична книга|народження|смерть|шлюб	0	ДАС-35-1-6
5	1	1	Метрична книга. Портова церква в ім'я Св. Митрофана Воронізьського, м. Севастополь	1854-1855,1857-1882	метрична книга|народження	0	ДАС-5-1-1
5	1	2	Метрична книга. Портова церква в ім'я Св. Митрофана Воронізьського, м. Севастополь	1858-1858	метрична книга|народження|смерть|шлюб	0	ДАС-5-1-2
5	1	3	Метрична книга. Портова церква в ім'я Св. Митрофана Воронізьського, м. Севастополь	1859-1859	метрична книга|народження|смерть|шлюб	0	ДАС-5-1-3
5	1	4	Метрична книга. Портова церква в ім'я Св. Митрофана Воронізьського, м. Севастополь	1860-1860	метрична книга|народження|смерть	0	ДАС-5-1-4
5	1	5	Метрична книга. Портова церква в ім'я Св. Митрофана Воронізьського, м. Севастополь	1861-1861	метрична книга|смерть|шлюб	0	ДАС-5-1-5
5	1	6	Метрична книга. Портова церква в ім'я Св. Митрофана Воронізьського, м. Севастополь	1862-1862	метрична книга|народження|смерть|шлюб	0	ДАС-5-1-6
5	1	7	Метрична книга. Портова церква в ім'я Св. Митрофана Воронізьського, м. Севастополь	1862-1863	метрична книга|народження|смерть|шлюб	0	ДАС-5-1-7
5	1	8	Метрична книга. Портова церква в ім'я Св. Митрофана Воронізьського, м. Севастополь	1862-1867	метрична книга|народження|смерть|шлюб	0	ДАС-5-1-8
9	1	1	Метрична книга. Соборна церква в ім'я Св. Миколая Мірлікійського Чудотворця, м. Балаклава Ялтинського пов.	1857-1857	метрична книга|народження|смерть|шлюб	0	ДАС-9-1-1
9	1	2	Метрична книга. Соборна церква в ім'я Св. Миколая Мірлікійського Чудотворця, м. Балаклава Ялтинського пов.	1858-1858	метрична книга|народження|смерть|шлюб	0	ДАС-9-1-2
9	1	3	Метрична книга. Соборна церква в ім'я Св. Миколая Мірлікійського Чудотворця, м. Балаклава Ялтинського пов.	1859-1859	метрична книга|народження|смерть|шлюб	0	ДАС-9-1-3
9	1	4	Метрична книга. Соборна церква в ім'я Св. Миколая Мірлікійського Чудотворця, м. Балаклава Ялтинського пов.	1860-1865	метрична книга|народження|смерть|шлюб	0	ДАС-9-1-4
9	1	5	Метрична книга. Соборна церква в ім'я Св. Миколая Мірлікійського Чудотворця, м. Балаклава Ялтинського пов.	1866-1870	метрична книга|народження|смерть|шлюб	0	ДАС-9-1-5
9	1	6	Метрична книга. Соборна церква в ім'я Св. Миколая Мірлікійського Чудотворця, м. Балаклава Ялтинського пов.	1871-1875	метрична книга|народження|смерть|шлюб	0	ДАС-9-1-6
