Р1446	1	Опис №1 документальних матеріалів постійного терміну зберігання з питання виявлення причин аварії в районі Бабиного Яру м.Києва	10
Р6	3	Технічні проекти, проектні завдання і кошториси на будівництво, реконструкцію, перепланувння житлових будинків і споруд. Журнали реєстрації проектних завдань. Протоколи засідань архітектурно-будівельн	1
18	2	Особові справи викладачів	3
Р871	4	Цивільні справи.	1
Р871	1		0
Р871	10		0
Р871	11		0
Р871	12		0
Р871	13		0
Р871	14		0
Р871	15		0
Р871	16		0
Р871	17		0
Р871	18		0
Р871	19		0
Р871	2		0
Р871	20		0
Р871	21		0
Р871	22		0
Р871	23		0
Р871	24		0
Р871	25		0
Р871	26		0
Р871	27		0
Р871	28		0
Р871	29		0
Р871	3		0
Р871	30		0
Р871	31		0
Р871	32		0
Р871	33		0
Р871	5		0
Р871	6		0
Р871	7		0
Р871	8		0
Р871	9		0
16	464	Особові справи студентів	9
16	1		0
16	465	Особові справи студентів	4
91	1	Особові справи студентів	1
91	2	Копії циркуляра 4-го відділення про перевірку вчителів. Відомості про успішність. Письмові роботи. Списки службовців та учениць.	0
183	1	Опис 1	1
237	1	Київська міська поліція. Опис 1	17
237	84		1
237	107		1
237	57		1
243	1	Опис 1	3
312	1	Києво-Васильківський римо-католицький деканат. Опис 1	106
Р1654	2	Акти громадянського стану про реєстрацію народження, шлюбу, смерті за 1934 рр.	66
Р1654	3	Акти громадянського стану про реєстрацію народження, шлюбу, смерті за 1935 рр.	116
Р1654	4	Акти громадянського стану про реєстрацію народження, шлюбу, смерті за 1936 рр.	113
Р1654	1	Книги реєстрації актів цивільного стану за 1919-1933 рр.	860
Р1654	5	Акти громадянського стану про реєстрацію народження, шлюбу, смерті	0
Р945	1ОС	Списки професорсько-викладацького складу та студентів. Відомості про нарахування заробітної плати працівникам. Особові справи викладачів та адміністративно-технічного персоналу.	1
Р945	1	Накази з основної діяльності. Особові справи студентів. Списки працівників.	0
Р967	1	Цивільні справи.	1
Р967	2	Кримінальні справи.	0
Р360	1	Цивільні справи.	1
17	2	Опис №2	3
17	4	Опис №4	2
17	5	Опис №5	1
17	1	Укази Київського губ.правління; стан міщан/купецтва; перепис; перехід розкольників та євреїв до православ'я	0
17	6	Секретаріат + господарчий/ревізький/рахунковий — журнали Думи, ревізькі казки, поч. громадяни	0
17	7	Укази Думи, ревізькі казки, торгівля, заборона жебракування, причислення до міщан	0
99	1	Опис №1	24
99	2	Опис №2	13
153	7	Опис №7	1
153	8	Опис №8	3
163	52	Училищне відділення	9
163	4	Опис №4	2
163	5	Опис №5	2
163	7	Опис №7	83
163	47	Опис №47	2
163	10	Фінансове відділення	0
163	11	Ветеринарне відділення	0
163	12	Садове відділення	0
163	13	Ремісниче відділення	0
163	14	Управління міським пунктами забою худоби	0
163	15	Освітлювальне відділення	0
163	16	Берегове відділення	0
163	17	Квартирне відділення	0
163	18	Контрольна комісія по займах	0
163	19	Довідкове відділення	0
163	2	Відділ з піклування над солдатськими сім'ями	0
163	20	Попечительське відділення	0
163	21	Училищне відділення	0
163	22	Відділ охорони праці	0
163	23	Продовольче відділення	0
163	24	Межове відділення	0
163	25	Опалювальне відділення	0
163	26	Фуражно-обозне відділення	0
163	27	Комісія по боротьбі з дороговизною	0
163	28	Житлове відділення	0
163	29	Ревізійне відділення	0
163	3	Садове відділення	0
163	30	Орендно-земельне відділення	0
163	32	Театральне відділення	0
163	33	Особові справи. Училищне відділення	0
163	34	Особові справи. Секретаріат	0
163	35	Благодійне відділення	0
163	36	Пожежне відділення	0
163	37	Мобілізаційне відділення	0
163	38	Господарське відділення	0
163	39	Секретаріат	0
163	40	Відділення охорони здоров'я	0
163	42	Санітарне відділення	0
163	43	Юридичне відділення	0
163	44	Мостове відділення	0
163	45	Водогінне відділення	0
163	46	Оціночний відділ	0
163	48	Каналізаційне відділення	0
163	49	Бюро з викупу трамваю	0
163	51	Квартирне відділення	0
163	53	Відділення з управління міськими пунктами забою худоби	0
163	54	Концесійне відділення	0
163	55	Розпорядче відділення	0
163	56	Берегове відділення	0
163	57	Комісія з благоустрою Солом'янки при Київ. міській управі	0
163	58	Інвентарний опис	0
163	6	Фінансове відділення	0
163	8	Секретаріат	0
163	9	Відділ з піклування над солдатськими сім'ями	0
163	31	Комісія зі складання списків виборців до міської думи	1
Р1265	1	Київська обласна і міська комісія сприяння Надзвичайній державній комісії з встановлення та розслідування злочинів німецько-фашистських загарбників та їх співучасників і заподіяних ними збитків громад	2
179	1	Опис №1	16
1	2А	Те саме та ревізькі казки купців. Судові та опікунські справи. Списки чиновників магістрату та київських міщан, які присягали Петру III.	0
1	1	Копії Грамот та Універсалів російських царів, польських королів, гетьманів Запорізького війська з питань магдебурзького права. Протоколи засідань магістрату. Участь міщан м. Києва у Вітчизняній війні	3
1	3	Те саме та встановлення цін на провіант та фураж.	0
1	4	Те саме та списки чиновників канцелярії магістрату. Плани м. Києва та його околиць. Книги реєстрації контрактів.	0
1	5		0
1	2	Укази Київського губернського правління, циркуляри Київського, Подільського та Волинського генерал-губернатора. Копії Грамот та Універсалів російських царів, польських королів, гетьманів Запорізького	14
6	1	Опис 1	18
6	2		1
Р352	1		0
Р352	10		0
Р352	11		0
Р352	12		0
Р352	13		0
Р352	14		0
Р352	15		0
Р352	16		0
Р352	17		0
Р352	18		0
Р352	19		0
Р352	20		0
Р352	21		0
Р352	22		0
Р352	23		0
Р352	24		0
Р352	25		0
Р352	26		0
Р352	27		0
Р352	28		0
Р352	29		0
Р352	3		0
Р352	30		0
Р352	31		0
Р352	32		0
Р352	33		0
Р352	34		0
Р352	35		0
Р352	36		0
Р352	37		0
Р352	38		0
Р352	39		0
Р352	4		0
Р352	40		0
Р352	41		0
Р352	42		0
Р352	43		0
Р352	44		0
Р352	5		0
Р352	7		0
Р352	8		0
Р352	9		0
Р352	2	Особові справи студентів.	2
Р352	6	Особові справи службовців.	1
Р1031	1		358
250	1		1
2	1		0
2	2		0
3	3		1
8	1		2
11	1		4
12	1		2
192	2		1
Р331	2	Особові справи громадян, позбавлених або поновлених у виборчих правах.	0
Р331	1	Постанови, інструкції, розпорядження та протоколи засідань міської виборчої комісії з питань підготовки та проведення виборів до міськради. Протоколи загальних зборів робітників і службовців підприємств, організацій та установ м. Києва з висування кандидатів у депутати. Дислокація виборчих дільниць м. Києва. Статистичні звіти селищних рад, підпорядкованих Київській міськраді, про підготовку та результати виборів до сільрад. Заяви громадян про внесення їх до списків виборців. Витяги з протоколів про позбавлення або поновлення громадян у виборчих правах. Особові справи громадян позбавлених або поновлених у виборчих правах.	2
Р331	3	Протоколи загальних зборів робітників і службовців підприємств та установ м. Києва з висування кандидатів у депутати до міської та районних рад. Протоколи засідань міської виборчої комісії з виборів до міської та районних рад. Відомості Деміївської, Печерської, Подільської, Солом’янської, Шулявської районних виборчих комісій про хід виборів до міської ради.	0
