11	1	25	Метрична книга. Києво-Подільська церква Воскресіння Христова, м. Київ	1845-1863	метрична книга|народження|шлюб	0	ДАК-11-1-25
11	1	46	Метрична книга. Києво-Подільська церква Воскресіння Христова, м. Київ	1864-1871	метрична книга|народження|смерть|шлюб	0	ДАК-11-1-46
11	1	5	Метрична книга. Києво-Подільська церква Воскресіння Христова, м. Київ	1807-1812,1815-1831	метрична книга|народження|смерть|шлюб	0	ДАК-11-1-5
11	1	8	Метрична книга. Києво-Подільська церква Воскресіння Христова, м. Київ	1831-1844	метрична книга|народження|смерть|шлюб	0	ДАК-11-1-8
237	1	100	Метрична книга. Київська міська поліція, м. Київ	1858-1858,1860-1860	метрична книга|народження	0	ДАК-237-1-100
237	1	105	Перепис євреїв, які оселилися в с. Деміївка Київського повіту	1917-1917		1	ДАК-237-1-105
237	1	34	Метрична книга. Київська міська поліція, м. Київ	1878-1880,1882-1882,1884-1884,1888-1888,1894-1894,1900-1901,1903-1903,1905-1906	метрична книга|народження|шлюб	0	ДАК-237-1-34
237	1	55	Метрична книга. Київська міська поліція, м. Київ	1903-1903	метрична книга|шлюб	0	ДАК-237-1-55
237	1	56	Метрична книга. Київська міська поліція, м. Київ	1876-1878,1905-1905	метрична книга|смерть	0	ДАК-237-1-56
237	1	57	Метрична книга. Київська міська поліція, м. Київ	1878-1878,1902-1905	метрична книга|смерть|шлюб	0	ДАК-237-1-57
237	1	58	Метрична книга. Київська міська поліція, м. Київ	1867-1867,1869-1870,1874-1875,1877-1877,1879-1879,1889-1889	метрична книга|народження	0	ДАК-237-1-58
237	1	62	Метрична книга. Київська міська поліція, м. Київ	1880-1884	метрична книга|шлюб	0	ДАК-237-1-62
237	1	63	Метрична книга. Київська міська поліція, м. Київ	1860-1860,1863-1863,1865-1865,1872-1873,1875-1876,1878-1878,1881-1881,1888-1889	метрична книга|народження	0	ДАК-237-1-63
237	1	64	Метрична книга. Київська міська поліція, м. Київ	1884-1884,1891-1891	метрична книга|шлюб	0	ДАК-237-1-64
237	1	65	Метрична книга. Київська міська поліція, м. Київ	1884-1884	метрична книга|смерть	0	ДАК-237-1-65
237	1	67	Метрична книга. Київська міська поліція, м. Київ	1862-1864	метрична книга|народження	0	ДАК-237-1-67
237	1	72	Метрична книга. Київська міська поліція, м. Київ	1895-1896	метрична книга|народження	0	ДАК-237-1-72
237	1	82	Метрична книга. Київська міська поліція, м. Київ	1866-1866	метрична книга|народження	0	ДАК-237-1-82
237	1	85	Метрична книга. Київська міська поліція, м. Київ	1894-1894,1901-1901	метрична книга|народження|шлюб	0	ДАК-237-1-85
237	1	86	Метрична книга. Київська міська поліція, м. Київ	1873-1873,1892-1892,1894-1894,1899-1899	метрична книга|народження	0	ДАК-237-1-86
237	1	87	Метрична книга. Київська міська поліція, м. Київ	1900-1901	метрична книга|смерть	0	ДАК-237-1-87
237	107	108	Метрична книга. Київська міська поліція, м. Київ	1902-1904	метрична книга|народження	0	ДАК-237-107-108
237	57	60	Метрична книга. Київська міська поліція, м. Київ	1875-1879,1882-1882,1887-1887	метрична книга|смерть	0	ДАК-237-57-60
237	84	85	Метрична книга. Київська міська поліція, м. Київ	1900-1902	метрична книга|народження	0	ДАК-237-84-85
3	3	10	Метрична книга. Києво-Софійський кафедральний собор, м. Київ	1838-1838	метрична книга|народження	0	ДАК-3-3-10
312	1	100	Метричні книги костьолів Київського та Васильківського повітів за 1871 р.	1871-1871	метрична книга|народження|смерть|шлюб	1	ДАК-312-1-100
312	1	101	Метрична книга. Київська римо-католицька приходська церква, м. Київ	1871-1871	метрична книга|народження|смерть|шлюб	0	ДАК-312-1-101
312	1	102	Метрична книга. Костьоли: Білоцерківський, Бишівський, Васильківський, Київський, Макарівський, Мотовилівський, Ржищівський, Рокитнянський, Фастівський	1872-1872	метрична книга|народження|смерть|шлюб	0	ДАК-312-1-102
312	1	103	Метрична книга. Київська римо-католицька приходська церква, м. Київ	1872-1872	метрична книга|народження|смерть|шлюб	0	ДАК-312-1-103
312	1	104	Метрична книга. Костьоли: Білоцерківський, Бишівський, Васильківський, Київський, Макарівський, Мотовилівський, Ржищівський, Рокитнянський, Фастівський	1873-1873	метрична книга|народження|смерть|шлюб	0	ДАК-312-1-104
312	1	105	Метрична книга. Київська римо-католицька приходська церква, м. Київ	1873-1873	метрична книга|народження|смерть|шлюб	0	ДАК-312-1-105
312	1	106	Метрична книга. Костьоли: Білоцерківський, Бишівський, Васильківський, Київський, Макарівський, Мотовилівський, Ржищівський, Рокитнянський, Фастівський	1874-1874	метрична книга|народження|смерть|шлюб	0	ДАК-312-1-106
312	1	107	Метрична книга. Київська римо-католицька приходська церква, м. Київ	1874-1874	метрична книга|народження|смерть|шлюб	0	ДАК-312-1-107
312	1	108	Метрична книга. Київська Св. Олександра римо-католицька приходська церква, м. Київ	1916-1916	метрична книга|народження|смерть	0	ДАК-312-1-108
312	1	109	Метрична книга. Київська римо-католицька приходська церква, м. Київ	1916-1916	метрична книга|народження|смерть|шлюб	0	ДАК-312-1-109
312	1	110	Метричні виписки римо-католічних церков Луцько-Житомирської єпархії 1877 р.	1877-1877	метрична книга|народження|смерть|шлюб	0	ДАК-312-1-110
312	1	111	Метричні книги костьолів Київського та Васильківського повітів за 1878 р.	1878-1878	метрична книга|народження|смерть|шлюб	1	ДАК-312-1-111
312	1	112	Метрична книга. Костьоли: Білоцерківський, Бишівський, Васильківський, Київський, Макарівський, Мотовилівський, Ржищівський, Рокитнянський, Фастівський	1879-1879	метрична книга|народження|смерть|шлюб	0	ДАК-312-1-112
312	1	113	Метрична книга. Київська римо-католицька приходська церква, м. Київ	1879-1879	метрична книга|народження|смерть|шлюб	0	ДАК-312-1-113
312	1	114	Метричні книги костьолів Київського та Васильківського повітів за 1880 р.	1880-1880	метрична книга|народження|смерть|шлюб	1	ДАК-312-1-114
312	1	115	Метрична книга. Київська римо-католицька приходська церква, м. Київ	1880-1880	метрична книга|народження|смерть	0	ДАК-312-1-115
312	1	116	Метрична книга. Київська римо-католицька приходська церква, м. Київ	1881-1881	метрична книга|народження|смерть|шлюб	0	ДАК-312-1-116
312	1	117	Метрична книга. Київська римо-католицька приходська церква, м. Київ	1882-1882	метрична книга|смерть|шлюб	0	ДАК-312-1-117
312	1	118	Метрична книга. Самгородоцька римо-католицька приходська церква	1894-1894	метрична книга|народження|смерть|шлюб	0	ДАК-312-1-118
312	1	119	Метрична книга. Київська римо-католицька приходська церква, м. Київ	1902-1902	метрична книга|народження|смерть|шлюб	0	ДАК-312-1-119
312	1	120	Метрична книга. Київська римо-католицька приходська церква, м. Київ	1903-1903	метрична книга|народження|смерть|шлюб	0	ДАК-312-1-120
312	1	121	Метрична книга. Київська римо-католицька приходська церква, м. Київ	1904-1904	метрична книга|смерть|шлюб	0	ДАК-312-1-121
312	1	122	Метрична книга. Київська римо-католицька приходська церква, м. Київ	1906-1906	метрична книга|народження|смерть|шлюб	0	ДАК-312-1-122
312	1	123	Метрична книга. Мотовилівська римо-католицька приходська церква	1907-1907	метрична книга|народження|смерть|шлюб	0	ДАК-312-1-123
312	1	124	Метрична книга. Київська римо-католицька Св. Миколая церква, м. Київ	1912-1912	метрична книга|народження|смерть|шлюб	0	ДАК-312-1-124
312	1	125	Метрична книга. Київська Св. Олександра римо-католицька приходська церква, м. Київ	1913-1913	метрична книга|народження|смерть|шлюб	0	ДАК-312-1-125
312	1	126	Метрична книга. Київська римо-католицька Св. Миколая церква, м. Київ	1913-1913	метрична книга|народження|смерть|шлюб	0	ДАК-312-1-126
312	1	127	Метрична книга. Київська Св. Олександра римо-католицька приходська церква, м. Київ	1914-1914	метрична книга|народження|смерть|шлюб	0	ДАК-312-1-127
312	1	128	Метрична книга. Київська римо-католицька Св. Миколая церква, м. Київ	1914-1914	метрична книга|народження|смерть|шлюб	0	ДАК-312-1-128
312	1	129	Метрична книга. Київська Св. Олександра римо-католицька приходська церква, м. Київ	1915-1916	метрична книга|народження|смерть|шлюб	0	ДАК-312-1-129
312	1	130	Метрична книга. Київська римо-католицька Св. Миколая церква, м. Київ	1915-1915	метрична книга|народження|смерть|шлюб	0	ДАК-312-1-130
312	1	131	Метрична книга. Мотовилівська римо-католицька приходська церква	1915-1915	метрична книга|народження|смерть|шлюб	0	ДАК-312-1-131
312	1	24	Книга шлюбних обшуків костелів Київської губернії	1797-1802		0	ДАК-312-1-24
312	1	25	Книга запису передшлюбних обшуків римо-католицьких костелів Київської, Волинської та Подільської губерній	1802-1809		1	ДАК-312-1-25
312	1	26	Книга шлюбних обшуків костелів Київської губернії			0	ДАК-312-1-26
312	1	27	Списи душ уніатських парафій Чечельницького деканату за 1766 р	1766-1766		1	ДАК-312-1-27
312	1	30	Метрична книга. Лисянська Воскресенська уніатська церква	1789-1813	метрична книга|народження|смерть|шлюб	0	ДАК-312-1-30
312	1	31	Метрична книга Уланівського костелу за 1806-1826рр	1806-1826		1	ДАК-312-1-31
312	1	32	Метрична книга. Костьол, м. Біла Церква	1827-1844	метрична книга|шлюбні обшуки	0	ДАК-312-1-32
312	1	33	Метрична книга. Костьол, м. Ржищів	1827-1827	метрична книга|народження	0	ДАК-312-1-33
312	1	35	Метричні книги католиків Київського та Васильківського повіту. Шлюб	1835-1835	метрична книга|шлюб	1	ДАК-312-1-35
312	1	36	Метричні книги католиків Київського та Васильківського повіту. Народження	1835-1835	метрична книга|народження	1	ДАК-312-1-36
312	1	37	Метрична книга. Костьол, м. Ржищів	1835-1835	метрична книга|шлюб	0	ДАК-312-1-37
312	1	38	Метрична книга. Костьол, м. Ржищів	1835-1843	метрична книга|народження	0	ДАК-312-1-38
312	1	39	Метричні книги католиків Київського та Васильківського повіту. Смерть	1835-1835	метрична книга|смерть	1	ДАК-312-1-39
312	1	40	Метричні книги католиків Київського та Васильківського повіту. Шлюб	1836-1836		1	ДАК-312-1-40
312	1	41	Метричні книги католиків Київського та Васильківського повіту. Народження	1836-1836		1	ДАК-312-1-41
312	1	42	Метричні книги католиків Київського та Васильківського повіту. Смерть	1836-1836		1	ДАК-312-1-42
312	1	43	Метричні книги римо-католицькихк костелів Києво-Васильківського деканату. Біла Церква, Бишів, Фастів, Київ, Макарів, Мотовилівка, Рокитне, Ржищів, Василів. Шлюб.	1837-1837		1	ДАК-312-1-43
312	1	45	Метрична книга. –	1837-1837	метрична книга|народження|шлюб	0	ДАК-312-1-45
312	1	46	Метричні книги католиків Київського та Васильківського повіту. Смерть	1838-1838	метрична книга|народження|смерть	1	ДАК-312-1-46
312	1	47	Метричні книги католиків Київського та Васильківського повіту. Народження	1838-1838		1	ДАК-312-1-47
312	1	48	Метричні книги католиків Київського та Васильківського повіту. Шлюб	1838-1838	метрична книга|шлюб	1	ДАК-312-1-48
312	1	49	Метричні книги католиків Київського та Васильківського повіту. Смерть	1839-1839	метрична книга|смерть	1	ДАК-312-1-49
312	1	50	Метричні книги католиків Київського та Васильківського повіту. Шлюб	1839-1839	метрична книга|шлюб	1	ДАК-312-1-50
312	1	50А	Метричні книги католиків Київського та Васильківського повіту. Народження	1839-1839		1	ДАК-312-1-50А
312	1	51	Метричні книги католиків Київського та Васильківського повіту. Шлюб	1840-1840	метрична книга|шлюб	1	ДАК-312-1-51
312	1	52	Метрична книга. Костьоли Київського та Васильківського повітів: Білоцерківський, Київський, Макарівський, Рокитнянський, Фастівський	1840-1840	метрична книга|смерть	0	ДАК-312-1-52
312	1	53	Метричні книги католиків Київського та Васильківського повіту. Народження	1840-1840	метрична книга|народження	1	ДАК-312-1-53
312	1	54	Метрична книга римо-католицького костелу м. Ржищів. Смерть.	1840-1848		1	ДАК-312-1-54
312	1	55	Метричні книги римо-католицьких костелів Києво-Васильківського деканату. Біла Церква, Бишів, Фастів, Київ, Київський університет, Мотовилівка, Рокитне, Ржищів, Василів, Макарів. Смерть.	1841-1841	метрична книга|смерть	1	ДАК-312-1-55
312	1	56	Метричні книги римо-католицьких костелів Києво-Васильківського деканату. Біла Церква, Бишів, Фастів, Київ, Мотовилівка, Рокитне, Ржищів, Василів, Макарів. Шлюб.	1841-1841	метрична книга|шлюб	1	ДАК-312-1-56
312	1	57	Метричні книги римо-католицьких костелів Києво-Васильківського деканату. Біла Церква, Бишів, Фастів, Київ, Київський університет, Мотовилівка, Рокитне, Ржищів, Василів, Макарів. Народження.	1841-1841	метрична книга|народження	1	ДАК-312-1-57
312	1	58	Метрична книга. Костьол, м. Ржищів	1841-1848	метрична книга|шлюб	0	ДАК-312-1-58
312	1	59	Метрична книга. Костьоли Київського та Васильківського повітів: Білоцерківський, Київський, Макарівський, Рокитнянський, Фастівський	1843-1843	метрична книга|народження	0	ДАК-312-1-59
312	1	60	Метрична книга. Костьол, м. Ржищів	1843-1847	метрична книга|народження	0	ДАК-312-1-60
312	1	61	Уланівський костел	1844-1844	метрична книга|народження	0	ДАК-312-1-61
312	1	62	Липовецько-Махнівський деканат	1844-1844		0	ДАК-312-1-62
312	1	63	Метрична книга. Костьол Макарівського пов.	1845-1845	метрична книга|шлюб	0	ДАК-312-1-63
312	1	64	Метрична книга. Костьоли Васильківського пов.	1846-1846	метрична книга|народження|смерть|шлюб	0	ДАК-312-1-64
312	1	65	Метричні книги католиків Васильківського повіту	1847-1847	метрична книга|народження|смерть|шлюб	1	ДАК-312-1-65
312	1	66	Метрична книга. Костьоли Васильківського пов.	1848-1848	метрична книга|народження|смерть|шлюб	0	ДАК-312-1-66
312	1	67	Метрична книга. Костьоли Васильківського пов.	1849-1849	метрична книга|народження|смерть|шлюб	0	ДАК-312-1-67
312	1	67А	Метрична книга. Костьоли Васильківського пов.	1851-1851	метрична книга|народження|смерть|шлюб	0	ДАК-312-1-67А
312	1	68	Метрична книга. Костьол, м. Ржищів	1849-1859	метрична книга|народження	0	ДАК-312-1-68
312	1	69	Метрична книга. Київська римо-католицька приходська церква, м. Київ	1849-1857,1880-1880	метрична книга|шлюб	0	ДАК-312-1-69
312	1	70	Метрична книга. Київська римо-католицька приходська церква, м. Київ	1849-1854	метрична книга|народження	0	ДАК-312-1-70
312	1	71	Метрична книга. Костьол, м. Ржищів	1849-1859	метрична книга|шлюб	0	ДАК-312-1-71
312	1	72	Метрична книга. Київська римо-католицька приходська церква, м. Київ	1849-1853	метрична книга|смерть	0	ДАК-312-1-72
312	1	73	Метрична книга. Київська римо-католицька приходська церква, м. Київ	1853-1856	метрична книга|смерть	0	ДАК-312-1-73
312	1	74	Метрична книга. Київська римо-католицька приходська церква, м. Київ	1854-1856	метрична книга|народження	0	ДАК-312-1-74
312	1	75	Метрична книга. Костьоли Київського та Васильківського повітів: Білоцерківський, Київський, Макарівський, Рокитнянський, Фастівський	1855-1855	метрична книга|народження|смерть|шлюб	0	ДАК-312-1-75
312	1	76	Метрична книга. Костьоли Київського та Васильківського повітів: Білоцерківський, Київський, Макарівський, Рокитнянський, Фастівський	1856-1856	метрична книга|народження|смерть|шлюб	0	ДАК-312-1-76
312	1	77	Метрична книга. Бердичівська Кармелітська римо-католицька приходська церква, м. Бердичів	1857-1857	метрична книга|народження|смерть|шлюб	0	ДАК-312-1-77
312	1	78	Метрична книга. Київська римо-католицька приходська церква, м. Київ	1857-1857	метрична книга|народження|смерть	0	ДАК-312-1-78
312	1	79	Метрична книга. Київська римо-католицька приходська церква, м. Київ	1858-1858	метрична книга|народження|смерть|шлюб	0	ДАК-312-1-79
312	1	80	Метрична книга. Київська римо-католицька приходська церква, м. Київ	1859-1859	метрична книга|народження|смерть|шлюб	0	ДАК-312-1-80
312	1	81	Метрична книга. Київська римо-католицька приходська церква, м. Київ	1860-1860	метрична книга|народження|смерть|шлюб	0	ДАК-312-1-81
312	1	82	Метрична книга. Київська римо-католицька приходська церква, м. Київ	1861-1861	метрична книга|народження|смерть|шлюб	0	ДАК-312-1-82
312	1	83	Метрична книга. Костьоли: Білоцерківський, Бишівський, Васильківський, Київський, Макарівський, Мотовилівський, Ржищівський, Рокитнянський, Фастівський	1863-1863	метрична книга|народження|смерть|шлюб	0	ДАК-312-1-83
312	1	84	Метрична книга. Київська римо-католицька приходська церква, м. Київ	1863-1863	метрична книга|народження|смерть|шлюб	0	ДАК-312-1-84
312	1	85	Метрична книга. Київська римо-католицька приходська церква, м. Київ	1862-1862	метрична книга|народження|смерть|шлюб	0	ДАК-312-1-85
312	1	86	Метричні книги костьолів Київського та Васильківського повітів за 1864 р.	1864-1864	метрична книга|народження|смерть	1	ДАК-312-1-86
312	1	87	Метрична книга. Київська римо-католицька приходська церква, м. Київ	1864-1864	метрична книга|народження|смерть|шлюб	0	ДАК-312-1-87
312	1	88	Метрична книга. Київська римо-католицька приходська церква, м. Київ	1865-1865	метрична книга|народження|смерть|шлюб	0	ДАК-312-1-88
312	1	89	Метричні книги костьолів Київського та Васильківського повітів за 1865 р.	1865-1865	метрична книга|народження|смерть|шлюб	1	ДАК-312-1-89
312	1	90	Метричні книги костьолів Київського та Васильківського повітів за 1866 р.	1866-1866	метрична книга|смерть|шлюб	1	ДАК-312-1-90
312	1	91	Метрична книга. Київська римо-католицька приходська церква, м. Київ	1866-1866	метрична книга|народження|смерть|шлюб	0	ДАК-312-1-91
312	1	92	Метричні книги костьолів Київського та Васильківського повітів за 1867 р.	1867-1867	метрична книга|народження|смерть|шлюб	1	ДАК-312-1-92
312	1	93	Метрична книга. Київська римо-католицька приходська церква, м. Київ	1867-1867	метрична книга|народження|смерть|шлюб	0	ДАК-312-1-93
312	1	94	Метрична книга. Костьоли: Білоцерківський, Бишівський, Васильківський, Київський, Макарівський, Мотовилівський, Ржищівський, Рокитнянський, Фастівський	1868-1868	метрична книга|народження|шлюб	0	ДАК-312-1-94
312	1	95	Метрична книга. Київська римо-католицька приходська церква, м. Київ	1868-1868	метрична книга|народження|смерть|шлюб	0	ДАК-312-1-95
312	1	96	Метричні книги костьолів Київського та Васильківського повітів за 1869 р.	1869-1869	метрична книга|народження|смерть|шлюб	1	ДАК-312-1-96
312	1	97	Метрична книга. Київська римо-католицька приходська церква, м. Київ	1869-1869	метрична книга|народження|смерть|шлюб	0	ДАК-312-1-97
312	1	98	Метрична книга. Костьоли: Білоцерківський, Бишівський, Васильківський, Київський, Макарівський, Мотовилівський, Ржищівський, Рокитнянський, Фастівський	1870-1870	метрична книга|народження|смерть|шлюб	0	ДАК-312-1-98
312	1	99	Метрична книга. Київська римо-католицька приходська церква, м. Київ	1870-1870	метрична книга|народження|смерть|шлюб	0	ДАК-312-1-99
6	1	16	Метрична книга. Київський Військово-Миколаївський собор, м. Київ	1850-1850	метрична книга|народження|смерть|шлюб	0	ДАК-6-1-16
6	1	17	Метрична книга. Київський Військово-Миколаївський собор, м. Київ	1852-1852	метрична книга|народження|смерть|шлюб	0	ДАК-6-1-17
6	1	19	Метрична книга. Борисо-Глібська церква Жандармського полку, м. Київ	1853-1861	метрична книга|народження|смерть|шлюб	0	ДАК-6-1-19
6	1	20	Метрична книга. Київський Військово-Миколаївський собор, м. Київ	1857-1857	метрична книга|народження|смерть|шлюб	0	ДАК-6-1-20
6	1	22	Метрична книга. Київський Військово-Миколаївський собор, м. Київ	1858-1858	метрична книга|народження|смерть|шлюб	0	ДАК-6-1-22
6	1	22А	Метрична книга. Свято-Покровська церква Київського військового шпиталю, м. Київ	1858-1865	метрична книга|народження|смерть|шлюб	0	ДАК-6-1-22А
6	1	23	Метрична книга. Київський Військово-Миколаївський собор, м. Київ	1859-1859	метрична книга|народження|смерть|шлюб	0	ДАК-6-1-23
6	1	27	Метрична книга. Вознесенська церква 130-го піхотного Херсонського полку, м. Київ	1867-1867	метрична книга|народження|смерть|шлюб	0	ДАК-6-1-27
6	1	29	Метрична книга. Київський Військово-Миколаївський собор, м. Київ	1867-1867,1874-1874	метрична книга|народження|смерть|шлюб	0	ДАК-6-1-29
6	1	30	Метрична книга. Свято-Покровська церква Київського військового шпиталю, м. Київ	1874-1874	метрична книга|народження|смерть|шлюб	0	ДАК-6-1-30
6	1	34	Метрична книга. Вознесенська церква 130-го піхотного Херсонського полку, м. Київ	1904-1904	метрична книга|народження|смерть|шлюб	0	ДАК-6-1-34
6	1	36	Метрична книга. Київський Військово-Миколаївський собор, м. Київ	1909-1914	метрична книга|народження|смерть	0	ДАК-6-1-36
6	1	38	Сповідальна відомість Київського військового Миколаївського собору за 1913 рік.	1913-1913		1	ДАК-6-1-38
6	1	39	Метрична книга. Церква 724-го Мінського польового No 1 шпиталю, м. Київ	1915-1917	метрична книга|смерть	0	ДАК-6-1-39
6	1	40	Метрична книга. Церква  97-го піхотного Ліфляндського Генерал-Фельдмаршала графа Шереметєва полку, м. Київ	1914-1914	метрична книга|народження|смерть|шлюб	0	ДАК-6-1-40
6	1	45	Метрична книга. Церква 724-го Мінського польового No 1 шпиталю, м. Київ	1917-1918	метрична книга|смерть|шлюб	0	ДАК-6-1-45
6	1	46	Метрична книга. Церква 526-го польового пересувного шпиталю, м. Київ	1916-1918	метрична книга|народження|смерть	0	ДАК-6-1-46
6	1	47	Посвідчення, паспортні книжки, метричні виписи та інші документи, видані солдатам і офіцерам які одружувалися, командирами армійських батальйонів, начальниками евакуаційних пунктів, священиками церков	1917-1917		1	ДАК-6-1-47
6	2	3	Метрична книга. Київський Військово-Миколаївський собор, м. Київ	1832-1835	метрична книга|народження|смерть|шлюб	0	ДАК-6-2-3
8	1	4	Метрична книга. Києво-Подільська Покровська церква, м. Київ	1838-1838	метрична книга|народження	0	ДАК-8-1-4
8	1	8	Метрична книга. Києво-Подільська Покровська церква, м. Київ	1886-1888	метрична книга|народження	0	ДАК-8-1-8
