oc_id,parsed,target
539baa61-a210-4f9c-b88a-90afc032f54f,"ДААРК-(++++++Volume 142-1/15 Births, marriages, deaths, divorces 1857-1861 -- Volume 142-1/16 Births, marriages, deaths, divorces 1862-1883 -- Volume 142-1/17 Births, marriages, deaths, divorces 1863-1864 -- Volume 142-1/18 Births 1865)",ДААРК-142-1
0baa82dc-2952-4755-989e-094253264454,"ДААРК-(++++++ Volume 142-1/3-4 Births, marriages, deaths, divorces 1863-1875)",ДААРК-142-1
3b2e42a7-fe5c-4fdb-9ae7-cc6f0477cae7,"ДААРК-(++++++ Volume 142-1/873-874 Births, marriages 1912)",ДААРК-142-1
f42bb715-f56b-4ff5-9635-0051646c6696,ДААРК-(++++++ Volume 142-1/1-60a 1847-1883 item 1 Volume 142-1/61-642 1870-1905 item 2 Volume 142-1/643-704 1905-1907 item 3 Volume 142-1/705-878 1908-1912 item 4),ДААРК-142-1
02f54d5f-97f0-48ab-8ac7-8d79ca398ea4,ДААРК-(++++++Volume 142-3/11 Births 1890-1894 -- Volume 142-3/12 Marriages 1890-1898),ДААРК-142-3
11d05ae8-bbae-478d-8f0b-5b52ace435ab,ДААРК-(++++++Volume 142-3/1a Marriages 1827-1859 -- Volume 142-3/1b Deaths 1827-1859),ДААРК-142-3
eb34b2c8-aac3-4b85-9c83-8b60e61de1c5,ДААРК-(++++++Volume 142-3/25 (cont.) Marriages 1903-1909 -- Volume 142-3/26 Divorces 1900-1920 -- Volume 142-3/27 Deaths 1900-1909),ДААРК-142-3
fa8654c1-c80d-42ab-b8db-b5307efd2708,ДААРК-(++++++Volume 142-3/24 Births 1900-1904 -- Volume 142-3/25 Marriages 1900-1903),ДААРК-142-3
ee96f5db-2c2a-4031-bb92-85652cab9aee,ДААРК-(++++++Volume 142-3/2 Marriages 1880-1889 -- Volume 142-3/3 Divorces 1880-1899 -- Volume 142-3/4 Deaths 1880-1899),ДААРК-142-3
7abeef0e-b7e6-4ea1-9a1c-dce7f7e3dbca,ДААРК-(++++++ Volume 262-1/7 Births 1860 Volume 262-1/8 Births 1860 Volume 262-1/9 Marriages 1860 Volume 262-1/10 Deaths 1860 Volume 262-1/11 Deaths 1860 Volume 262-1/12 Deaths 1864),ДААРК-262-1
a82a8614-3185-443e-b1d0-0b7bc2fac0ae,ДААРК-(++++++ Volume 262-1/1 Marriages 1855 Volume 262-1/2 Divorces 1855 Volume 262-1/3 Births 1857 Volume 262-1/4 Births 1857 Volume 262-1/5 Deaths 1857 Volume 262-1/6 Births 1859),ДААРК-262-1
1cb9faf4-5154-4ffc-90e0-2258656d63eb,"ДААРК-(++++++Volume 263-1/1-16 Marriages, divorces, births, deaths 1854-1857 -- olume 263-1/17-20 Marriages, births, divorces, deaths 1858 -- Volume 263-1/21-36 Marriages, divorces, births, deaths 1859-1862)",ДААРК-263-1
84731643-d3f8-4de0-9164-d6671716f6b2,ДААРК-(++++++Volume 264-1/1 Marriages 1857 -- Volume 264-1/2 Births 1857 -- Volume 264-1/3 Deaths 1857 -- Volume 264-1/4 Births 1858),ДААРК-264-1
edab77ef-4bf9-42c7-a9a2-764ed2f47746,ДААРК-(++++++ Volume 269-1/1 Births 1790-1823 (Armenian and Latin text) Volume 269-1/2 Deaths 1790-1882 (Armenian and Latin text) Volume 269-1/3 Births 1802-1826 Volume 269-1/4 Births 1827-1849 Volume 269-1/5 Deaths 1827-1859 Volume 269-1/6 Revision list 1835),ДААРК-269-1
06b11893-01d2-4044-b247-e1cde2a4b27d,"ДААРК-(++++++ Volume 293-1/316-391 Uzen-Bash volost, Yalta district Births, marriages, deaths 1841-1875 (includes supplement with earlier dates))",ДААРК-293-1
63877dcb-149b-4110-b579-7bdd62ce7b02,"ДААРК-(++++++ Volume 293-1/1-39 Uzen-Bash volost, Yalta district Births, marriages, deaths 1833-1841)",ДААРК-293-1
619237c6-2f58-4410-a1f8-4c38834ad26a,"ДААРК-(++++++ Volume 319-1/254-337 Feodosiya district Births, marriages, deaths 1861-1862, 1833-1872)",ДААРК-319-1
57e65a1a-cb13-4b3d-bd8c-3f708deab926,"ДААРК-(++++++ Volume 320-1/1-27 Baydary volost, Yalta district Births, marriages, deaths 1835-1849)",ДААРК-320-1
042e82e9-11bb-4a53-a042-e03a59ecd750,"ДААРК-(++++++ Volume 321-1/1-107 Bakchisaray city Births, marriages, deaths 1833-1843)",ДААРК-321-1
ff86261d-9e13-4a10-9fba-c012736521a1,ДААРК-(++++++Volume 414-1/9-16 Simferopol district 1850-1851),ДААРК-414-1
1d6a3715-7140-47a1-9d4e-6cde08a3651a,ДААРК-(++++++Volume 414-1/18-45 Simferopol district 1858),ДААРК-414-1
49abc325-b7ae-4a09-a7d8-d9060a823229,ДААРК-(++++++Volume 414-1/1-8 Simferopol district 1834-1835),ДААРК-414-1
fe2bdbf0-4196-498f-a8f7-98a816513f0e,"ДААРК-(++++++Volume 414-1/46-84 Simferopol' district 1858-1859, 1878 (includes statistical abstract of the 10th revision from various Tavrida province districts))",ДААРК-414-1
3082c24f-cf7e-4f65-b546-96411814456e,"ДААРК-(++++++ Volume 49-1/6691 Noble family register 1805-1806, 1808-1811, 1814 Volume 49-1/6696 Noble family register 1815-1816, 1818-1820 Volume 49-1/6697 Noble family register 1821-1829)",ДААРК-49-1
9ab77937-8080-49c6-bd5e-299ca7ebf40e,"ДААРК-(++++++ Volume 49-1/1-6, 7-12, 17-19 Papers 1837)",ДААРК-49-1
39154cd4-a09d-4783-9d76-9ddcd96700d0,"ДААРК-(++++++ Volume 49-1/6651, 6654, 6658, 6661 Noble family register 1844-1847 Volume 49-1/6666, 6669 Noble family register 1849-1850 Volume 49-1/6672 Noble family register 1851-1853 Volume 49-1/6679 Noble family register 1854-1856 Volume 49-1/6682 Noble family register 1857-1859 Volume 49-1/6690 Noble family register 1804)",ДААРК-49-1
426a730c-2462-40de-8673-56a42d81617d,"ДАСО-(++++++Volume 1189-2/48-49 Births, deaths, marriages 1911-1917 -- Marriages 1918)",ДАСО-1189-2
a383ab3a-3565-4f96-8070-b8d7a78d0918,"ДАСО-(++++++Volume 743-5/181 Births, marriages, deaths 1905-1908 -- Volume 743-5/182 Births, marriages, deaths 1909-1911 -- Births, marriages 1914)",ДАСО-743-5
40b3e279-a4a8-451a-90d6-3d4b7497531c,"ДАСО-(++++++Volume 745-1/56-57. Births, marriages, deaths 1889)",ДАСО-745-1
de457e9f-183b-4bef-817e-e9f8f6381a39,"ДАСО-(++++++Volume 745-1/122-123. Births, marriages, deaths 1901)",ДАСО-745-1
46337d2b-669e-4d7f-befc-aed616efa138,"ДАТО-(++++++Volume 426-1/32-36 Births, marriages and deaths 1859-1863)",ДАТО-426-1
4793751a-d318-4b5e-9ba6-83e24b252bb4,"ДАТО-(++++++Volume 426-1/101-103.  Births, marriages, deaths 1911-1913 )",ДАТО-426-1
1bfac633-4dc4-469c-84d4-7e55a81276e6,"ДАТО-(++++++Volume 426-1/67-74.  Births, marriages, deaths 1873-1880 )",ДАТО-426-1
61ab6c28-e173-4a69-9d90-f7133eab92a1,"ДАТО-(++++++Volume 426-1/237-238.  Births, marriages, deaths 1903-1904)",ДАТО-426-1
759220f0-b760-4363-9596-a10e0b1fb837,"ДАТО-(++++++Volume 426-1/153-154.  Births, marriages, deaths 1936-1937 (in Polish, includes index))",ДАТО-426-1
f6e3518c-8589-4391-bd2f-0e91fe4d60e1,"ДАТО-(++++++Volume 426-1/37-45 Births, marriages and deaths 1865-1868)",ДАТО-426-1
489f7d1c-042d-4243-96b2-a8df20bff3ae,"ДАТО-(++++++Volume 426-1/234-235.  Births, marriages, deaths 1898-1899)",ДАТО-426-1
ac4fc7cf-32d1-4a80-8fec-45a98af2cd26,"ДАТО-(++++++Volume 426-1/25-30 Births, marriages and deaths 1853-1858)",ДАТО-426-1
070f1545-ea79-4992-9304-d5405fbe867b,"ДАТО-(++++++Volume 426-1/23-24 Births, marriages and deaths 1849 -- Births, marriages and deaths 1851)",ДАТО-426-1
955fe0bf-e162-4ced-b599-a30ec702e432,"ДАТО-(++++++Volume 484-1/9-10 Births 1875-1876 -- Volume 484-1/11 Deaths 1876 -- Volume 484-1/12-13 Births, deaths 1877 -- Volume 484-1/14-15 Births, deaths 1878 -- Volume 484-1/16 Births 1879)",ДАТО-484-1
f3b3bc24-d5b6-441f-bb7f-0f8306f83d5a,"ДАТО-(++++++Volume 484-1/16 (cont.) Births 1879 -- Volume 484-1/17-18 Births, deaths 1880 -- Volume 484-1/19-20 Births, deaths 1881 -- Volume 484-1/21-22 Births, deaths 1882 -- Volume 484-1/23-24 Births, deaths 1883 --Volume 484-1/25 Births 1884)",ДАТО-484-1
3018f9dd-1fe7-445d-926d-991bd5d50bf3,"ДАТО-(++++++Volume 484-1/26 Deaths 1884-1885, 1896 -- Volume 484-1/27-28 Births 1885-1886 -- Volume 484-1/29 Deaths 1886)",ДАТО-484-1
dc3b370d-c55b-42ab-abb4-a20f5dbe6e69,"ДАТО-(++++++Volume 484-1/29 (cont.) Deaths 1886 -- Volume 484-1/30 Deaths 1887 -- Volume 484-1/31 Births 1888-1889 -- Volume 484-1/32 Deaths 1889 -- Volume 484-1/33-34 Births, deaths 1890 -- Volume 484-1/35-36 Births 1891-1892)",ДАТО-484-1
a705aa74-acc5-4053-bd80-9a256b00aa91,ДАТО-(++++++Volume 484-1/64 (cont.) Births 1906 -- Volume 484-1/65 Deaths 1906-1907),ДАТО-484-1
639d04be-de18-4115-8cb4-1fad45eb9338,ДАТО-(++++++Volume 484-1/1 Births 1870 -- Volume 484-1/2 Deaths 1870-1872 -- Volume 484-1/3-5 Births 1871-1873 -- Volume 484-1/6 Deaths 1873 -- Volume 484-1/7 Births 1874 -- Volume 484-1/8 Deaths 1874-1875),ДАТО-484-1
e782df9d-be03-4adc-974a-98853f5ff717,"ДАТО-(++++++Volume 485-1/6-9 Births, marriages, deaths 1881-1898 -- Births, marriages, deaths 1900-1901 -- Births, marriages, deaths 1903)",ДАТО-485-1
8475ce40-6828-4e53-bc0f-2ee7a90235e4,ДАТО-(++++++Volume 485-1/73 Births 1784-1873 (Zagrobela) -- Volume 485-1/74 Births 1784-1890 (Kutkowce)),ДАТО-485-1
b34c13ad-4b04-415f-82c9-755ee437ef67,ДАТО-(++++++Volume 485-1/80 (cont.) Births 1882-1886 -- Volume 485-1/81 Marriages 1870-1897 -- Volume 485-1/82 Births 1873-1901 (Zagrobela) -- Volume 485-1/83 Marriages 1874-1876 (Kutkowce) -- Volume 485-1/84 Births 1886-1899 -- Volume 485-1/85 Deaths 1889-1905 -- Volume 485-1/86 Births 1899-1904),ДАТО-485-1
4f21ef23-4d9f-4129-83d9-b523e513d44f,ДАТО-(++++++Volume 485-1/22-23 Births 1847-1893 -- Births 1864-1872),ДАТО-485-1
fb5d24fb-8148-43c2-9162-60fd82e143e8,ДАТО-(++++++Volume 485-1/56-58 Births 1784-1880 -- Deaths 1785-1892 -- Deaths 1846-1890 -- Births 1868-1899),ДАТО-485-1
31594ec3-95b8-4955-ac28-6766e3e54b79,ДАТО-(++++++Volume 485-1/52-53 Births 1860-1899),ДАТО-485-1
32fd72dd-5fbc-472d-9b6b-9423d3fea358,ДАТО-(++++++Volume 485-1/75 Marriages 1784-1861 (Zagrobela) -- Volume 485-1/76 Marriages 1784-1870 -- Volume 485-1/77 Deaths 1784-1904 (Zagrobela) -- Volume 485-1/78 Marriages 1862-1888 (Zagrobela) -- Volume 485-1/79 Deaths 1865-1889 -- Volume 485-1/80 Births 1869-1882),ДАТО-485-1
a16325f8-dfdb-48e1-a7b4-3f89e49b5cca,ДАТО-(++++++Volume 487-1/227a-227b Deaths 1826-1857),ДАТО-487-1
792d359b-28fc-4d97-8b7f-99d134600ca4,ДАТО-(++++++Volume 487-1/261-262 Births 1872-1900),ДАТО-487-1
317d0249-307d-45df-8b68-7586ab4d26c0,ДАТО-(++++++Volume 487-1/217-218 Births 1790-1826 -- Births 1855-1890 (includes Pajówka)),ДАТО-487-1
415ad063-c7b9-40e8-b854-20e08ae5456a,ДАТО-(++++++Volume 487-1/237-237a Births 1878-1902 -- Births 1856-1877),ДАТО-487-1
00000d70-0aae-4ea2-97c4-63b21e00ed9e,ДАТО-(++++++Volume 487-1/114a Deaths (Cebrów) 1786-1856 -- Volume 487-1/114b Marriages (Cebrów) 1784 -- Marriages 1790 -- Marriages 1795 -- Marriages 1799-1867),ДАТО-487-1
4cb71493-ac53-4d6e-8913-9e060a418746,ДАТО-(++++++Volume 487-1/210-121 Births 1855-1886 -- Births 1877-1891),ДАТО-487-1
e715d577-ab3a-4ffb-893e-6783662a2e88,ДАТО-(++++++Volume 487-1/7a-7b Births 1815-1862),ДАТО-487-1
8fa532ff-5851-4954-933b-7236f5b98775,ДАТО-(++++++Volume 487-1/247-248 Births 1859-1877 -- Births 1880-1901),ДАТО-487-1
04df86b0-b99f-4af7-9f8a-e4abc6af7f6b,ДАТО-(++++++Volume 487-1/234-235 Marriages 1836-1890 -- Marriages 1851-1879),ДАТО-487-1
2a63b656-c047-40ea-a850-74b8bbf1ed42,ДАТО-(++++++Volume 487-1/19-19a Births 1831-1855),ДАТО-487-1
8c3f52fd-1381-4c01-a65f-b006996aebaf,"ЦДІАК-(++++++Volume 1045-2/916 Births, deaths 1909-1910 -- Volume 1045-2/917 Births 1916 (frame 992) (filmed with Vasilevka, Brusilov, Volitsa, Vil'nya))",ЦДІАК-1045-2
12e110b7-26d3-492e-907c-294669ebc403,ЦДІАК-(++++++Volume 1045-2/926-927 Confession lists 1904-1907),ЦДІАК-1045-2
c468cecf-2d19-4d44-8b6e-d53f0e8aaa00,"ЦДІАК-(++++++Volume 1045-2/912 Births, deaths 1900-1906, 1909-1910 (out of order) -- Volume 1045-2/913-914 Births 1881-1882, 1905-1910)",ЦДІАК-1045-2
28c73123-6f1b-4c01-80ef-7e095ac01c07,ЦДІАК-(++++++Volume 2011-1/37 (cont.) Clergy reports 1886-1904 -- Volume 2011-1/38 Financial records 1882-1885),ЦДІАК-2011-1
aaaadfd8-6359-4a98-aca3-5af43fc4b1a4,"ЦДІАК-(++++++Volume 2011-2/11 Births, marriages, deaths 1875-1886 -- Volume 2011-2/12 Births, marriages, deaths 1881-1884 -- Volume 2011-2/13 Births, marriages, deaths 1885-1886, 1888-1894 -- Volume 2011-2/14 Births, marriages, deaths 1895-1897, 1899-1900 -- Births 1901)",ЦДІАК-2011-2
52f418e3-bc3f-4b9a-977f-e4600b4f100f,ЦДІАЛ-(++++++Volume 19-1/102-3 Land tax census 1786-1788),ЦДІАЛ-19-1
dd84a3be-9ee1-40df-8013-64aade22c2e0,ЦДІАЛ-(++++++Volume 19-1/141-1 Land tax census 1787),ЦДІАЛ-19-1
d3fffd2d-db3e-4f90-bb07-d4831e3f371d,ЦДІАЛ-(++++++Volume 19-1/145-2 Land tax census 1786-1788),ЦДІАЛ-19-1
6e447b0f-a18b-48b1-a5b9-c580ff6b6776,ЦДІАЛ-(++++++Volume 19-1/127-1 (cont.) Land tax census 1786-1788),ЦДІАЛ-19-1
ba788d30-0cff-40db-834c-280c320cfade,ЦДІАЛ-(++++++Volume 19-1/149-2 Land tax census 1786-1788),ЦДІАЛ-19-1
c31a921d-d31d-45c7-991a-c977c5c93a64,ЦДІАЛ-(++++++Volume 19-1/123-1 Land tax census 1786-1788),ЦДІАЛ-19-1
56996285-dd5e-4a80-8f26-9823b1f96920,ЦДІАЛ-(++++++Volume 19-1/138-3 Land tax census 1789),ЦДІАЛ-19-1
dd1a9db6-3138-400c-aa75-684ac0817647,ЦДІАЛ-(++++++Volume 19-1/89-1 Land tax census 1786-1788),ЦДІАЛ-19-1
bfcf4908-8d99-48c5-b8f6-bfbf418143f8,ЦДІАЛ-(++++++Volume 19-1/96-2 Land tax census 1786-1788),ЦДІАЛ-19-1
69eb743f-c874-4d66-b68e-458ac6507951,ЦДІАЛ-(++++++Volume 19-1/139-1 Land tax census 1786-1820),ЦДІАЛ-19-1
4862d49d-a3f2-44e6-b67d-f317782fbe1d,ЦДІАЛ-(++++++Volume 19-1/88-1 (cont.) Land tax census 1786-1788),ЦДІАЛ-19-1
609a1f20-28b2-48bc-8ca7-b2aa9612fa3d,ЦДІАЛ-(++++++Volume 19-1/138-1 Land tax census 1786-1788),ЦДІАЛ-19-1
40fcca25-a44e-45f2-b5f4-9ebc4a19b387,ЦДІАЛ-(++++++Volume 19-1/116-1 Land tax census 1786-1788),ЦДІАЛ-19-1
015f904d-8576-4ea2-8981-86fd8043da8c,ЦДІАЛ-(++++++Volume 19-1/88-2 Land tax census 1786-1788),ЦДІАЛ-19-1
5b591fb1-21da-40c2-9b15-0fa7d0572bf2,ЦДІАЛ-(++++++Volume 19-1/126-1 (cont.) Land tax census 1786-1788),ЦДІАЛ-19-1
037b376c-a720-44c1-8897-c3723683eacd,ЦДІАЛ-(++++++Volume 19-1/116-3 Land tax census 1786-1788),ЦДІАЛ-19-1
0347d9db-ef04-4b16-b228-1eece75ce8aa,ЦДІАЛ-(++++++Volume 19-1/127-1 Land tax census 1786-1788),ЦДІАЛ-19-1
5d472d9b-8278-4f5a-a666-2075ffda6238,ЦДІАЛ-(++++++Volume 19-1/141-1 (cont.) Land tax census 1787),ЦДІАЛ-19-1
e4b767f1-9617-468e-97ad-b156846c2003,ЦДІАЛ-(++++++Volume 19-1/143-2 Land tax census 1787),ЦДІАЛ-19-1
e182926b-f24b-4e00-8141-fd03af25e3c3,ЦДІАЛ-(++++++Volume 19-1/116-1 (cont.) Land tax census 1786-1788),ЦДІАЛ-19-1
068c7258-7ee8-494c-8091-2db901dff6cb,ЦДІАЛ-(++++++Volume 19-1/139-2 Land tax census 1786-1820),ЦДІАЛ-19-1
5a469a4a-adc0-4590-884c-471ab0dc771f,ЦДІАЛ-(++++++Volume 19-1/149-1 Land tax census 1786-1788),ЦДІАЛ-19-1
1e1b442b-2c7c-49a8-8d3e-772f5285bbea,ЦДІАЛ-(++++++Volume 19-1/143-2 (cont.) Land tax census 1787),ЦДІАЛ-19-1
7554f536-cfbd-4654-aabf-5f49aff6cf74,ЦДІАЛ-(++++++Volume 19-1/145-1 Land tax census 1786-1788),ЦДІАЛ-19-1
91f63b57-5054-4873-95aa-320f383110b5,ЦДІАЛ-(++++++Volume 19-1/148-4 Land tax census 1786-1788),ЦДІАЛ-19-1
dd0c41e9-e466-4f49-aee1-a5108e85eec5,ЦДІАЛ-(++++++Volume 19-1/128-2 Land tax census 1786-1788),ЦДІАЛ-19-1
b0db706d-87de-4ac1-a5e5-7030d52fc951,ЦДІАЛ-(++++++Volume 19-1/148-5 Land tax census 1786-1788),ЦДІАЛ-19-1
bee1e209-9a44-4b61-ab57-f329e02e8640,ЦДІАЛ-(++++++Volume 19-1/159-2 Land tax census 1786-1788),ЦДІАЛ-19-1
e246ca27-9fd8-4798-b739-53773b8f705c,ЦДІАЛ-(++++++Volume 19-1/126-3 Land tax census 1786-1788),ЦДІАЛ-19-1
431390aa-b1bb-4e93-b3a1-d1cb9de476b3,ЦДІАЛ-(++++++Volume 19-1/86-1 Land tax census 1786-1788),ЦДІАЛ-19-1
d1919354-7834-4c40-9dc9-5a4924366c98,ЦДІАЛ-(++++++Volume 19-1/126-2 Land tax census 1786-1788),ЦДІАЛ-19-1
c4d0829a-6ad1-4ac4-bed4-6ad7ff38a7e6,ЦДІАЛ-(++++++Volume 19-1/187-2 Land tax census 1787),ЦДІАЛ-19-1
03078dcf-08fd-434f-9374-cef68bb89cad,ЦДІАЛ-(++++++Volume 19-1/86-2 Land tax census 1786-1788),ЦДІАЛ-19-1
64a960f1-55b8-406d-ac33-30fe0cea1d73,ЦДІАЛ-(++++++Volume 19-1/88-1 Land tax census 1786-1788),ЦДІАЛ-19-1
d3c6e274-3cca-44d4-b30e-c400f473075f,ЦДІАЛ-(++++++Volume 19-1/65-2 Land tax census 1786-1788),ЦДІАЛ-19-1
c6239a48-c234-45d6-8b2a-5ad4e5d263ed,ЦДІАЛ-(++++++Volume 19-1/138-2 Land tax census 1786-1788),ЦДІАЛ-19-1
c58b5b6a-42f7-4dce-8e3c-7a4be4437bd6,ЦДІАЛ-(++++++Volume 19-1/123-3 (cont.) Land tax census 1786-1788),ЦДІАЛ-19-1
1c25a32a-4fb1-4dbb-bacc-10f597d457f4,ЦДІАЛ-(++++++Volume 19-1/128-1 Land tax census 1786-1788),ЦДІАЛ-19-1
1a810d6a-e79c-49bc-9658-326bb6c4b64e,ЦДІАЛ-(++++++Volume 19-1/102-2 Land tax census 1786-1788),ЦДІАЛ-19-1
c17f5459-bc28-448b-b4a6-fa72e486a95f,ЦДІАЛ-(++++++Volume 19-1/144-2 Land tax census 1786-1787),ЦДІАЛ-19-1
b238f6d8-c48a-4c3d-b159-93291aaf0a3b,ЦДІАЛ-(++++++Volume 19-1/123-3 Land tax census 1786-1788),ЦДІАЛ-19-1
0b0e1319-2226-4a99-a686-4924f3f26f2c,ЦДІАЛ-(++++++Volume 19-1/187-1 Land tax census 1787),ЦДІАЛ-19-1
36c2381a-0fac-46b2-b1fb-b5b7904dad46,ЦДІАЛ-(++++++Volume 19-1/124-1 Land tax census 1786-1788),ЦДІАЛ-19-1
c050c835-22f7-4ef3-b737-7b068b3ed40e,ЦДІАЛ-(++++++Volume 19-1/116-2 Land tax census 1786-1788),ЦДІАЛ-19-1
b018b134-eea4-416f-a78b-9ce17fe68f99,ЦДІАЛ-(++++++Volume 19-1/86-2 (cont.) Land tax census 1786-1788),ЦДІАЛ-19-1
ae83e729-551b-491d-8325-91e3c072f604,ЦДІАЛ-(++++++Volume 19-1/127-2 Land tax census 1786-1788),ЦДІАЛ-19-1
f5e9959b-ec85-4bd2-86d9-241e2f04e9ac,ЦДІАЛ-(++++++Volume 19-1/96-3 Land tax census 1786-1788),ЦДІАЛ-19-1
8b557d10-7dae-4a0a-9b9e-768cb2794b08,ЦДІАЛ-(++++++Volume 19-1/140-1 Land tax census 1786-1788),ЦДІАЛ-19-1
c56a15db-a45d-4b04-83a1-377c1c7159a8,ЦДІАЛ-(++++++Volume 19-1/123-2 Land tax census 1786-1788),ЦДІАЛ-19-1
d47e085f-e5b7-4862-bb25-2cfe1cf25a95,ЦДІАЛ-(++++++Volume 19-1/66-1 (cont.) Land tax census 1786-1788),ЦДІАЛ-19-1
43fbffda-6e0d-4ed4-854a-39520de2434d,ЦДІАЛ-(++++++Volume 19-1/128-3 Land tax census 1786-1788),ЦДІАЛ-19-1
29e8c265-c497-42a9-bcbd-41ad7c929beb,ЦДІАЛ-(++++++Volume 19-1/143-1 Land tax census 1786-1787),ЦДІАЛ-19-1
aa9d3769-548e-4918-b15c-fd0f1b9f40d9,ЦДІАЛ-(++++++Volume 19-1/66-1 Land tax census 1786-1788),ЦДІАЛ-19-1
e9994862-eaca-4f97-be5f-ab466453fbee,ЦДІАЛ-(++++++Volume 19-1/148-3 (cont.) Land tax census 1786-1788),ЦДІАЛ-19-1
6e6ec9c7-6347-487a-8dda-396b75e7a603,ЦДІАЛ-(++++++Volume 19-1/116-3 (cont.) Land tax census 1786-1788),ЦДІАЛ-19-1
f159088f-cecf-49b3-9191-4cc90c444df4,ЦДІАЛ-(++++++Volume 19-1/123-4 Land tax census 1786-1788),ЦДІАЛ-19-1
fb400988-c03e-4960-a441-840a3ec8483d,ЦДІАЛ-(++++++Volume 19-1/66-2 Land tax census 1784-1788),ЦДІАЛ-19-1
e573dbdf-e1a4-443b-a328-8bf66fab526c,ЦДІАЛ-(++++++Volume 19-1/102-1 Land tax census 1786-1788),ЦДІАЛ-19-1
25fcc163-8ac9-4c5c-b130-b27a5e5c7e2a,ЦДІАЛ-(++++++Volume 19-1/159-1 Land tax census 1786-1788),ЦДІАЛ-19-1
18655289-efdd-478a-8797-d684255bab83,ЦДІАЛ-(++++++Volume 19-1/140-2 Land tax census 1786-1788),ЦДІАЛ-19-1
d691f543-ccac-4295-9bec-4d85cb62dbe1,ЦДІАЛ-(++++++Volume 19-1/144-1 Land tax census 1786-1788),ЦДІАЛ-19-1
d2648372-157d-4450-ab52-6b3e61c69f4f,ЦДІАЛ-(++++++Volume 19-1/65-1 Land tax census 1786-1788),ЦДІАЛ-19-1
d129f0a2-c610-480a-aba3-694070cc17a7,ЦДІАЛ-(++++++Volume 19-1/139-1 (cont.) Land tax census 1786-1820),ЦДІАЛ-19-1
ad23b197-6c66-48fb-9d0f-21c1662733bb,ЦДІАЛ-(++++++Volume 19-1/102-1 (cont.) Land tax census 1786-1788),ЦДІАЛ-19-1
71b70326-c577-4b52-9cc4-5d18dd84f5cf,ЦДІАЛ-(++++++Volume 19-1/141-2 Land tax census 1786-1787),ЦДІАЛ-19-1
e54fa1a1-9fe5-416c-a2c1-73dcd4e077cc,ЦДІАЛ-(++++++Volume 201-4A/3925-3932),ЦДІАЛ-201-4А
3fd31a82-f9e2-425a-b917-40cf84900858,ЦДІАЛ-(++++++Volume 201-4A/5632-5640),ЦДІАЛ-201-4А
a7d9ae2a-0b11-465c-8d4e-da616242363e,ЦДІАЛ-(++++++Volume 201-4A/3100-3107),ЦДІАЛ-201-4А
9cc1926f-f1c2-4270-8d16-a9a7b4c7263d,ЦДІАЛ-(++++++Volume 201-4A/925-934),ЦДІАЛ-201-4А
ab2d0da0-ff72-442a-8bf0-a24a8b80ee67,ЦДІАЛ-(++++++Volume 201-4A/639-646),ЦДІАЛ-201-4А
1ac66972-f1e8-4d42-b1ae-fa9bb4c356d0,ЦДІАЛ-(++++++Volume 201-4A/3795-3807),ЦДІАЛ-201-4А
d46288c6-5041-4a26-9809-0a8724b1766a,ЦДІАЛ-(++++++Volume 201-4A/828-837),ЦДІАЛ-201-4А
6cc30ad9-bece-49e6-9c2c-5e43fad76566,ЦДІАЛ-(++++++Volume 201-4A/3785-3794),ЦДІАЛ-201-4А
e93a3daa-ef85-4927-bf9e-88d99d2aadd6,ЦДІАЛ-(++++++Volume 201-4A/1437-1444),ЦДІАЛ-201-4А
abfc5255-9be7-4d1c-b485-784052cc2198,ЦДІАЛ-(++++++Volume 201-4A/6045-6050),ЦДІАЛ-201-4А
5d639831-2597-4f29-8d01-222a43cb4264,ЦДІАЛ-(++++++Volume 201-4A/2208-2220),ЦДІАЛ-201-4А
fd9638aa-0d0a-41e1-bffd-19ca0591c6e6,ЦДІАЛ-(++++++Volume 201-4A/1-10),ЦДІАЛ-201-4А
72c2e952-ce49-4e85-8e20-51aea10deb4d,ЦДІАЛ-(++++++Volume 201-4A/1777-1783),ЦДІАЛ-201-4А
e47d8695-bbe8-4961-a8c8-7605428ff228,ЦДІАЛ-(++++++Volume 201-4A/5565-5574),ЦДІАЛ-201-4А
d37b8843-ad0e-4c75-b6ab-20975e79488e,ЦДІАЛ-(++++++Volume 201-4A/963-971),ЦДІАЛ-201-4А
ad010e90-c118-4746-b37c-4f4393767582,ЦДІАЛ-(++++++Volume 201-4A/972-981),ЦДІАЛ-201-4А
0b6fd028-3213-4d84-8f63-822438e09ab8,ЦДІАЛ-(++++++Volume 201-4A/2804-2814),ЦДІАЛ-201-4А
036f2723-a844-49c7-8312-c9faf427b661,ЦДІАЛ-(++++++Volume 201-4A/1834-1842),ЦДІАЛ-201-4А
5209e42b-b03e-4739-9daf-132bc927603f,ЦДІАЛ-(++++++Volume 201-4A/1032-1039),ЦДІАЛ-201-4А
27db9a09-631d-4ab1-aa54-cecadc5d4e6d,ЦДІАЛ-(++++++Volume 201-4A/38-49),ЦДІАЛ-201-4А
d5622659-c0fb-460e-8b10-ff77554e8659,ЦДІАЛ-(++++++Volume 201-4A/5513-5522),ЦДІАЛ-201-4А
34568fbb-345c-40f9-9a64-7d6e5649f91c,ЦДІАЛ-(++++++Volume 201-4A/1070-1079),ЦДІАЛ-201-4А
64d03579-4299-4014-bb2a-3224b7eca606,ЦДІАЛ-(++++++Volume 201-4A/910-924),ЦДІАЛ-201-4А
e0eeb260-c802-44cc-ba01-8f9a35bb1476,ЦДІАЛ-(++++++Volume 201-4A/3590-3593),ЦДІАЛ-201-4А
3e67bc09-b8f4-49a5-af6a-12a3faf23051,ЦДІАЛ-(++++++Volume 201-4A/6716-6719),ЦДІАЛ-201-4А
2d86cd09-bd0c-4c2e-95c4-42d7577dd877,ЦДІАЛ-(++++++Volume 201-4A/1048-1059),ЦДІАЛ-201-4А
2e415c32-167d-4077-ad6a-5ede121e29aa,ЦДІАЛ-(++++++Volume 201-4A/1743-1754),ЦДІАЛ-201-4А
243f5dfd-102d-4469-8004-1f01d089f131,ЦДІАЛ-(++++++Volume 201-4A/3639-3643),ЦДІАЛ-201-4А
6a79913e-d406-489d-971a-d692b7f1e7bf,ЦДІАЛ-(++++++Volume 201-4A/6724-6732),ЦДІАЛ-201-4А
a94b2c68-5787-44f6-9152-945d782e1857,ЦДІАЛ-(++++++Volume 201-4A/3982-3991),ЦДІАЛ-201-4А
ef783b15-2956-4732-8fa6-e458c91d3b35,ЦДІАЛ-(++++++Volume 201-4A/1974-1985),ЦДІАЛ-201-4А
65d7041c-d830-4dae-8e9d-33706d4a416d,ЦДІАЛ-(++++++Volume 201-4A/1643-1649),ЦДІАЛ-201-4А
34a4d8f4-ecac-4dd4-a3ab-2b3c9f482add,ЦДІАЛ-(++++++Volume 201-4A/213-222),ЦДІАЛ-201-4А
0e535678-979f-4236-8877-d63f38db3a62,ЦДІАЛ-(++++++Volume 201-4A/1880-1890),ЦДІАЛ-201-4А
3fa354d1-be42-4f66-8b6b-511108472d9d,ЦДІАЛ-(++++++Volume 201-4A/5596-5608),ЦДІАЛ-201-4А
cebe5784-56bb-4933-8083-e3ce6bae73b8,ЦДІАЛ-(++++++Volume 201-4A/2144-2153),ЦДІАЛ-201-4А
fe891056-9af9-4ff9-984a-d24eeca0ee1d,ЦДІАЛ-(++++++Volume 201-4A/6915-6920),ЦДІАЛ-201-4А
ed25020a-0168-49fe-87e8-6b8265b9c885,ЦДІАЛ-(++++++Volume 201-4A/6846-6861),ЦДІАЛ-201-4А
46e8de34-f715-4713-9d47-f309cb543c5f,ЦДІАЛ-(++++++Volume 201-4A/4494-4504),ЦДІАЛ-201-4А
4a28b58e-b5f6-4c38-b962-500e9fbc14c5,ЦДІАЛ-(++++++Volume 201-4A/4951-4963),ЦДІАЛ-201-4А
e044b0b5-9719-40be-b97a-d1fb7a643f1e,ЦДІАЛ-(++++++Volume 201-4A/5462-5470),ЦДІАЛ-201-4А
276f100e-db7f-4893-83fb-5241e5ba852b,ЦДІАЛ-(++++++Volume 201-4A/6527-6532),ЦДІАЛ-201-4А
1e7ead79-0d53-4526-8d4e-771c0a7a4826,ЦДІАЛ-(++++++Volume 201-4A/658-666),ЦДІАЛ-201-4А
f7c32164-ed32-4e26-a935-99589a652e37,ЦДІАЛ-(++++++Volume 201-4A/59-70),ЦДІАЛ-201-4А
4608f629-b4f6-405a-9d3f-1c1db4466030,ЦДІАЛ-(++++++Volume 201-4A/739-748),ЦДІАЛ-201-4А
a76521e7-cd9a-4403-a680-2d80fa89cde7,ЦДІАЛ-(++++++Volume 201-4A/3346e-3346z),ЦДІАЛ-201-4А
4e85aeb0-e214-40a2-b633-a7f2ffef8044,ЦДІАЛ-(++++++Volume 201-4A/1192-1199),ЦДІАЛ-201-4А
3029ddec-adc4-4113-acc0-6de914d78553,ЦДІАЛ-(++++++Volume 201-4A/3843-3851),ЦДІАЛ-201-4А
00a42f1c-3320-4147-ab9a-66d833ab9895,ЦДІАЛ-(++++++Volume 201-4A/2077-2086),ЦДІАЛ-201-4А
44a15072-c86f-4a98-9029-5bb712dba738,ЦДІАЛ-(++++++Volume 201-4A/2364-2373),ЦДІАЛ-201-4А
f9f08e93-e909-4362-80ce-beb0d0cc7b6a,ЦДІАЛ-(++++++Volume 201-4A/3013-3024),ЦДІАЛ-201-4А
ea7df146-9b44-43b9-9150-e50a243cff1e,ЦДІАЛ-(++++++Volume 201-4A/6973-6980),ЦДІАЛ-201-4А
5a11d626-43e0-48c7-b349-0596c7174ea8,ЦДІАЛ-(++++++Volume 201-4A/4484-4493),ЦДІАЛ-201-4А
be1eb5dc-e172-42dd-982c-768380d812d3,ЦДІАЛ-(++++++Volume 201-4A/5556-5564),ЦДІАЛ-201-4А
0843e15a-d947-4f35-aa72-9e7607ceb8a6,ЦДІАЛ-(++++++Volume 201-4A/720-729),ЦДІАЛ-201-4А
6cc98014-d082-48ea-8963-e28fe285bdcf,ЦДІАЛ-(++++++Volume 201-4A/1617-1624),ЦДІАЛ-201-4А
cdbb76e0-a38a-4718-9694-e28defe0ed6f,ЦДІАЛ-(++++++Volume 201-4A/3750-3757),ЦДІАЛ-201-4А
e78310ac-88be-47f3-a73b-cab4edee8bb0,ЦДІАЛ-(++++++Volume 201-4A/1163-1173),ЦДІАЛ-201-4А
7b1ef0a4-baae-4d71-8be1-479250f28fdb,ЦДІАЛ-(++++++Volume 201-4A/3325-3331),ЦДІАЛ-201-4А
581ca435-1ffe-467d-849d-a73f5373296e,ЦДІАЛ-(++++++Volume 201-4A/4964-4973),ЦДІАЛ-201-4А
b9bd565a-cb65-4243-8896-5582f42f881c,ЦДІАЛ-(++++++Volume 201-4A/884-895),ЦДІАЛ-201-4А
ee32a791-2334-42ae-9ed4-550be6a7fbe0,ЦДІАЛ-(++++++Volume 201-4A/4417-4424),ЦДІАЛ-201-4А
bf0c3ef8-257c-41f6-b228-1c6502722be1,ЦДІАЛ-(++++++Volume 201-4A/1637 (title board is labeled wrong) Deaths 1777-1798 -- Marriage banns 1804-1882 (includes other localities) -- Volume 201-4A/1638 Births 1784-1808),ЦДІАЛ-201-4А
c1f87b22-cc4f-4a0a-8346-8911a1840033,ЦДІАЛ-(++++++Volume 201-4A/1227-1237),ЦДІАЛ-201-4А
c6656e0e-3837-4374-9aea-a7c9c5420597,ЦДІАЛ-(++++++Volume 201-4A/334-343),ЦДІАЛ-201-4А
f9f234d9-71f1-4a22-b77c-7385eaeb6efc,ЦДІАЛ-(++++++Volume 201-4A/1964-1973),ЦДІАЛ-201-4А
f19e4cfa-5dd1-40d8-8591-74fe2c70918f,ЦДІАЛ-(++++++Volume 201-4A/2337-2345),ЦДІАЛ-201-4А
b9bb8087-f7f5-4072-b2ef-138e73bd5e54,ЦДІАЛ-(++++++Volume 201-4A/1681-1688),ЦДІАЛ-201-4А
e8dac672-1f66-462e-8be0-fbbc831be134,ЦДІАЛ-(++++++Volume 201-4A/4011-4021),ЦДІАЛ-201-4А
a97181ea-4207-4ece-b14f-04742efe2a40,ЦДІАЛ-(++++++Volume 201-4A/2533-2542),ЦДІАЛ-201-4А
499a497a-8e27-4bf8-9845-5d531b209bdc,ЦДІАЛ-(++++++Volume 201-4A/1815-1824),ЦДІАЛ-201-4А
bdbbeb60-4dac-4204-b48a-dda8b4f2b007,ЦДІАЛ-(++++++Volume 201-4A/6472-6481),ЦДІАЛ-201-4А
d4d5114b-599c-43d9-969e-349c1077541f,ЦДІАЛ-(++++++Volume 201-4A/4668-4675),ЦДІАЛ-201-4А
648c9333-6ef0-4a79-b065-6d7bff297abb,ЦДІАЛ-(++++++Volume 201-4A/3108-3116),ЦДІАЛ-201-4А
9cf99da3-1dee-46e2-b767-48982bc33ace,ЦДІАЛ-(++++++Volume 201-4A/1424-1436),ЦДІАЛ-201-4А
b1fa515d-5422-4264-943a-5ac592150dad,ЦДІАЛ-(++++++Volume 201-4A/5476-5487),ЦДІАЛ-201-4А
cb595906-ea73-4feb-a2f3-6481fa8185b4,ЦДІАЛ-(++++++Volume 201-4A/2307-2317),ЦДІАЛ-201-4А
65aaaf1e-5847-44cf-ab23-883d3a06230f,ЦДІАЛ-(++++++Volume 201-4A/5662-5673),ЦДІАЛ-201-4А
34549993-d160-492c-ae37-e5011ad09690,ЦДІАЛ-(++++++Volume 201-4A/5960-5967),ЦДІАЛ-201-4А
7d4aa260-ff57-4b67-b3ac-dcc26bc3d8ba,ЦДІАЛ-(++++++Volume 201-4A/3346l-3346p),ЦДІАЛ-201-4А
973dc814-51a9-4afd-a3e1-8b29d8bee144,ЦДІАЛ-(++++++Volume 201-4A/1482-1491),ЦДІАЛ-201-4А
41b60f40-e053-432c-8b63-0cf293d486a1,ЦДІАЛ-(++++++Volume 201-4A/1598-1606),ЦДІАЛ-201-4А
c3433768-6d24-4179-a6b0-941806913e57,ЦДІАЛ-(++++++Volume 201-4A/5784-5797),ЦДІАЛ-201-4А
6db86921-79bb-4808-bc4b-b18256a54ad9,ЦДІАЛ-(++++++Volume 201-4A/1860-1863),ЦДІАЛ-201-4А
375178f2-ecfd-4a58-b9bb-9ce1e65fa0b1,ЦДІАЛ-(++++++Volume 201-4A/1370-1380),ЦДІАЛ-201-4А
16594a08-9f7f-4b22-a8b7-9cef9e6a9e86,ЦДІАЛ-(++++++Volume 201-4A/7306-7312),ЦДІАЛ-201-4А
16b112f3-fb9e-4c21-914c-5b23bfe43931,ЦДІАЛ-(++++++Volume 201-4A/1934-1944),ЦДІАЛ-201-4А
88eff67f-f3a6-42b7-b338-9328c4c519e3,ЦДІАЛ-(++++++Volume 201-4A/6709-6715),ЦДІАЛ-201-4А
2864d723-d5ba-4362-9c51-7962af320bfb,ЦДІАЛ-(++++++Volume 201-4A/6720-6724),ЦДІАЛ-201-4А
867b7909-a2b3-4329-b7b7-f80ae8ee3bd5,ЦДІАЛ-(++++++Volume 201-4A/4755-4761),ЦДІАЛ-201-4А
5200c610-65a6-4934-a866-24edeb615546,ЦДІАЛ-(++++++Volume 201-4A/857-868),ЦДІАЛ-201-4А
63d76062-0cd7-4ae7-b36c-6a43c0bb4435,ЦДІАЛ-(++++++Volume 201-4A/5916-5924),ЦДІАЛ-201-4А
a94f4ecf-3e83-4d28-9dbc-bb49229482ee,ЦДІАЛ-(++++++Volume 201-4A/3092-3099),ЦДІАЛ-201-4А
6d33fbe8-db34-4aab-9383-68d697c7198d,ЦДІАЛ-(++++++Volume 201-4A/5287-5296),ЦДІАЛ-201-4А
7af5e1e7-b922-4395-9112-5fe403911985,ЦДІАЛ-(++++++Volume 201-4A/2426-2438),ЦДІАЛ-201-4А
7d12e7b0-5f45-46c7-ac31-ace389bde64c,ЦДІАЛ-(++++++Volume 201-4A/3953-3959),ЦДІАЛ-201-4А
b1673262-e8f1-4ac9-8692-c17be64ecc81,ЦДІАЛ-(++++++Volume 201-4A/2327-2336),ЦДІАЛ-201-4А
ba1268aa-9f87-4cdf-ace3-2027d9e7513b,ЦДІАЛ-(++++++Volume 201-4A/7217-7219),ЦДІАЛ-201-4А
594be41f-a835-4b81-bc5c-e47825db673c,ЦДІАЛ-(++++++Volume 201-4A/1461-1471),ЦДІАЛ-201-4А
06769ea1-35a0-45e6-8f4a-1165d2c79486,ЦДІАЛ-(++++++Volume 201-4A/4532-4543),ЦДІАЛ-201-4А
36b2ee3e-0e2d-466a-851c-22d626d05dc1,ЦДІАЛ-(++++++Volume 201-4A/7300-7305),ЦДІАЛ-201-4А
454fd6b1-f2d8-458a-b1f3-d688d1f3674e,ЦДІАЛ-(++++++Volume 201-4A/1247-1256),ЦДІАЛ-201-4А
61e5d0bd-b5eb-45be-851a-db4b20a4c98b,ЦДІАЛ-(++++++Volume 201-4A/1625-1632),ЦДІАЛ-201-4А
e3a7999d-50d2-4639-91b1-990335bf3984,ЦДІАЛ-(++++++Volume 201-4A/1712-1716),ЦДІАЛ-201-4А
5163a423-ac1b-4eca-8d34-cff40d3dab75,ЦДІАЛ-(++++++Volume 201-4A/5999-6009),ЦДІАЛ-201-4А
00aa5f2f-319b-49d9-a808-72e2d569a666,ЦДІАЛ-(++++++Volume 201-4A/5836-5843),ЦДІАЛ-201-4А
197b443e-54d6-40dc-b152-dfe06b35ce92,ЦДІАЛ-(++++++Volume 201-4A/4355-4368),ЦДІАЛ-201-4А
8c009628-5799-4418-9860-761957326675,ЦДІАЛ-(++++++Volume 201-4A/1095-1104),ЦДІАЛ-201-4А
a9a7108d-7637-4fa6-9873-95e48bc6ff71,ЦДІАЛ-(++++++Volume 201-4A/5943-5951),ЦДІАЛ-201-4А
fb4338d1-2941-4010-b6d7-4aec36f1d261,ЦДІАЛ-(++++++Volume 201-4A/3427-3431),ЦДІАЛ-201-4А
b15e9c60-63a3-40fb-a056-def94df75b0f,ЦДІАЛ-(++++++Volume 201-4A/3679-3688),ЦДІАЛ-201-4А
9f8e0a1f-e6fc-43b2-837b-d1ca52428c2b,ЦДІАЛ-(++++++Volume 201-4A/619-628),ЦДІАЛ-201-4А
bc64aa8d-40a6-4be9-b886-add9ca41b1b9,ЦДІАЛ-(++++++Volume 201-4A/4039-4048),ЦДІАЛ-201-4А
e4ff669d-89c0-4b89-8d2c-ffcce765c774,ЦДІАЛ-(++++++Volume 201-4A/2867-2877),ЦДІАЛ-201-4А
ac5b045e-d282-45a0-912a-e9ba24b5bb98,ЦДІАЛ-(++++++Volume 201-4A/903-909),ЦДІАЛ-201-4А
643ab289-46df-45a4-87af-82fca0fc55d3,ЦДІАЛ-(++++++Volume 201-4A/101-110),ЦДІАЛ-201-4А
1a4a4b7d-824a-4c32-882d-73dc4d718ed2,ЦДІАЛ-(++++++Volume 201-4A/2885-2894),ЦДІАЛ-201-4А
d09ff307-8d47-4e59-b238-03e9c165bb51,ЦДІАЛ-(++++++Volume 201-4A/1657-1664),ЦДІАЛ-201-4А
9d97006a-5aeb-4e3d-8f86-109604e883d7,ЦДІАЛ-(++++++Volume 201-4A/2483-2492),ЦДІАЛ-201-4А
41697b55-8fd4-4889-aaa6-389b1a92cd90,ЦДІАЛ-(++++++Volume 201-4A/457-469),ЦДІАЛ-201-4А
62708858-c70e-483e-8be6-524a49d44d58,ЦДІАЛ-(++++++Volume 201-4A/5157-5168),ЦДІАЛ-201-4А
76482c24-875d-475a-ace7-e5c1c0130585,ЦДІАЛ-(++++++Volume 201-4A/2394-2401),ЦДІАЛ-201-4А
79d2aaf4-c524-4da0-ac2c-a2fee59812bb,ЦДІАЛ-(++++++Volume 201-4A/1307-1316),ЦДІАЛ-201-4А
3c703432-3744-4270-90f5-3dd06eebfe18,ЦДІАЛ-(++++++Volume 201-4A/3861-3868),ЦДІАЛ-201-4А
435d635b-ec17-404a-bafe-dfc4302ffa6a,ЦДІАЛ-(++++++Volume 201-4A/4632-4640),ЦДІАЛ-201-4А
bdbd3891-0832-45c2-9a82-61af171a9ea8,ЦДІАЛ-(++++++Volume 201-4A/2461-2471),ЦДІАЛ-201-4А
3cf72766-4922-4a53-b9e6-7cda23ea46c5,ЦДІАЛ-(++++++Volume 201-4A/7063-7071),ЦДІАЛ-201-4А
cb40b411-71e2-4339-8310-2f2122405a2d,ЦДІАЛ-(++++++Volume 201-4A/982-992),ЦДІАЛ-201-4А
b5c5ed12-6c6b-46a8-b743-1ff6a606225f,ЦДІАЛ-(++++++Volume 201-4A/5700-5709),ЦДІАЛ-201-4А
53635562-0fd0-4be4-85bb-d33133ab124a,ЦДІАЛ-(++++++Volume 201-4A/266-279),ЦДІАЛ-201-4А
833a49a5-af9f-4522-be8f-3b2f1aef21e6,ЦДІАЛ-(++++++Volume 201-4A/3211-3216),ЦДІАЛ-201-4А
19df57c6-0cbb-4e01-85bb-091c83cc19d7,ЦДІАЛ-(++++++Volume 201-4A/588-597),ЦДІАЛ-201-4А
93114bff-9f77-4724-92de-65ca28bc11bb,ЦДІАЛ-(++++++Volume 201-4A/3346p-3349),ЦДІАЛ-201-4А
029f492c-e9ad-468b-92ad-92db3fa5bb10,ЦДІАЛ-(++++++Volume 201-4A/3178-3187),ЦДІАЛ-201-4А
7bcd1948-2b5c-4e31-a024-481e66ca4038,ЦДІАЛ-(++++++Volume 201-4A/159-174),ЦДІАЛ-201-4А
2fb94134-2d40-4589-a2a9-9a80751e532c,ЦДІАЛ-(++++++Volume 201-4A/5828-5835),ЦДІАЛ-201-4А
0fa83503-f205-4ce3-acbc-fd5fa2279289,ЦДІАЛ-(++++++Volume 201-4A/5195-5206),ЦДІАЛ-201-4А
8bf0f4f2-22d7-4112-b811-9e26f13e10e8,ЦДІАЛ-(++++++Volume 201-4A/4319-4328),ЦДІАЛ-201-4А
ae07e159-19bd-457a-9fe3-b3707b5ad2e7,ЦДІАЛ-(++++++Volume 201-4A/3470-3475),ЦДІАЛ-201-4А
3b61213a-da06-47d8-8ba6-c9c79b1063c3,ЦДІАЛ-(++++++Volume 201-4A/435-445),ЦДІАЛ-201-4А
b0d89e23-7866-4105-89cc-ee82864cc92c,ЦДІАЛ-(++++++Volume 201-4A/421-434),ЦДІАЛ-201-4А
55d6b94c-18b4-41b1-b070-1a0f59985473,ЦДІАЛ-(++++++Volume 201-4A/5257-5266),ЦДІАЛ-201-4А
11067ffa-6d8b-44ff-a3b1-4864d7791102,ЦДІАЛ-(++++++Volume 201-4A/3059-3066),ЦДІАЛ-201-4А
1baeb48a-6b7e-495d-9ed0-199f3ca34a64,ЦДІАЛ-(++++++Volume 201-4A/776-785),ЦДІАЛ-201-4А
26759a9f-a90e-4021-ac6c-f94d2aa7a2cc,ЦДІАЛ-(++++++Volume 201-4A/1955-1963),ЦДІАЛ-201-4А
01450c36-2137-4e02-a43e-8602454dd5a9,ЦДІАЛ-(++++++Volume 201-4A/4852-4862),ЦДІАЛ-201-4А
7aa7962d-e728-4e99-8fb1-5d07a17f7cb0,ЦДІАЛ-(++++++Volume 201-4A/5844-5850),ЦДІАЛ-201-4А
56a68936-1845-40a3-a678-623a229890bf,ЦДІАЛ-(++++++Volume 201-4A/2928-2938),ЦДІАЛ-201-4А
f65d55ba-56ee-4b4c-8034-0cfdcff5a13c,ЦДІАЛ-(++++++Volume 201-4A/2597-2607),ЦДІАЛ-201-4А
f587adda-b2a9-49fe-a6bb-3f001333a3aa,ЦДІАЛ-(++++++Volume 201-4A/711-719),ЦДІАЛ-201-4А
3c479418-dc62-458c-9d9d-53496f0fbacb,ЦДІАЛ-(++++++Volume 201-4A/3869-3878),ЦДІАЛ-201-4А
e296287e-db30-42ce-a5bc-ec42a70a75af,ЦДІАЛ-(++++++Volume 201-4A/6742-6748),ЦДІАЛ-201-4А
b7bc8d74-2f2a-4253-849c-6fe3aeb975d3,ЦДІАЛ-(++++++Volume 201-4A/1289-1297),ЦДІАЛ-201-4А
272bd255-bd55-4778-b6f5-06144c33d181,ЦДІАЛ-(++++++Volume 201-4A/2472-2482),ЦДІАЛ-201-4А
64594fef-b330-4fcc-8fa1-ed04ba78942b,ЦДІАЛ-(++++++Volume 201-4A/3242-3248),ЦДІАЛ-201-4А
12fb9ec4-8aae-42dd-b529-06a890469e12,ЦДІАЛ-(++++++Volume 201-4A/3217-3223),ЦДІАЛ-201-4А
9d39ff86-c8d1-42ff-90c0-cfc53d6558fc,ЦДІАЛ-(++++++Volume 201-4A/111-122),ЦДІАЛ-201-4А
ffd86ea1-6515-4fdc-b131-cb4b3f5c78c0,ЦДІАЛ-(++++++Volume 201-4A/1217-1226),ЦДІАЛ-201-4А
777b392d-450d-4695-828e-19f31629a25f,ЦДІАЛ-(++++++Volume 201-4A/4095-4102),ЦДІАЛ-201-4А
b23eaab4-ed86-4712-8c7a-1c6c335072e9,ЦДІАЛ-(++++++Volume 201-4A/3837-3842),ЦДІАЛ-201-4А
4406d792-d086-47fc-b754-9330d2af98c1,ЦДІАЛ-(++++++Volume 201-4A/6811-6815),ЦДІАЛ-201-4А
ca184c91-b539-4dd9-a895-3860afd5e3d5,ЦДІАЛ-(++++++Volume 201-4A/1209-1216),ЦДІАЛ-201-4А
5aca6861-afe8-4c8a-92b4-43dc8b49d518,ЦДІАЛ-(++++++Volume 201-4A/7008-7014),ЦДІАЛ-201-4А
f665b14c-8358-4e0a-b012-c6fac92c95cf,ЦДІАЛ-(++++++Volume 201-4A/4844-4851),ЦДІАЛ-201-4А
3d74a596-d350-4f3a-bf06-57efec735c9d,ЦДІАЛ-(++++++Volume 201-4A/2754-2762),ЦДІАЛ-201-4А
80f9b582-62e1-4fea-84f9-e4c3cb07e85b,ЦДІАЛ-(++++++Volume 201-4A/1400-1406),ЦДІАЛ-201-4А
584f6bfe-de4f-4c54-95b3-fc222861607b,ЦДІАЛ-(++++++Volume 201-4A/896-902),ЦДІАЛ-201-4А
e10fbc78-81e4-4072-8056-107d9547569a,ЦДІАЛ-(++++++Volume 201-4A/7090-7094),ЦДІАЛ-201-4А
7b43fd53-1160-4d9c-b4d7-6e1289ec2c53,ЦДІАЛ-(++++++Volume 201-4A/175-179),ЦДІАЛ-201-4А
38b8824e-e949-4a4d-9f9e-4041b70961cf,ЦДІАЛ-(++++++Volume 201-4A/802-809),ЦДІАЛ-201-4А
fc149b3c-c470-4919-ae1b-3b573f8933cc,ЦДІАЛ-(++++++Volume 201-4A/1795-1804),ЦДІАЛ-201-4А
9250c0af-3aa8-445b-994d-15078508093b,ЦДІАЛ-(++++++Volume 201-4A/2616-2626),ЦДІАЛ-201-4А
4dd1c20e-dede-414d-be67-b23d722be161,ЦДІАЛ-(++++++Volume 201-4A/1381-1390),ЦДІАЛ-201-4А
3e0bda81-6980-45dd-a26f-196ba49d88f2,ЦДІАЛ-(++++++Volume 201-4A/562-568),ЦДІАЛ-201-4А
65fd33c4-c57f-4a24-9b69-3cce8b20342b,ЦДІАЛ-(++++++Volume 201-4A/6377-6385),ЦДІАЛ-201-4А
cb981980-2754-41bc-87d2-69d7bfe0e08a,ЦДІАЛ-(++++++Volume 201-4A/1697-1705),ЦДІАЛ-201-4А
96e4d60e-9b12-4af7-91c0-3acd86899a75,ЦДІАЛ-(++++++Volume 201-4A/5431-5439),ЦДІАЛ-201-4А
fea74451-46ae-480e-868d-dddc685da536,ЦДІАЛ-(++++++Volume 201-4A/481-490),ЦДІАЛ-201-4А
de32aba9-7952-4873-806e-baeb63c094fe,ЦДІАЛ-(++++++Volume 201-4A/1472-1481),ЦДІАЛ-201-4А
33a5e8b5-0e2d-4b39-a013-81bc1b991108,ЦДІАЛ-(++++++Volume 201-4A/204-212),ЦДІАЛ-201-4А
a1a5493a-7123-4148-853f-03358bd38ca8,ЦДІАЛ-(++++++Volume 201-4A/838-847),ЦДІАЛ-201-4А
0f1fc2b7-5251-4079-b39d-3a99a2ab2a40,ЦДІАЛ-(++++++Volume 201-4A/5069-5078),ЦДІАЛ-201-4А
5a101c60-a103-490d-be7b-1ff7aff616f4,ЦДІАЛ-(++++++Volume 201-4A/1919-1927),ЦДІАЛ-201-4А
61d22d15-829b-4cef-92aa-4927a461a900,ЦДІАЛ-(++++++Volume 201-4A/4648-4655),ЦДІАЛ-201-4А
8afc8809-76e4-4956-88be-73dcf014ddbc,ЦДІАЛ-(++++++Volume 201-4A/146-158),ЦДІАЛ-201-4А
80eeab0e-37b2-4bea-9bfc-bd6ca1c7419c,ЦДІАЛ-(++++++Volume 201-4A/702-710),ЦДІАЛ-201-4А
2e0153d7-2677-4c70-89ad-8fcab25e5cd9,ЦДІАЛ-(++++++Volume 201-4A/940-944),ЦДІАЛ-201-4А
a9cd2d40-77dd-4a48-a208-060f45c76af7,ЦДІАЛ-(++++++Volume 201-4A/4726-4736),ЦДІАЛ-201-4А
d03536e7-403f-45ca-bc61-b59a5415cb45,ЦДІАЛ-(++++++Volume 201-4A/1891-1902),ЦДІАЛ-201-4А
81aa6ea4-63e0-4574-8571-82fe8bc570e7,ЦДІАЛ-(++++++Volume 201-4A/749-765),ЦДІАЛ-201-4А
22057299-d571-4c95-9e35-33d814f42fa2,ЦДІАЛ-(++++++Volume 201-4A/1650-1656),ЦДІАЛ-201-4А
ce73f4ef-008e-4793-a4d8-4813cf6370cf,ЦДІАЛ-(++++++Volume 201-4A/123-135),ЦДІАЛ-201-4А
61d21048-2943-463e-950f-09e182d026b3,ЦДІАЛ-(++++++Volume 201-4A/3661-3670),ЦДІАЛ-201-4А
fd6083e7-e86e-4b18-9f01-525fbd2574b2,ЦДІАЛ-(++++++Volume 201-4A/1360-1369),ЦДІАЛ-201-4А
2d16e66f-dab9-4a50-b882-d1ea914bfd95,ЦДІАЛ-(++++++Volume 201-4A/3414-3421),ЦДІАЛ-201-4А
634db98b-2d11-4899-922e-0c1a392bd935,ЦДІАЛ-(++++++Volume 201-4A/936-938),ЦДІАЛ-201-4А
223557f9-0622-48b4-b2d8-8be63bd59efe,ЦДІАЛ-(++++++Volume 201-4A/7342-7348),ЦДІАЛ-201-4А
ef607c83-bcc5-4021-98d3-935c7b0b0bdf,ЦДІАЛ-(++++++Volume 201-4A/4292-4300),ЦДІАЛ-201-4А
8b0999c6-ca8e-422b-b4ea-81188a647705,ЦДІАЛ-(++++++Volume 201-4A/2112-2124),ЦДІАЛ-201-4А
7e42360f-6d44-47d8-9375-bbba702390f9,ЦДІАЛ-(++++++Volume 201-4A/1344-1352),ЦДІАЛ-201-4А
9d6b5637-3a9d-4f28-90b2-22725049b038,ЦДІАЛ-(++++++Volume 201-4A/5133-5144),ЦДІАЛ-201-4А
d3ce88ec-188c-44b1-a098-a8bac39dbb74,ЦДІАЛ-(++++++Volume 201-4A/6428-6435),ЦДІАЛ-201-4А
06d739d5-575c-4719-864e-c2c26dd625f0,ЦДІАЛ-(++++++Volume 201-4A/7292-7299),ЦДІАЛ-201-4А
6945209a-d15f-446e-9ce7-c5f43527d6d4,ЦДІАЛ-(++++++Volume 201-4A/4762-4770),ЦДІАЛ-201-4А
5dc24988-f68e-491d-8af8-47a3e381b403,ЦДІАЛ-(++++++Volume 201-4A/5862-5869),ЦДІАЛ-201-4А
2c0c85c6-1e2b-482f-9b99-c0e4723668c9,ЦДІАЛ-(++++++Volume 201-4A/354-364),ЦДІАЛ-201-4А
89f3cdf8-4401-4c2b-bc9b-182de5b063ba,ЦДІАЛ-(++++++Volume 201-4A/3775-3784),ЦДІАЛ-201-4А
5d237aeb-9105-48a2-a087-277e04192cdf,ЦДІАЛ-(++++++Volume 201-4A/2513-2523),ЦДІАЛ-201-4А
1e7e31d8-c199-4441-9e19-77fd6a50a3ec,ЦДІАЛ-(++++++Volume 201-4A/5331-5336),ЦДІАЛ-201-4А
b6978021-7f44-4a49-9672-30532ff49809,ЦДІАЛ-(++++++Volume 201-4A/4576-4583),ЦДІАЛ-201-4А
2a9222bb-a311-492f-aa57-82d2cc5cf318,ЦДІАЛ-(++++++Volume 201-4A/6779-6785),ЦДІАЛ-201-4А
dc65bb0a-ac79-4aa1-8b3b-575a4af8e561,ЦДІАЛ-(++++++Volume 201-4A/5061-5068),ЦДІАЛ-201-4А
68e90242-91c6-46d2-8493-75d808b5c2b3,ЦДІАЛ-(++++++Volume 201-4A/4737-4746),ЦДІАЛ-201-4А
008851aa-1fa5-4761-9cf5-fe9926e99ee8,ЦДІАЛ-(++++++Volume 201-4A/3722-3734),ЦДІАЛ-201-4А
42945121-eb02-4551-86e8-c3241ab6ab79,ЦДІАЛ-(++++++Volume 201-4A/313-323),ЦДІАЛ-201-4А
bcac6586-1317-4638-b611-30ebfab9e1cc,ЦДІАЛ-(++++++Volume 201-4A/1864-1871),ЦДІАЛ-201-4А
58467ec0-1f01-40a6-b2cd-e7ed3a6469e0,ЦДІАЛ-(++++++Volume 201-4A/5724-5731),ЦДІАЛ-201-4А
f9814529-8aa5-4e9b-b0f7-c0df2d73606a,ЦДІАЛ-(++++++Volume 201-4A/7235-7239),ЦДІАЛ-201-4А
22a1189b-af86-42fe-8d16-770f8f8fbb0a,ЦДІАЛ-(++++++Volume 618-2/1824-1833),ЦДІАЛ-618-2
7fa56e47-d0fe-4f67-ac75-ec8be05153d0,ЦДІАЛ-(++++++Volume 618-2/486-493),ЦДІАЛ-618-2
4cc5db39-e7c8-484d-aef1-9b7a70d305fd,ЦДІАЛ-(++++++Volume 618-2/1834-1841),ЦДІАЛ-618-2
06be8fa4-137b-4f17-a6d4-64f48f8d9e51,ЦДІАЛ-(++++++Volume 618-2/2529-2533),ЦДІАЛ-618-2
bb575c45-500a-416f-bb6b-b97d743d4c66,ЦДІАЛ-(++++++Volume 618-2/538-548),ЦДІАЛ-618-2
e9bf5f0c-d2ba-4130-ad8b-8fdc6df58f21,ЦДІАЛ-(++++++Volume 618-2/2392-2399),ЦДІАЛ-618-2
73fabc59-43f3-4253-a29a-1a47ad898ba6,ЦДІАЛ-(++++++Volume 618-2/227-233),ЦДІАЛ-618-2
5b1322cf-37ed-4227-8a3e-80220aa50468,ЦДІАЛ-(++++++Volume 618-2/1916-1924),ЦДІАЛ-618-2
c2ebd251-e920-4e22-bf1e-a821e6ee3261,ЦДІАЛ-(++++++Volume 618-2/2623-2626),ЦДІАЛ-618-2
090aafb0-8c47-45a3-a9d3-f35a95b70883,ЦДІАЛ-(++++++Volume 618-2/691-705),ЦДІАЛ-618-2
e4822a9f-9c9b-4cca-9903-b0322ac5f287,ЦДІАЛ-(++++++Volume 618-2/476-485),ЦДІАЛ-618-2
82cc775a-bb8d-4cd3-a0c2-a26a8587484f,ЦДІАЛ-(++++++Volume 618-2/2558-2562),ЦДІАЛ-618-2
fd87a49b-d4f2-40a0-8c4c-e50760dc52a2,ЦДІАЛ-(++++++Volume 618-2/1503-1515),ЦДІАЛ-618-2
70679a45-3988-423d-b8fd-cfb3f46d9349,ЦДІАЛ-(++++++Volume 618-2/2606-2609),ЦДІАЛ-618-2
12f7c693-542b-4db5-b34c-c6a411dba1e0,ЦДІАЛ-(++++++Volume 618-2/2170-2172),ЦДІАЛ-618-2
beb7cc05-921b-4435-bcc4-fc341f9446a2,ЦДІАЛ-(++++++Volume 618-2/529-537),ЦДІАЛ-618-2
0ed40cf2-3f00-4c7e-af62-5007a8a3a41a,ЦДІАЛ-(++++++Volume 618-2/2275-2279),ЦДІАЛ-618-2
0342ec29-9b88-473e-83f2-adebd7c6a890,ЦДІАЛ-(++++++Volume 618-2/1815-1823),ЦДІАЛ-618-2
9ff33425-0973-4cad-a8c1-b7be6b30a7b3,ЦДІАЛ-(++++++Volume 618-2/733-750),ЦДІАЛ-618-2
e4f4cc0d-2c75-4a93-b5bc-b0424e3fab7e,ЦДІАЛ-(++++++Volume 618-2/1177-1190),ЦДІАЛ-618-2
3b78438a-a0a6-4070-9aea-9fbd15d2a51f,ЦДІАЛ-(++++++Volume 618-2/304-309),ЦДІАЛ-618-2
96a1d976-6d26-4a8c-9231-269ef0de8372,ЦДІАЛ-(++++++Volume 618-2/1878-1886),ЦДІАЛ-618-2
10a2e564-3a1c-436f-88ef-8e39d9322beb,ЦДІАЛ-(++++++Volume 618-2/2593-2596),ЦДІАЛ-618-2
7f3b255c-b66d-49c0-9ccd-61d641a533b3,ЦДІАЛ-(++++++Volume 618-2/1-5),ЦДІАЛ-618-2
76239e25-425d-4f62-96b1-d49089caa762,ЦДІАЛ-(++++++Volume 618-2/192-198),ЦДІАЛ-618-2
76ecc9e1-de4f-408e-9034-588ffee919eb,ЦДІАЛ-(++++++Volume 618-2/790-804),ЦДІАЛ-618-2
a9e049a6-ee19-41a8-bb98-30562199ad06,ЦДІАЛ-(++++++Volume 618-2/910-925),ЦДІАЛ-618-2
ba1d041b-2717-48ee-8add-e5c813643e71,ЦДІАЛ-(++++++Volume 618-2/2061-2071),ЦДІАЛ-618-2
8031925c-84c8-4d90-928a-2fd584cb9aa3,ЦДІАЛ-(++++++Volume 618-2/625-635),ЦДІАЛ-618-2
aa21af3c-022f-4d17-884e-ea2027d6ae8c,ЦДІАЛ-(++++++Volume 618-2/636-654),ЦДІАЛ-618-2
439acaf7-ac38-4075-b2c1-f3ef009e649f,ЦДІАЛ-(++++++Volume 618-2/1776-1785),ЦДІАЛ-618-2
f8a2c22f-2c57-4e51-9074-95796c03845e,ЦДІАЛ-(++++++Volume 618-2/674-690),ЦДІАЛ-618-2
df7e604b-5c31-42aa-aabf-04296daa6e37,ЦДІАЛ-(++++++Volume 618-2/175-184),ЦДІАЛ-618-2
ae29d12c-0c87-4037-aaf2-c57417d16327,ЦДІАЛ-(++++++Volume 618-2/1032-1038),ЦДІАЛ-618-2
598d6206-35f3-49d8-89dc-fb921fa42e11,ЦДІАЛ-(++++++Volume 618-2/2051-2060),ЦДІАЛ-618-2
6df6682b-a946-47f7-85c9-5439b61045cd,ЦДІАЛ-(++++++Volume 618-2/346-359),ЦДІАЛ-618-2
9f906f5e-9cc4-4d65-aea1-c7b17bff6a16,ЦДІАЛ-(++++++Volume 618-2/947-962),ЦДІАЛ-618-2
d523b367-b42d-4c5a-9354-a31bde2bddaf,ЦДІАЛ-(++++++Volume 618-2/372-381),ЦДІАЛ-618-2
e4e18252-2cc2-4193-a967-808086bac46c,ЦДІАЛ-(++++++Volume 618-2/717-732),ЦДІАЛ-618-2
23f23c8a-950e-4f35-bec9-e6bccbc29c5e,ЦДІАЛ-(++++++Volume 618-2/593-604),ЦДІАЛ-618-2
c035597f-3cb3-4f83-b4b4-7550ed611f8d,ЦДІАЛ-(++++++Volume 618-2/1304-1313),ЦДІАЛ-618-2
692e4f3d-e902-41d2-900a-019eaeeb9308,ЦДІАЛ-(++++++Volume 618-2/2444-2447),ЦДІАЛ-618-2
347f9e5b-70dd-4d44-9da9-277f59d5d1a1,ЦДІАЛ-(++++++Volume 618-2/467-476),ЦДІАЛ-618-2
8b7a1773-1c2a-47e8-b349-2817f2b241c9,ЦДІАЛ-(++++++Volume 618-2/1786-1795),ЦДІАЛ-618-2
10bc3e1f-7845-4cef-8306-3c0fed6c7f57,ЦДІАЛ-(++++++Volume 618-2/1750-1758),ЦДІАЛ-618-2
0a44f0f6-dda4-408c-a82c-6848810377f9,ЦДІАЛ-(++++++Volume 618-2/2206-2209),ЦДІАЛ-618-2
37cb270f-c726-47c5-8356-252b984c6952,ЦДІАЛ-(++++++Volume 618-2/16-31),ЦДІАЛ-618-2
15ec60fe-ca49-4eb5-a702-cb2279d3d7b7,ЦДІАЛ-(++++++Volume 618-2/842-866),ЦДІАЛ-618-2
52d71c10-fa9f-4643-a7bc-b2d8f9be4562,ЦДІАЛ-(++++++Volume 618-2/122-132),ЦДІАЛ-618-2
3dd0f6ed-23fc-4d7e-a733-f63776c07f62,ЦДІАЛ-(++++++Volume 618-2/102-112),ЦДІАЛ-618-2
65eed415-9996-4abd-8551-29253f02ba7d,ЦДІАЛ-(++++++Volume 618-2/425-434),ЦДІАЛ-618-2
6dbc4553-0cba-427e-a33b-1929942a38cd,ЦДІАЛ-(++++++Volume 618-2/263-269),ЦДІАЛ-618-2
660d7cf4-d5ee-41e4-8253-b53bfdea95a2,ЦДІАЛ-(++++++Volume 618-2/2425-2429),ЦДІАЛ-618-2
6e36b8c3-2e3b-47be-87dd-8b86c7b6bd8c,ЦДІАЛ-(++++++Volume 618-2/258-262),ЦДІАЛ-618-2
18de332b-f9da-48b3-8dfb-ce119785409d,ЦДІАЛ-(++++++Volume 618-2/494-502),ЦДІАЛ-618-2
813b3003-73d2-4dbe-b749-1cc1da261cb2,ЦДІАЛ-(++++++Volume 618-2/655-673),ЦДІАЛ-618-2
4d52a075-9373-4d3f-8e91-81a25d0be050,ЦДІАЛ-(++++++Volume 618-2/766-776),ЦДІАЛ-618-2
753e9c9d-7471-498e-b163-b44c3a3d4f7f,ЦДІАЛ-(++++++Volume 618-2/2627-2629),ЦДІАЛ-618-2
803f67af-0868-4666-9d74-79cbf729a2eb,ЦДІАЛ-(++++++Volume 618-2/269-277),ЦДІАЛ-618-2
84417799-e6a4-4b53-bb1f-9a3b325b34bd,ЦДІАЛ-(++++++Volume 618-2/1284-1294),ЦДІАЛ-618-2
bca1cb51-90af-4c3d-9bbd-8eceddacde7d,ЦДІАЛ-(++++++Volume 618-2/979-989),ЦДІАЛ-618-2
4cd9f9d4-ffaa-40a7-9588-04948063c027,ЦДІАЛ-(++++++Volume 618-2/1731-1739),ЦДІАЛ-618-2
6baca498-4f3e-4e14-b1a8-5d5bd6af36c5,ЦДІАЛ-(++++++Volume 618-2/1077-1084),ЦДІАЛ-618-2
3f53fa73-1574-41f0-907d-2721bade6f34,ЦДІАЛ-(++++++Volume 618-2/1975-1985),ЦДІАЛ-618-2
44c39f67-bb86-4730-b0db-34dfce376579,ЦДІАЛ-(++++++Volume 618-2/1156-1165),ЦДІАЛ-618-2
c27d7c42-4ff3-494f-916c-6878192f9ee3,ЦДІАЛ-(++++++Volume 618-2/1009-1019),ЦДІАЛ-618-2
d6c15fd6-23d3-4cb4-80e5-13205da80eda,ЦДІАЛ-(++++++Volume 618-2/1906-1915),ЦДІАЛ-618-2
f7a1059d-e58f-4e82-98ae-3ad727ca34da,ЦДІАЛ-(++++++Volume 618-2/1166-1176),ЦДІАЛ-618-2
a0b90ceb-a8d0-40ab-a4b4-04eb5bb5a537,ЦДІАЛ-(++++++Volume 618-2/1428-1440),ЦДІАЛ-618-2
58061154-2538-4789-b761-6c5833266967,ЦДІАЛ-(++++++Volume 618-2/565-573),ЦДІАЛ-618-2
81140a4b-c4b4-4ae3-b776-59856a07f8f8,ЦДІАЛ-(++++++Volume 618-2/391-399),ЦДІАЛ-618-2
e5bf6be3-3d5a-4a6f-8016-08fc325e4db8,ЦДІАЛ-(++++++Volume 618-2/1045-1050),ЦДІАЛ-618-2
adf40215-c336-43ac-8001-d3ee788cdb28,ЦДІАЛ-(++++++Volume 618-2/2576-2583),ЦДІАЛ-618-2
741870f7-c1c2-4334-beab-8d54b30de4c1,ЦДІАЛ-(++++++Volume 701-2/948-953 Community members tax statements 1897),ЦДІАЛ-701-2
9363ca3e-c516-40e0-8f07-4e8438295ac8,ЦДІАЛ-(++++++Volume 780-3/632-636 Registration military cards 1865-1918 (Letter M)),ЦДІАЛ-780-3
e96e0830-1e01-4902-b6f0-fffca5319bdc,ЦДІАЛ-(++++++Volume 780-3/771-773 Registration military cards 1865-1918 (Letter R)),ЦДІАЛ-780-3
67e3180c-d79d-44e1-a2f6-b43af09b0f0f,ЦДІАЛ-(++++++Volume 780-3/238-240 Registration military cards 1865-1918 (Letter G)),ЦДІАЛ-780-3
a7c3b78c-a474-43df-8235-12237992b9f6,ЦДІАЛ-(++++++Volume 780-3/719-722 Registration military cards 1865-1918 (Letter P)),ЦДІАЛ-780-3
3634f3f9-d04f-44dc-98ac-d7eb3bfbee7f,ЦДІАЛ-(++++++Volume 780-3/605-609 Registration military cards 1865-1918 (Letter M)),ЦДІАЛ-780-3
cbfef070-30af-4ab1-a2ae-8d9673716d85,ЦДІАЛ-(++++++Volume 780-3/256-257 Registration military cards 1865-1918 (Letter H)),ЦДІАЛ-780-3
7c507662-106a-4105-923b-33807fa64a2c,ЦДІАЛ-(++++++Volume 780-3/895-897 Registration military cards 1865-1918 (Letter T)),ЦДІАЛ-780-3
f0f1ac22-9ab3-4a21-97fa-c5958f75c6ad,ЦДІАЛ-(++++++Volume 780-3/387-391 Registration military cards 1865-1918 (Letter K)),ЦДІАЛ-780-3
54109ad6-ad6f-4a1a-b2d0-7a8f54258bef,ЦДІАЛ-(++++++Volume 780-3/898-900 Registration military cards 1865-1918 (Letter T)),ЦДІАЛ-780-3
5e3efc99-2bdf-42de-a899-8e164a7a43be,ЦДІАЛ-(++++++Volume 780-3/596-600 Registration military cards 1865-1918 (Letter M)),ЦДІАЛ-780-3
1dbcea70-83ed-4b99-8440-ca9f8f3de08d,ЦДІАЛ-(++++++Volume 780-3/777-779 Registration military cards 1865-1918 (Letter R)),ЦДІАЛ-780-3
97ca53d3-67bb-4718-bfcd-d0a19550f33b,ЦДІАЛ-(++++++Volume 780-3/477-481 Registration military cards 1865-1918 (Letter K)),ЦДІАЛ-780-3
827e160f-ede4-4cde-b833-92aa1b0586fc,ЦДІАЛ-(++++++Volume 780-3/254-255 Registration military cards 1865-1918 (Letter G)),ЦДІАЛ-780-3
cca1c2dd-71e4-46d0-80ca-b09e7241a7db,ЦДІАЛ-(++++++Volume 780-3/342-344 Registration military cards 1865-1918 (Letter Z)),ЦДІАЛ-780-3
ffdaba4d-2bea-4e1e-8600-85e645e5cf73,ЦДІАЛ-(++++++Volume 780-3/716-718 Registration military cards 1865-1918 (Letter P)),ЦДІАЛ-780-3
adbd43bc-5b86-4592-8569-fd8cbdf77550,ЦДІАЛ-(++++++Volume 780-3/286-288 Registration military cards 1865-1918 (Letter H)),ЦДІАЛ-780-3
3820ceca-c183-4f8f-bfcb-a3ab3522ecd4,"ЦДІАЛ-(++++++Volume 780-3/362-363 Registration military cards 1865-1918 (Letters I, J))",ЦДІАЛ-780-3
c8177fb0-9381-40ac-bb2c-af717e130376,"ЦДІАЛ-(++++++Volume 780-3/351-352 Registration military cards 1865-1918 (Letters I, J))",ЦДІАЛ-780-3
d4ca92ee-4470-4708-957a-b661f627c928,ЦДІАЛ-(++++++Volume 780-3/859-861 Registration military cards 1865-1918 (Letter S)),ЦДІАЛ-780-3
f69dbac2-7fec-4caf-ab8f-c88878135cc5,ЦДІАЛ-(++++++Volume 780-3/610-614 Registration military cards 1865-1918 (Letter M)),ЦДІАЛ-780-3
a509ce61-29e5-4609-937c-e910c6a704fb,ЦДІАЛ-(++++++Volume 780-3/374-377 Registration military cards 1865-1918 (Letter K)),ЦДІАЛ-780-3
6a60f31f-5583-46fa-9220-2fe8d2c5c4a3,ЦДІАЛ-(++++++Volume 780-3/313-315 Registration military cards 1865-1918 (Letter D)),ЦДІАЛ-780-3
f9f03738-b1e1-4fbf-9548-950c440883d2,ЦДІАЛ-(++++++Volume 780-3/264-267 Registration military cards 1865-1918 (Letter H)),ЦДІАЛ-780-3
d3264d01-8e95-4a81-98fb-7f97ec4d0d39,ЦДІАЛ-(++++++Volume 780-3/884-886 Registration military cards 1865-1918 (Letter S)),ЦДІАЛ-780-3
7a477760-7616-406e-ab3e-81258cf3130f,ЦДІАЛ-(++++++Volume 780-3/575-581 Registration military cards 1865-1918 (Letter M)),ЦДІАЛ-780-3
786fc978-f4a4-4b1d-8a1e-d4eba0dace4d,ЦДІАЛ-(++++++Volume 780-3/956-957 Registration military cards 1865-1918 (Letter C)),ЦДІАЛ-780-3
781a402d-4ee5-495d-a0df-12f8b83b1f47,ЦДІАЛ-(++++++Volume 780-3/741-742 Registration military cards 1865-1918 (Letter P)),ЦДІАЛ-780-3
8db35c7c-7ab7-42d0-8975-dac0d744ae6f,"ЦДІАЛ-(++++++Volume 780-3/200-201 Registration military cards 1865-1918 (Letters V, W))",ЦДІАЛ-780-3
58a63e82-8e63-4b32-8769-4d4c58d8e5f9,ЦДІАЛ-(++++++Volume 780-3/378-381 Registration military cards 1865-1918 (Letter K)),ЦДІАЛ-780-3
e82789b4-15c0-41d8-887b-7e14a1962848,ЦДІАЛ-(++++++Volume 780-3/931-933 Registration military cards 1865-1918 (Letter F)),ЦДІАЛ-780-3
5cadceae-89ee-46d7-98f4-182e096a520d,ЦДІАЛ-(++++++Volume 780-3/382-386 Registration military cards 1865-1918 (Letter K)),ЦДІАЛ-780-3
556962d8-4784-4775-bf2d-1a42496114a5,ЦДІАЛ-(++++++Volume 780-3/425-430 Registration military cards 1865-1918 (Letter K)),ЦДІАЛ-780-3
75656c49-2e57-48f3-b26c-a6c1c43bbadd,ЦДІАЛ-(++++++Volume 780-3/318-320 Registration military cards 1865-1918 (Letter D)),ЦДІАЛ-780-3
4cb37464-9196-4e22-82d5-4cfaad76f666,ЦДІАЛ-(++++++Volume 780-3/906-909 Registration military cards 1865-1918 (Letter T)),ЦДІАЛ-780-3
cc2b7cc1-30ce-46de-9a94-3de6165c2c00,ЦДІАЛ-(++++++Volume 780-3/561-568 Registration military cards 1865-1918 (Letter M)),ЦДІАЛ-780-3
9690f4d8-0eff-46cf-bdca-9a59cd653f4b,ЦДІАЛ-(++++++Volume 780-3/910-911 Registration military cards 1865-1918 (Letter T)),ЦДІАЛ-780-3
dc953caf-3bfe-488a-80c5-25ba61de80be,ЦДІАЛ-(++++++Volume 780-3/642-644 Registration military cards 1865-1918 (Letter M)),ЦДІАЛ-780-3
26b95cfb-d4f0-4e8a-a501-e57974e3e13f,ЦДІАЛ-(++++++Volume 780-3/282-285 Registration military cards 1865-1918 (Letter H)),ЦДІАЛ-780-3
299e9390-ba4c-4535-a930-270029da30f5,ЦДІАЛ-(++++++Volume 780-3/261-263 Registration military cards 1865-1918 (Letter H)),ЦДІАЛ-780-3
1c9f3cf0-6929-4312-a992-52d12587431d,ЦДІАЛ-(++++++Volume 780-3/244-246 Registration military cards 1865-1918 (Letter H)),ЦДІАЛ-780-3
39f32ad3-e6f2-48b9-9ade-71a2730fdf62,ЦДІАЛ-(++++++Volume 780-3/869-871 Registration military cards 1865-1918 (Letter S)),ЦДІАЛ-780-3
f181e2d5-67fc-4393-9b61-7d8d40a6215d,ЦДІАЛ-(++++++Volume 780-3/890-891 Registration military cards 1865-1918 (Letter T)),ЦДІАЛ-780-3
f519ffbe-1852-44d5-a4d6-7491b4db1b52,ЦДІАЛ-(++++++Volume 780-3/310-312 Registration military cards 1865-1918 (Letter D)),ЦДІАЛ-780-3
641ce632-794c-44aa-96f8-ba51b8386bf7,ЦДІАЛ-(++++++Volume 780-3/768-770 Registration military cards 1865-1918 (Letter R)),ЦДІАЛ-780-3
a615982e-47cb-406a-90fe-326245d374c8,ЦДІАЛ-(++++++Volume 780-3/506-508 Registration military cards 1865-1918 (Letter K)),ЦДІАЛ-780-3
b357e850-acc9-46a5-87f2-77f97103e633,ЦДІАЛ-(++++++Volume 780-3/743-745 Registration military cards 1865-1918 (Letter P)),ЦДІАЛ-780-3
f16219b2-c38e-45c8-b128-b57038699eef,"ЦДІАЛ-(++++++Volume 780-3/355-356 Registration military cards 1865-1918 (Letters I, J))",ЦДІАЛ-780-3
cf459f1d-eb0c-49c7-a398-64c24cd35c7e,ЦДІАЛ-(++++++Volume 780-3/294-295 Registration military cards 1865-1918 (Letter D)),ЦДІАЛ-780-3
e434762e-ce1c-4ea3-8e31-7a308cbb752f,ЦДІАЛ-(++++++Volume 780-3/271-273 Registration military cards 1865-1918 (Letter H)),ЦДІАЛ-780-3
f26a05ee-849c-44eb-bff7-84e49cf5fd0a,ЦДІАЛ-(++++++Volume 780-3/920-922 Registration military cards 1865-1918 (Letter F)),ЦДІАЛ-780-3
b71a7cd1-7fc3-4271-9410-8a5be8d1ba64,ЦДІАЛ-(++++++Volume 780-3/834-836 Registration military cards 1865-1918 (Letter S)),ЦДІАЛ-780-3
fc2acd8a-f8c1-425d-a8c5-f3456e3f03a7,ЦДІАЛ-(++++++Volume 780-3/241-243 Registration military cards 1865-1918 (Letter H)),ЦДІАЛ-780-3
25e1d1f2-5445-4760-a814-790017a3bfdd,ЦДІАЛ-(++++++Volume 780-3/901-902 Registration military cards 1865-1918 (Letter T)),ЦДІАЛ-780-3
b9fb1aea-4802-45fa-ba96-4f96d3227a4a,ЦДІАЛ-(++++++Volume 780-3/453-458 Registration military cards 1865-1918 (Letter K)),ЦДІАЛ-780-3
01b7a27a-012f-4483-b19a-7d2c79972d10,ЦДІАЛ-(++++++Volume 780-3/926-928 Registration military cards 1865-1918 (Letter F)),ЦДІАЛ-780-3
191f2fff-2a02-443a-bb4c-67d172fbd2bf,ЦДІАЛ-(++++++Volume 780-3/298-300 Registration military cards 1865-1918 (Letter D)),ЦДІАЛ-780-3
12186f2d-e615-4c01-9932-73f3cc5871df,"ЦДІАЛ-(++++++Volume 780-3/366-367 Registration military cards 1865-1918 (Letters I, J))",ЦДІАЛ-780-3
9d5aece0-9fe2-4bb6-8c63-3e1fe75caf7a,ЦДІАЛ-(++++++Volume 780-3/723-726 Registration military cards 1865-1918 (Letter P)),ЦДІАЛ-780-3
c4b5e622-4853-46dc-b921-14a694f238ba,ЦДІАЛ-(++++++Volume 780-3/762-764 Registration military cards 1865-1918 (Letter R)),ЦДІАЛ-780-3
91c4f5fc-bb19-45bc-be98-7164a6fa87d6,ЦДІАЛ-(++++++Volume 780-3/840-842 Registration military cards 1865-1918 (Letter S)),ЦДІАЛ-780-3
cd6d0544-5a6f-4d42-868c-3ed4398c4c91,ЦДІАЛ-(++++++Volume 780-3/687-689 Registration military cards 1865-1918 (Letter O)),ЦДІАЛ-780-3
f99f4ea5-aeb9-404e-9d36-7401780c24eb,ЦДІАЛ-(++++++Volume 780-3/675-677 Registration military cards 1865-1918 (Letter N)),ЦДІАЛ-780-3
f9bdcf18-d8e6-42ea-b1cb-aa12f38b87da,ЦДІАЛ-(++++++Volume 780-3/398-402 Registration military cards 1865-1918 (Letter K)),ЦДІАЛ-780-3
8c3ac6d3-1b17-4852-8b68-dfe6ea71116a,ЦДІАЛ-(++++++Volume 780-3/759-761 Registration military cards 1865-1918 (Letter R)),ЦДІАЛ-780-3
83a77732-fd27-4273-8f17-237248f1d112,ЦДІАЛ-(++++++Volume 780-3/903-905 Registration military cards 1865-1918 (Letter T)),ЦДІАЛ-780-3
04c169b7-f564-4b74-89a0-20b452cc8320,ЦДІАЛ-(++++++Volume 780-3/853-855 Registration military cards 1865-1918 (Letter S)),ЦДІАЛ-780-3
bea8fec4-4e67-41ff-bce7-dee85becd7a4,ЦДІАЛ-(++++++Volume 780-3/693-695 Registration military cards 1865-1918 (Letter O)),ЦДІАЛ-780-3
126be19e-2742-4587-bd6e-6512f5522b80,ЦДІАЛ-(++++++Volume 780-3/702-703 Registration military cards 1865-1918 (Letter O)),ЦДІАЛ-780-3
4b7eb9e2-ec77-4aa5-b022-565196249c1c,ЦДІАЛ-(++++++Volume 780-3/519-523 Registration military cards 1865-1918 (Letter L)),ЦДІАЛ-780-3
ca7451d2-fa9a-4d7b-98a7-eeb92d08f666,ЦДІАЛ-(++++++Volume 780-3/569-574 Registration military cards 1865-1918 (Letter M)),ЦДІАЛ-780-3
f37d9084-d78f-4a9b-b8bb-1a1f300ee228,ЦДІАЛ-(++++++Volume 780-3/697-698 Registration military cards 1865-1918 (Letter O)),ЦДІАЛ-780-3
087ae12e-844e-4c8c-a4d5-8694c880a631,ЦДІАЛ-(++++++Volume 780-3/709-712 Registration military cards 1865-1918 (Letter P)),ЦДІАЛ-780-3
1b2e5390-c888-405e-87c7-7c56a3b38fb9,ЦДІАЛ-(++++++Volume 780-3/296-297 Registration military cards 1865-1918 (Letter D)),ЦДІАЛ-780-3
3fd1fd1f-c232-44fb-8ebc-4d41bc578481,ЦДІАЛ-(++++++Volume 780-3/727-729 Registration military cards 1865-1918 (Letter P)),ЦДІАЛ-780-3
530768ce-74b4-4e45-9a72-5eae9142168e,ЦДІАЛ-(++++++Volume 780-3/615-618 Registration military cards 1865-1918 (Letter M)),ЦДІАЛ-780-3
9c7d4cc9-5814-4dfb-9848-86a1d37cb6dc,ЦДІАЛ-(++++++Volume 780-3/654-658 Registration military cards 1865-1918 (Letter N)),ЦДІАЛ-780-3
f10de930-89af-4ba8-a835-6ce35ad594b8,ЦДІАЛ-(++++++Volume 780-3/939-940 Registration military cards 1865-1918 (Letter C)),ЦДІАЛ-780-3
2a03cea8-68ca-4add-9f9f-9f7c8cfcd7d0,ЦДІАЛ-(++++++Volume 780-3/944-946 Registration military cards 1865-1918 (Letter C)),ЦДІАЛ-780-3
b0b4b57a-c901-494b-9209-eccfc40ed264,ЦДІАЛ-(++++++Volume 780-3/624-628 Registration military cards 1865-1918 (Letter M)),ЦДІАЛ-780-3
80ee432b-bbd7-4bb5-b491-4d959ebcfc7a,ЦДІАЛ-(++++++Volume 780-3/304-306 Registration military cards 1865-1918 (Letter D)),ЦДІАЛ-780-3
9927b1ba-21b5-41b7-adda-f6f263b84d44,ЦДІАЛ-(++++++Volume 780-3/699-701 Registration military cards 1865-1918 (Letter O)),ЦДІАЛ-780-3
979ba9ae-47bc-470f-b563-59fe3edc2004,ЦДІАЛ-(++++++Volume 780-3/950-952 Registration military cards 1865-1918 (Letter C)),ЦДІАЛ-780-3
57921cf9-fd97-4131-9752-8f2a4598e4dd,ЦДІАЛ-(++++++Volume 780-3/514-518 Registration military cards 1865-1918 (Letter L)),ЦДІАЛ-780-3
09d80a8e-c8f5-4421-94b4-bc0b0ad462f0,ЦДІАЛ-(++++++Volume 780-3/862-865 Registration military cards 1865-1918 (Letter S)),ЦДІАЛ-780-3
b11a0ccb-1c15-4975-8359-169ad5df62db,ЦДІАЛ-(++++++Volume 780-3/799-801 Registration military cards 1865-1918 (Letter S)),ЦДІАЛ-780-3
c5146d88-73a5-42e6-929e-77be4f870307,ЦДІАЛ-(++++++Volume 780-3/673-674 Registration military cards 1865-1918 (Letter K)),ЦДІАЛ-780-3
a9d86049-4ad3-4744-9e4c-baeda51f867d,ЦДІАЛ-(++++++Volume 780-3/791-794 Registration military cards 1865-1918 (Letter S)),ЦДІАЛ-780-3
101ac87a-8eef-4400-a83a-3f4f44a8f6d0,ЦДІАЛ-(++++++Volume 780-3/936-937 Registration military cards 1865-1918 (Letter F)),ЦДІАЛ-780-3
a1995c4a-17ad-425a-9786-cb9fff0badb2,ЦДІАЛ-(++++++Volume 780-3/446-452 Registration military cards 1865-1918 (Letter K)),ЦДІАЛ-780-3
70eb4be2-cc26-4cbe-9e32-80c7f961b58e,ЦДІАЛ-(++++++Volume 780-3/472-476 Registration military cards 1865-1918 (Letter K)),ЦДІАЛ-780-3
7c721318-fb23-46d1-ae21-48ef96d7503e,ЦДІАЛ-(++++++Volume 780-3/781-782 Registration military cards 1865-1918 (Letter P)),ЦДІАЛ-780-3
9f8a0682-c031-4e40-aeed-da7c892ad2ed,ЦДІАЛ-(++++++Volume 780-3/316-317 Registration military cards 1865-1918 (Letter D)),ЦДІАЛ-780-3
27b33c54-87ba-4288-bf07-0bc189e74905,ЦДІАЛ-(++++++Volume 780-3/321-322 Registration military cards 1865-1918 (Letter D)),ЦДІАЛ-780-3
79d853b1-8c7d-421c-8767-ac38dd0b06db,ЦДІАЛ-(++++++Volume 780-3/459-463 Registration military cards 1865-1918 (Letter K)),ЦДІАЛ-780-3
5f51b971-059a-45e0-9be8-70f5fcb0b889,ЦДІАЛ-(++++++Volume 780-3/808-811 Registration military cards 1865-1918 (Letter S)),ЦДІАЛ-780-3
9b9bc1ed-0558-4773-9569-44d1abfd9b38,ЦДІАЛ-(++++++Volume 780-3/916-918 Registration military cards 1865-1918 (Letter U)),ЦДІАЛ-780-3
e46b4700-2865-40f9-b20d-3f81032ec20c,ЦДІАЛ-(++++++Volume 780-3/887-888 Registration military cards 1865-1918 (Letter S)),ЦДІАЛ-780-3
d2a33e0c-c3b2-43c9-b855-8ef1a50c9e66,ЦДІАЛ-(++++++Volume 780-3/435-439 Registration military cards 1865-1918 (Letter K)),ЦДІАЛ-780-3
540b829f-f465-4d69-b871-f762699410e5,ЦДІАЛ-(++++++Volume 780-3/347-349 Registration military cards 1865-1918 (Letter Z)),ЦДІАЛ-780-3
038f5d5b-0393-4153-9b97-3de6ae852910,ЦДІАЛ-(++++++Volume 780-3/593-595 Registration military cards 1865-1918 (Letter M)),ЦДІАЛ-780-3
4cb25756-58d0-4497-ada8-bfad984f7bd2,ЦДІАЛ-(++++++Volume 780-3/323-326 Registration military cards 1865-1918 (Letter E)),ЦДІАЛ-780-3
c31d21ef-4083-4b2e-9a85-11093e35c87e,ЦДІАЛ-(++++++Volume 780-3/392-396 Registration military cards 1865-1918 (Letter K)),ЦДІАЛ-780-3
2913b04b-9564-4518-b16e-e8f80c09880a,ЦДІАЛ-(++++++Volume 780-3/664-667 Registration military cards 1865-1918 (Letter K)),ЦДІАЛ-780-3
b8d7de99-bb60-43de-a4f8-2e02ebf96b49,ЦДІАЛ-(++++++Volume 780-3/482-486 Registration military cards 1865-1918 (Letter K)),ЦДІАЛ-780-3
98a483bb-8532-4629-a8e7-eff16f293082,ЦДІАЛ-(++++++Volume 780-3/235-237 Registration military cards 1865-1918 (Letter G)),ЦДІАЛ-780-3
13045ff5-d8a7-4ff1-a87f-545036e2c73c,ЦДІАЛ-(++++++Volume 780-3/690-692 Registration military cards 1865-1918 (Letter O)),ЦДІАЛ-780-3
