would_link_to,existing_link,parsed,url,online_copy_id,action_id
ДАЧкО-931-1-2990,ДАЧкО-9310-1-2990,ДАЧкО-(931-1-2990+++931-1-2990+++931-1-2990),https://www.familysearch.org/en/records/images/search-results?imageGroupNumbers=007808020_001_M9MK-7V5,81a61a83-6641-478e-9355-13a20bcb1ba4,ad3de45a-866f-4774-ba1b-e64003bf4256
ДАЧкО-931-1-2991,ДАЧкО-9310-1-2991,ДАЧкО-(931-1-2991+++931-1-2991+++931-1-2991),https://www.familysearch.org/en/records/images/search-results?imageGroupNumbers=007808020_002_M9MK-7VR,da756912-9e94-42e3-9aed-ebcb033b9d24,f9ce9116-1a99-496f-9a24-04fde61f392a
ДАЧкО-931-1-2992,ДАЧкО-9310-1-2992,ДАЧкО-(931-1-2992+++931-1-2992+++931-1-2992),https://www.familysearch.org/en/records/images/search-results?imageGroupNumbers=007808020_003_M9MK-7VT,399de5a1-8030-4e52-84e6-d91e1f6841d3,de603a6f-94e1-4e6d-a6fa-28f265906a24
ДАЧкО-931-1-2993,ДАЧкО-9310-1-2993,ДАЧкО-(931-1-2993+++931-1-2993+++931-1-2993),https://www.familysearch.org/en/records/images/search-results?imageGroupNumbers=007808020_004_M9MK-7VY,cc1bb037-51e6-4a79-b8e4-78e4112926aa,d748b61b-025f-407c-97c0-cf70be836446
ДАЧкО-931-1-2994,ДАЧкО-9310-1-2994,ДАЧкО-(931-1-2994+++931-1-2994+++931-1-2994),https://www.familysearch.org/en/records/images/search-results?imageGroupNumbers=007808020_005_M9MK-7VB,f86ddeda-4f65-40b8-a489-174a1e6d6049,4a407f5d-7a17-441a-89c1-5e5ee4f0d4ce
ДАЧкО-931-1-2994,ДАЧкО-9310-1-2994,ДАЧкО-(931-1-2994+++931-1-2994+++931-1-2994),https://www.familysearch.org/en/records/images/search-results?imageGroupNumbers=007808022_001_M9MK-3TQ,6e553d0d-bed4-415d-b531-6054a6e2b285,3f603b20-b4a2-4bc7-85d2-afbcea1281f0
ДАЧкО-931-1-2995,ДАЧкО-9310-1-2995,ДАЧкО-(931-1-2995+++931-1-2995+++931-1-2995),https://www.familysearch.org/en/records/images/search-results?imageGroupNumbers=007808022_002_M9MK-3T7,6b46a747-1bfa-479a-9ee2-62813a0bb6ba,1efcbc0f-b5ae-469e-b087-c5858268b6dd
ДАЧкО-931-1-2996,ДАЧкО-9310-1-2996,ДАЧкО-(931-1-2996+++931-1-2996+++931-1-2996),https://www.familysearch.org/en/records/images/search-results?imageGroupNumbers=007808022_003_M9MK-3TW,fd924ee3-c7ee-485a-a7be-7cfd92eda2a8,144c7c15-a6f6-4c39-88e2-cbecbb3b20f7
ДАЧкО-931-1-2997,ДАЧкО-9310-1-2997,ДАЧкО-(931-1-2997+++931-1-2997+++931-1-2997),https://www.familysearch.org/en/records/images/search-results?imageGroupNumbers=007808022_004_M9MK-3T4,398b40a1-5209-4401-b1df-682336d021c8,02de410f-e7a6-4d81-beaf-2defca5a4ef6
ДАЧкО-931-1-2998,ДАЧкО-9310-1-2998,ДАЧкО-(931-1-2998+++931-1-2998+++931-1-2998),https://www.familysearch.org/en/records/images/search-results?imageGroupNumbers=007808022_005_M9MK-3TH,31431f55-20d1-4052-9133-cf2fdd682b0e,1c8e69a9-3cf9-4d27-9d5d-dd7e37a2d441
ДАЧкО-931-1-2998,ДАЧкО-9310-1-2998,ДАЧкО-(931-1-2998+++931-1-2998+++931-1-2998),https://www.familysearch.org/en/records/images/search-results?imageGroupNumbers=007808023_001_M9MK-46L,ff1c4a2a-31f8-43e4-ab3c-14c0ba96cb84,3c9cf862-228b-4649-bc72-748edae330ad
ДАЧкО-931-1-2999,ДАЧкО-9310-1-2999,ДАЧкО-(931-1-2999+++931-1-2999+++931-1-2999),https://www.familysearch.org/en/records/images/search-results?imageGroupNumbers=007808023_002_M9MK-46G,608381e6-816e-465d-88ad-8f7eb6cddc13,77b6ad85-d50f-43be-b295-8dd01a849076
ДАЧкО-931-1-3000,ДАЧкО-9310-1-3000,ДАЧкО-(931-1-3000+++931-1-3000+++931-1-3000),https://www.familysearch.org/en/records/images/search-results?imageGroupNumbers=007808023_003_M9MK-46P,4ad53e3c-eacf-4ad7-9d15-7d57073b49a8,994b1b11-8047-40a8-8829-318175faa94b
ДАЧкО-931-1-3001,ДАЧкО-9310-1-3001,ДАЧкО-(931-1-3001+++931-1-3001+++931-1-3001),https://www.familysearch.org/en/records/images/search-results?imageGroupNumbers=007808023_004_M9MK-465,6700da25-0cba-4446-9e26-624118d2315b,dccaf882-04cf-41b8-b603-01845e59e716
ДАЧкО-931-1-3002,ДАЧкО-9310-1-3002,ДАЧкО-(931-1-3002+++931-1-3002+++931-1-3002),https://www.familysearch.org/en/records/images/search-results?imageGroupNumbers=007808023_005_M9MK-46R,b2b12570-22ed-4fcb-add7-dc52ca27e34d,a3ac9502-dc54-4a61-8372-a4f7ada5a5c5
ДАЧкО-931-1-3006,ДАЧкО-9310-1-3006,ДАЧкО-(931-1-3006+++931-1-3006+++931-1-3006),https://www.familysearch.org/en/records/images/search-results?imageGroupNumbers=007808024_001_M9MK-7QH,ae8eb20e-5508-4bd6-8048-d96ab86ae3f6,467cb78d-ceff-4705-bd5f-93fe2008f2a0
ДАЧкО-931-1-3007,ДАЧкО-9310-1-3007,ДАЧкО-(931-1-3007+++931-1-3007+++931-1-3007),https://www.familysearch.org/en/records/images/search-results?imageGroupNumbers=007808024_002_M9MK-7Q8,1df15fa0-6812-4bb2-9eb1-1a25acdd66ad,994e23ee-1518-49c3-9bd5-37243f87773f
ДАЧкО-931-1-3009,ДАЧкО-9310-1-3009,ДАЧкО-(931-1-3009+++931-1-3009+++931-1-3009),https://www.familysearch.org/en/records/images/search-results?imageGroupNumbers=007808025_001_M9MK-QHQ,cf31fd42-71cc-412c-b6ab-923767e30d92,a96be295-1ce2-4c01-9f89-9fa5d37a06f5
ДАЧкО-931-1-3009,ДАЧкО-9310-1-3009,ДАЧкО-(931-1-3009+++931-1-3009+++931-1-3009),https://www.familysearch.org/en/records/images/search-results?imageGroupNumbers=007808024_004_M9MK-7QF,458a6adf-3699-4b14-b8c0-1015f42de433,c73b62b3-be5b-4e17-99c0-126fb157ef0a
ДАЧкО-931-1-3010,ДАЧкО-9310-1-3010,ДАЧкО-(931-1-3010+++931-1-3010+++931-1-3010),https://www.familysearch.org/en/records/images/search-results?imageGroupNumbers=007808025_002_M9MK-QH7,f67ac7ec-7d05-4218-bb16-1a846812e96c,fcb5716f-39f8-4509-b92f-1d60e78256b9
ДАЧкО-931-1-3011,ДАЧкО-9310-1-3011,ДАЧкО-(931-1-3011+++931-1-3011+++931-1-3011),https://www.familysearch.org/en/records/images/search-results?imageGroupNumbers=007808025_003_M9MK-QHW,cfd0ca4f-365d-4f07-8431-3a7710601e55,59d12df2-530d-4718-96f6-6b5dfeb61aa1
