Р2875	1		0
113	1		0
113	2		0
134	1	Ревізькі казки, родинні списки, списки хазяїв колоній	996
193	9ДОД	Метричні книги православних церков Новомосковського повіту	28
193	2	Метричні книги православних церков Бахмутського, Верхньодніпровського, Олександрівського, Олександрійського повітів	216
193	6	Метричні книги православних церков Васильківського, Олександрівського, Павлоградського повітів	35
193	8	Метричні книги православних церков Верхньодніпровського, Катеринославського, Олександрійського, Херсонського повітів	33
193	5ДОД	Метричні книги православних церков Херсонського повіту	51
193	4ДОД	 Метричні книги православних церков Новомосковського повіту	40
193	9Д		1
193	3	Метричні книги православних церков Верхньодніпровського, Катеринославського повітів, м. Катеринослава, м. Нікополя	951
193	1	Метричні книги православних церков Олександрівського, Верхньодніпровського, Катеринославського, Новомосковського, Павлоградського повітів	539
193	4	Метричні книги православних церков Верхньодніпровського, Кобеляцького, Новомосковського, Олександрівського, Павлоградського повітів. Синагоги міст Новомосковська та Павлограда	788
193	5	Метричні книги православних церков Олександрівського, Павлоградського, Херсонського повітів	149
193	9	Метричні книги православних церков Новомосковського повіту. Синагога м. Новомосковська	102
501	1		0
523	1		0
23	1		0
33	1		0
54	1		0
70	1		0
104	1	Катеринославське духовне правління, м. Катеринослав	17
106	1		2
132	1		0
159	1		0
259	1		0
282	1	Синагога, м. Павлоград Катеринославської губернії	7
367	1		0
368	1		0
375	1		0
375	2		0
379	1		0
444	1		0
465	1		0
467	1		0
468	1		0
469	1		0
473	1		0
522	1		0
553	1		0
Р2933	1		0
561	1		0
630	1		0
634	1		0
646	1		0
665	1		0
672	1		0
674	1		0
677	1		0
678	1		0
679	1		0
681	1		0
688	1		0
689	1		0
691	1		0
692	1		0
693	1		0
694	1		0
697	1		0
701	1		0
702	1		0
703	1		0
558	1		0
559	1		0
566	1		0
566	1ДОД		0
648	1	Катеринославська межова контора м. Катеринослав	2
654	1	Катеринославська повітова землевпорядна комісія, м. Катеринослав	1
660	1		0
704	1		0
705	1		0
706	1		0
707	1	Фотографічні картки з дактилоскопічними відбитками учасників різних революційних партій (колекція)	1
741	1		0
817	1		0
818	1		0
821	1		0
822	1		0
823	1		0
824	1		0
825	1		0
826	1		0
829	1		0
830	1		0
831	1		0
832	1		0
833	1		0
835	1		0
836	1		0
838	1		0
839	1		0
856	1		0
858	1		0
858	2		0
859	1		0
861	2		0
861	1		0
863	1		0
11	1		0
20	1		0
34	726		1
41	1		0
72	1		0
120	1	Катеринославська губернська земська управа, м. Катеринослав	1
177	1		0
179	1		0
195	2		1
435	1		0
506	2		1
520	1		0
542	3		1
545	3		1
557	1		0
557	9		1
560	1		0
581	4		1
595	4		1
655	1		0
Р2706	1		0
Р1	1		0
Р40	1		0
Р42	1		0
Р42	1ДОД		0
Р42	2		0
Р43	1		0
Р47	1		0
Р51	1		0
Р59	1		0
Р60	1		0
Р61	1		0
Р62	1		0
Р62	1ДОД		0
Р67	1		0
Р68	1		0
Р75	1		0
Р78	1		0
Р80	1		0
Р98	2		0
Р98	1		0
Р98	1ДОД		0
Р122	1		0
Р122	2		0
Р131	1		0
Р131	2		0
Р139	1ДОД		0
Р139	1		0
Р158	2		0
Р158	1		0
Р159	1		0
Р2763	1		0
Р160	1		0
Р161	1		0
Р161	2		0
Р163	1		0
Р167	2ДОД		0
Р167	1		0
Р167	1ДОД		0
Р167	2		0
Р205	1		0
Р210	1ДОД		0
Р210	1		0
Р213	1		0
Р217	1		0
Р219	1		0
Р224	1		0
Р227	1		0
Р233	1		0
Р242	1ДОД		0
Р242	1		0
Р260	1		0
Р261	1		0
Р262	1		0
Р263	1		0
Р265	1		0
Р268	2		0
Р268	5		0
Р268	7		0
Р268	2Л		0
Р268	1Л		0
Р268	1		0
Р268	1ДОД		0
Р268	3		0
Р268	4		0
Р268	6		0
Р280	1		0
Р283	1		0
Р284	1		0
Р286	1		0
Р299	1		0
Р300	1		0
Р305	2		0
Р305	1ДОД		0
Р305	1		0
Р1062	1		0
Р306	1		0
Р310	1		0
Р314	1ДОД		0
Р314	1		0
Р319	1ДОД		0
Р319	3		0
Р319	3ДОД		0
Р319	1		0
Р319	2		0
Р329	1		0
Р330	1		0
Р331	1		0
Р334	1		0
Р349	1		0
Р352	1		0
Р371	1		0
Р373	1		0
Р373	1ДОД		0
Р375	1		0
Р380	1		0
Р393	1		0
Р402	1		0
Р416	1		0
Р416	1Л		0
Р416	1ДОД		0
Р416	2ДОД		0
Р416	3		0
Р416	2		0
Р416	4		0
Р425	1		0
Р426	1		0
Р433	1		0
Р439	1		0
Р439	2		0
Р440	1		0
Р440	1ДОД		0
Р440	4		0
Р440	1Л		0
Р440	2ДОД		0
Р440	3		0
Р447	1		0
Р448	1		0
Р448	1ДОД		0
Р450	1		0
Р457	1		0
Р459	1Л		0
Р459	1ДОД		0
Р459	2		0
Р460	2		0
Р460	1		0
Р461	1		0
Р463	1		0
Р465	1		0
Р466	1		0
Р467	1		0
Р468	1		0
Р469	1		0
Р470	1		0
Р471	1		0
Р472	1		0
Р473	1		0
Р474	1		0
Р475	1		0
Р476	1		0
Р478	1		0
Р480	1		0
Р481	1		0
Р482	1		0
Р483	1		0
Р491	1		0
Р491	2		0
Р1103	1		0
Р511	1		0
Р532	1		0
Р570	2		0
Р570	1ДОД		0
Р570	1		0
Р581	1		0
Р585	1		0
Р585	2		0
Р593	1		0
Р594	1		0
Р618	1		0
Р624	1		0
Р680	2		0
Р680	1		0
Р701	1		0
Р894	1		0
Р894	2		0
Р894	1ДОД		0
Р903	1		0
Р908	1		0
Р910	1		0
Р913	1Л		0
Р913	2		0
Р913	1		0
Р917	1		0
Р924	1		0
Р929	1		0
Р931	1		0
Р932	1		0
Р1013	2		0
Р1013	1		0
Р1015	1		0
Р1017	1		0
Р1109	1		0
Р1113	1		0
Р1121	1		0
Р1123	1		0
Р1123	1ДОД		0
Р1123	2	документи про нагороди	0
Р1123	3		0
Р1126	1		0
Р1129	1		0
Р1134	1		0
Р1144	1		0
Р1145	1		0
Р1147	1		0
Р1148	1		0
Р1149	1		0
Р1169	1		0
Р1170	1		0
Р1171	1		0
Р1171	2		0
Р1174	1		0
Р1176	2		0
Р1176	1		0
Р1180	1		0
Р1183	1		0
Р1184	1		0
Р1184	2		0
Р1192	1		0
Р1209	1		0
Р1209	1Л		0
Р1209	2		0
Р1218	1Л		0
Р1218	1		0
Р1218	2		0
Р1219	1		0
Р1230	1		0
Р1232	1		0
Р1234	1		0
Р1234	2		0
Р1251	1		0
Р1252	1		0
Р1253	1		0
Р1267	1		0
Р1277	1		0
Р1278	2		0
Р1278	3ДОД		0
Р1278	1		0
Р1278	3		0
Р1298	1		0
Р1310	1		0
Р1312	1		0
Р1331	1		0
Р1334	1		0
Р1338	1		0
Р1339	1		0
Р1340	1		0
Р1348	1		0
Р1370	1		0
Р1378	1		0
Р1379	1		0
Р1381	1		0
Р1382	1		0
Р1387	1		0
Р1785	1		0
Р1388	1		0
Р1389	1		0
Р1390	1		0
Р1391	1		0
Р1392	1		0
Р1393	1		0
Р1393	1ДОД		0
Р1394	1		0
Р1396	1		0
Р1407	3		0
Р1407	2		0
Р1407	1		0
Р1427	1		0
Р1449	2		0
Р1449	1		0
Р1450	1		0
Р1452	1ДОД		0
Р1452	1		0
Р1453	1		0
Р1454	1		0
Р1455	2		0
Р1455	1		0
Р1456	1ДОД		0
Р1456	1		0
Р1458	1		0
Р1458	1ДОД		0
Р1475	1Л	Домові книги	0
Р1475	1		0
Р1475	2		0
Р1475	3	Книги обліку поховань по ліквідованих кладовищах	0
Р1481	1		0
Р1485	1		0
Р1485	1ДОД		0
Р1506	1		0
Р1518	1		0
Р1519	1		0
Р1520	1ДОД		0
Р1520	4		0
Р1520	1		0
Р1520	2		0
Р1520	3		0
Р1520	5		0
Р2792	1		0
Р1521	1		0
Р1522	1		0
Р1549	1		0
Р1556	1		0
Р1558	1ДОД		0
Р1558	2		0
Р1558	3ДОД		0
Р1558	1		0
Р1558	2ДОД		0
Р1564	1		0
Р1679	1		0
Р1680	1ДОД		0
Р1680	1		0
Р1684	5	Списки втрачених фондів	0
Р1684	6	Списки втрачених фондів	0
Р1684	9	Списки втрачених фондів	0
Р1684	2	Списки втрачених фондів	0
Р1684	3	Списки втрачених фондів	0
Р1684	4	Списки втрачених фондів	0
Р1684	10		0
Р1684	1Л		0
Р1684	1		0
Р1684	2ДОД		0
Р1684	3ДОД		0
Р1684	7	Списки втрачених фондів	0
Р1684	8	Списки втрачених фондів	0
Р1684	11		0
Р1684	1Д2		0
Р1684	2Д2		0
Р1684	1ДОД		0
Р1690	1		0
Р1692	1		0
Р1692	1ДОД		0
Р1694	1		0
Р1694	1ДОД		0
Р1703	2		0
Р1703	1ДОД		0
Р1703	1		0
Р1738	1		0
Р1739	1ДОД		0
Р1739	1		0
Р1741	2		0
Р1741	1		0
Р1742	1		0
Р1743	2		0
Р1743	1		0
Р1744	1		0
Р1755	2Л		0
Р1755	1		0
Р1757	2		0
Р1757	1		0
Р1758	2		0
Р1758	1		0
Р1759	1		0
Р1759	2		0
Р1760	2		0
Р1760	1		0
Р1773	1		0
Р1777	1		0
Р1795	1		0
Р1795	2		0
Р1799	1		0
Р1800	1		0
Р1822	1		0
Р1825	2ДОД		0
Р1825	1		0
Р1825	1ДОД		0
Р1826	1ДОД		0
Р1826	3		0
Р1826	1		0
Р1826	2		0
Р1832	1Л		0
Р1832	1		0
Р1835	1		0
Р1836	1		0
Р1836	1ДОД		0
Р1854	1		0
Р1859	2		0
Р1859	1		0
Р1860	1		0
Р1860	2		0
Р1860	3		0
Р1860	4		0
Р1860	5		0
Р1860	6		0
Р1860	1ДОД		0
Р1860	2ДОД		0
Р1860	4ДОД		0
Р1860	5ДОД		0
Р1860	6ДОД		0
Р1864	1		0
Р1873	2		0
Р1873	1		0
Р1874	1		0
Р1882	1		0
Р1900	1		0
Р1900	2		0
Р1907	1		0
Р1908	1		0
Р1910	1		0
Р1930	2		0
Р1930	1		0
Р1930	3		0
Р1934	1		0
Р1948	3		0
Р1948	1		0
Р1948	2		0
Р1951	2		0
Р1951	1		0
Р1952	1		0
Р1953	1		0
Р1953	2		0
Р1955	1		0
Р1956	1		0
Р1965	1		0
Р1975	1Л		0
Р1975	1		0
Р1989	1		0
Р2033	2		0
Р2033	1		0
Р2065	1		0
Р2065	2		0
Р2065	3		0
Р2071	1		0
Р2078	1		0
Р2079	1		0
Р2125	2		0
Р2125	2ДОД		0
Р2125	1		0
Р2125	1ДОД		0
Р2130	1		0
Р2139	1		0
Р2139	2		0
Р2139	3		0
Р2139	4		0
Р2139	1ДОД		0
Р2142	1		0
Р2143	2		0
Р2143	4		0
Р2143	1ДОД		0
Р2143	2ДОД		0
Р2143	3		0
Р2143	3ДОД		0
Р2143	1		0
Р2143	5		0
Р2145	3		0
Р2145	1		0
Р2145	1ДОД		0
Р2145	2		0
Р2145	2ДОД		0
Р2146	1ДОД		0
Р2146	2		0
Р2146	3		0
Р2146	6		0
Р2146	2ДОД		0
Р2146	4		0
Р2146	7	Бувший оп. 1 Р-3103	0
Р2146	1		0
Р2146	5		0
Р2151	5		0
Р2151	7		0
Р2151	10		0
Р2151	10ДОД		0
Р2151	14ДОД		0
Р2151	19		0
Р2151	21		0
Р2151	21ДОД		0
Р2151	26		0
Р2151	30		0
Р2151	30ДОД		0
Р2151	33		0
Р2151	38		0
Р2151	39		0
Р2151	40		0
Р2151	43		0
Р2151	45		0
Р2151	47		0
Р2151	1ДОД		0
Р2151	2		0
Р2151	11		0
Р2151	11ДОД		0
Р2151	12		0
Р2151	4		0
Р2151	4ДОД		0
Р2151	6		0
Р2151	6ДОД		0
Р2151	7ДОД		0
Р2151	8		0
Р2151	9		0
Р2151	13		0
Р2151	13ДОД		0
Р2151	14		0
Р2151	16		0
Р2151	16ДОД		0
Р2151	32		0
Р2151	17ДОД		0
Р2151	19ДОД		0
Р2151	20		0
Р2151	22		0
Р2151	22ДОД		0
Р2151	24		0
Р2151	25		0
Р2151	27		0
Р2151	28		0
Р2151	31		0
Р2151	35		0
Р2151	36		0
Р2151	37		0
Р2151	41		0
Р2151	42		0
Р2151	44		0
Р2151	46		0
Р2151	46ДОД		0
Р2151	9ДОД		0
Р2151	1		0
Р2151	2ДОД		0
Р2151	3		0
Р2151	3ДОД		0
Р2151	15		0
Р2151	15ДОД		0
Р2151	17		0
Р2151	18		0
Р2151	18ДОД		0
Р2151	23		0
Р2151	29		0
Р2151	34		0
Р2160	1ДОД		0
Р2160	2		0
Р2160	2ДОД		0
Р2160	4		0
Р2160	1		0
Р2160	3		0
Р2161	1ДОД		0
Р2161	2ДОД		0
Р2161	3		0
Р2161	3ДОД		0
Р2161	1		0
Р2161	2		0
Р2161	4		0
Р2166	1		0
Р2282	1		0
Р2167	1		0
Р2171	1		0
Р2173	1		0
Р2176	1		0
Р2177	1		0
Р2180	1		0
Р2181	1		0
Р2183	1		0
Р2185	1		0
Р2186	1		0
Р2187	1		0
Р2188	1		0
Р2190	1		0
Р2194	1		0
Р2201	1		0
Р2204	1		0
Р2204	2		0
Р2204	3		0
Р2205	1		0
Р2206	1		0
Р2207	1		0
Р2207	2		0
Р2207	3		0
Р2210	1		0
Р2213	1		0
Р2215	1		0
Р2216	1		0
Р2217	1		0
Р2217	2		0
Р2218	1		0
Р2220	1		0
Р2222	1		0
Р2236	1		0
Р2236	1ДОД		0
Р2240	3ДОД		0
Р2240	1		0
Р2240	1ДОД		0
Р2240	2		0
Р2240	2ДОД		0
Р2240	3		0
Р2248	2		0
Р2248	1		0
Р2249	1		0
Р2249	1ДОД		0
Р2262	1		0
Р2262	1ДОД		0
Р2263	1		0
Р2264	1		0
Р2268	1		0
Р2269	1		0
Р2270	2		0
Р2270	1ДОД		0
Р2270	1		0
Р2276	1	Дніпропетровська міська управа, з 1942 р. - Дніпропетровська Українська допоміжна управа, м. Дніпропетровськ (періоду німецько-фашистської окупації)	129
Р2277	1		0
Р2278	1		0
Р2279	2		0
Р2279	1		0
Р2280	2		0
Р2280	1		0
Р2281	1	Генеральний комісаріат, м. Дніпропетровськ (періоду німецько-фашистської окупації)	1
Р2825	1		0
Р2283	1	П'ятихатський гебітскомісаріат, м. П'ятихатки П'ятихатського району Дніпропетровської області (періоду німецько-фашистської окупації).	1
Р2284	1		0
Р2285	1		0
Р2286	1		0
Р2287	1		0
Р2293	1		0
Р2295	1		0
Р2298	1		0
Р2299	1		0
Р2300	1		0
Р2301	1		0
Р2302	1		0
Р2303	1		0
Р2304	1		0
Р2305	1		0
Р2306	1		0
Р2307	5		0
Р2307	1		0
Р2307	1ДОД		0
Р2307	2ДОД		0
Р2307	3		0
Р2307	4		0
Р2307	6	Машинобудівний коледж Дніпропетровського Національного університету Міністерства освіти і науки України, м. Дніпропетровськ.	0
Р2308	2		0
Р2308	1		0
Р2309	1		0
Р2310	1		0
Р2311	2		0
Р2311	1		0
Р2317	1		0
Р2318	1		0
Р2319	1		0
Р2320	1		0
Р2321	1		0
Р2322	1		0
Р2324	1		0
Р2325	1		0
Р2347	1		0
Р2348	1		0
Р2349	2		0
Р2349	1		0
Р2350	1		0
Р2351	1		0
Р2352	1		0
Р2353	1		0
Р2354	1		0
Р2355	1		0
Р2356	1		0
Р2357	1		0
Р2358	1		0
Р2359	1		0
Р2394	1		0
Р2427	1	Генеральний комісаріат, м. Дніпропетровськ (періоду німецько-фашистської окупації)	27
Р2428	1		0
Р2429	1		0
Н2430	1		0
Р2431	7	Пригородній р-н	695
Р2431	10	Межівський р н	25
Р2431	1	Дніпропетровська обл.	1544
Р2431	2	Петриківський р-н	1329
Р2431	5	Широківський р-н	1565
Р2431	12	Павлоградський рн	151
Р2431	15	Перещепинський р-н	26
Р2431	17	Дніпропетровська обл.	100
Р2431	19	Верхньодніпровськ ий р-н	17
Р2431	21	Терторія Германії	9
Р2431	16	Нікопольський р-н	149
Р2431	18	Васильківський р-н	13
Р2431	22	На окупованій території	6
Р2431	14	Петропавлівський р-н	70
Р2431	1ДОД	м. Запоріжжя та Запорізька обл.	520
Р2431	3	Петриківський р-н	876
Р2431	4	Широківський р-н	1525
Р2431	6	Солонянський р-н	1218
Р2431	9	Софіївський р-н	487
Р2431	11	Щорський р-н	63
Р2431	13	Покровський р-н	98
Р2431	20	П'ятихатський р-н	1104
Р2431	8	Юр'ївський р-н	596
Р2441	1		0
Р6523	1Л		0
Р2442	1		0
Р2442	2		0
Р2443	1		0
Р2447	2		0
Р2447	1		0
Р2468	1		0
Р2469	1		0
Р2479	1		0
Р2480	2		0
Р2480	1		0
Р2481	2		0
Р2481	1		0
Р2482	1		0
Р2483	1		0
Р2484	2		0
Р2484	1		0
Р2485	1		0
Р2492	2	Опис 2	5
Р2492	1	Опис 1	13
Р2493	13ДОД		0
Р2493	1ДОД		0
Р2493	3		0
Р2493	3ДОД		0
Р2493	7		0
Р2493	10		0
Р2493	13		0
Р2493	16		0
Р2493	18		0
Р2493	23ДОД		0
Р2493	26		0
Р2493	27ДОД		0
Р2493	31		0
Р2493	32		0
Р2493	34ДОД		0
Р2493	8ДОД		0
Р2493	14		0
Р2493	15		0
Р2493	15ДОД		0
Р2493	17		0
Р2493	19		0
Р2493	20		0
Р2493	21		0
Р2493	22		0
Р2493	1		0
Р2493	2ДОД		0
Р2493	4		0
Р2493	5		0
Р2493	5ДОД		0
Р2493	6		0
Р2493	8		0
Р2493	9		0
Р2493	11		0
Р2493	11ДОД		0
Р2493	12		0
Р2493	23		0
Р2493	24		0
Р2493	25		0
Р2493	27		0
Р2493	28		0
Р2493	29		0
Р2493	30		0
Р2493	32ДОД		0
Р2493	33		0
Р2493	34		0
Р2493	35		0
Р2493	2		0
Р2493	6ДОД		0
Р2493	9ДОД		0
Р2499	2		0
Р2499	1		0
Р2500	2		0
Р2500	1		0
Р2502	1		0
Р2503	1		0
Р2504	1		0
Н2506	1		0
Р2507	1		0
Р2508	1		0
Р2510	1		0
Р2581	1		0
Р2512	1		0
Р2513	1		0
Р2516	1		0
Р2517	1		0
Р2530	1		0
Р2531	2		0
Р2531	1		0
Р2532	1		0
Р2533	1		0
Р2534	2		0
Р2534	1		0
Р2538	2		0
Р2538	1		0
Р2539	1		0
Р2540	1		0
Р2541	1		0
Р2542	1		0
Р2543	2		0
Р2543	1		0
Р2545	1		0
Р2556	1		0
Р2563	1		0
Р2567	1	Опис 1	2
Р2571	1		0
Р2572	1		0
Р2573	1		0
Н2574	1		0
Н2584	1		0
Р2585	1		0
Р2587	1		0
Р2596	1		0
Р2601	1		0
Р2602	1		0
Р2603	1		0
Р2605	1		0
Р2608	1		0
Р2609	1		0
Р2610	1		0
Р2613	1		0
Р2622	1		0
Р2623	1		0
Р2643	1		0
Р2644	1		0
Р2644	1ДОД		0
Р2645	1ДОД		0
Р2645	1		0
Р2646	1		0
Р2647	1		0
Р2648	1		0
Р2649	1		0
Р2650	1		0
Р2651	1		0
Р2652	23		0
Р2652	30		0
Р2652	24		0
Р2652	1		0
Р2652	15		0
Р2652	18		0
Р2652	20		0
Р2652	26		0
Р2652	27		0
Р2652	28		0
Р2652	29		0
Р2652	31		0
Р2652	32		0
Р2656	1		0
Р2656	5		0
Р2656	9		0
Р2656	12		0
Р2656	2		0
Р2656	4		0
Р2656	6		0
Р2656	7		0
Р2656	10		0
Р2656	11		0
Р2656	13		0
Р2656	14		0
Р2657	1		0
Р2658	1		0
Р2672	1		0
Р2686	1		0
Р2687	1		0
Р2688	1		0
Р2689	1		0
Р2689	2		0
Р2690	1		0
Р2691	1		0
Р2692	1		0
Р2693	1		0
Р2694	1		0
Р2694	2		0
Р2695	1		0
Р2695	2		0
Р2696	2		0
Р2696	1		0
Р2697	1		0
Р2697	2		0
Р2698	1		0
Р2698	2		0
Р2699	2		0
Р2699	1		0
Р2700	1		0
Р2700	2		0
Р2701	1		0
Р2702	1		0
Р2703	1		0
Р2703	2		0
Р2704	1		0
Р2705	1		0
Р2707	1		0
Р2708	2		0
Р2708	1		0
Р2709	2		0
Р2709	1		0
Р2710	1ДОД		0
Р2710	1		0
Р2712	1		0
Р2712	2		0
Р2713	1		0
Р2714	1		0
Р2715	1		0
Р2715	2		0
Р2716	1		0
Р2717	1		0
Р2717	2		0
Р2718	1		0
Р2719	2		0
Р2719	1		0
Р2720	1ДОД		0
Р2720	2		0
Р2720	1		0
Р2721	2		0
Р2721	1		0
Р2722	2		0
Р2722	1		0
Р2724	1		0
Р2725	1		0
Р2726	2		0
Р2726	1		0
Р2727	2		0
Р2727	1		0
Р2729	1		0
Р2730	1		0
Р2731	1		0
Р2732	1		0
Р2762	1		0
Р2734	1		0
Р2734	2		0
Р2735	1		0
Р2736	1		0
Р2736	2		0
Р2737	1		0
Р2738	1		0
Р2739	1		0
Р2740	1		0
Р2740	2		0
Р2741	2		0
Р2741	1		0
Р2742	2		0
Р2742	1		0
Р2744	1		0
Р2744	2		0
Р2746	2ДОД		0
Р2746	1ДОД		0
Р2746	2		0
Р2746	3		0
Р2746	1		0
Р2747	1		0
Р2747	1ДОД		0
Р2747	2		0
Р2747	3		0
Р2748	2		0
Р2748	1		0
Р2749	1		0
Р2749	2		0
Р2750	1		0
Р2751	1		0
Р2751	1Л		0
Р2752	1		0
Р2753	1		0
Р2754	1		0
Р2755	1		0
Р2756	1		0
Р2757	1		0
Р2758	1		0
Р2759	1		0
Р2760	1		0
Р2764	1		0
Р2765	1		0
Р2766	1		0
Р2767	1		0
Р2768	1		0
Р2769	1		0
Р2770	1		0
Р2771	1		0
Р2772	1		0
Р2773	1		0
Р2774	1		0
Р2775	1		0
Р2776	1		0
Р2777	1		0
Р2778	1		0
Р2779	1		0
Р2780	1		0
Р2781	1		0
Р2782	1		0
Р2783	1		0
Р2784	1		0
Р2786	1		0
Р2787	1		0
Р2788	1		0
Р2789	1		0
Р2789	1ДОД		0
Р2789	2Л		0
Р2789	1Л		0
Р2789	2		0
Р2789	3		0
Р2789	4		0
Р2790	1		0
Р2790	2		0
Р2791	1		0
Р2793	1		0
Р2794	1		0
Р2795	1		0
Р2796	1		0
Р2797	1		0
Р2798	1		0
Р2800	1		0
Р2801	1		0
Р2802	1		0
Р2803	1		0
Р2803	1ДОД		0
Р2803	2		0
Р2804	1		0
Р2804	1ДОД		0
Р2805	1ДОД		0
Р2805	1		0
Р2806	1		0
Р2807	1ДОД		0
Р2807	1		0
Р2808	1		0
Р2809	1		0
Р2810	1		0
Р2814	1		0
Р2815	1		0
Р2816	1		0
Р2817	1		0
Р2818	1		0
Р2819	1		0
Р2820	1		0
Р2823	1		0
Р2823	2		0
Р2823	3		0
Р2824	1		0
Р2826	1		0
Р2827	1		0
Р2828	1		0
Р2829	1		0
Р2830	1		0
Р2831	1		0
Р2832	1		0
Р2832	3		0
Р2832	2		0
Р2835	1		0
Р2836	1		0
Р2837	1		0
Р2838	1		0
Р2839	1		0
Р2841	1Л		0
Р2841	1		0
Р2843	1		0
Р2844	1		0
Р2846	1		0
Р2847	1		0
Р2848	1		0
Р2849	1		0
Р2850	1		0
Р2851	1		0
Р2852	1		0
Р2855	1		0
Р2857	2		0
Р2857	1		0
Р2857	3		0
Р2858	1		0
Р2859	1	Опис 1	8
Р2862	1		0
Р2863	1		0
Р2864	1		0
Р2866	1		0
Р2866	1ДОД		0
Р2868	1		0
Р2869	1		0
Р2873	1		0
Р2873	2		0
Р2873	1ДОД		0
Р2874	1	Опис 1	46
Р2876	1		0
Р2877	1		0
Р2878	1	Опис 1	1
Р2879	1		0
Р2880	1		0
Р2881	1		0
Р2882	1		0
Р2883	1		0
Р2884	1		0
Р2885	1		0
Р2886	1		0
Р2886	2		0
Р2887	1		0
Р2889	1		0
Р2890	1		0
Р2890	1Л		0
Р2891	1		0
Р2892	1		0
Р2894	1		0
Р2896	1		0
Р2897	1		0
Р3022	1		0
Р2898	1		0
Р2900	1		0
Р2901	1		0
Р2902	1		0
Р2903	1		0
Р2904	1		0
Р2905	1		0
Р2906	1		0
Р2907	1		0
Р2908	1		0
Р2909	1		0
Р2910	1		0
Р2912	1		0
Р2913	1		0
Р2913	2		0
Р2914	1		0
Р2915	1		0
Р2916	1		0
Р2918	1		0
Р2919	1		0
Р2920	1		0
Р2921	1		0
Р2923	1		0
Р2924	1		0
Р2925	1		0
Р2926	1		0
Р2927	1		0
Р2928	1		0
Р2929	1		0
Р2932	1		0
Р2934	1		0
Р2936	1		0
Р2937	1		0
Р2938	1		0
Р2939	1		0
Р2940	1		0
Р2941	1		0
Р2941	2		0
Р2942	1		0
Р2944	1		0
Р2946	1		0
Р2947	1		0
Р2949	1		0
Р2950	1		0
Р2951	3		0
Р2951	2ДОД		0
Р2951	4		0
Р2951	4ДОД		0
Р2951	5		0
Р2951	8		0
Р2951	1		0
Р2951	1ДОД		0
Р2951	2		0
Р2951	3ДОД		0
Р2951	6		0
Р2952	1		0
Р2953	1		0
Р2954	1		0
Р2955	1		0
Р2956	1		0
Р2957	1		0
Р2958	1		0
Р2959	1		0
Р2960	1		0
Р2961	1		0
Р2962	1		0
Р2963	1		0
Р3186	1		0
Р2964	1		0
Р2965	1		0
Р2966	1		0
Р2967	1		0
Р2968	1		0
Р2969	1		0
Р2970	1		0
Р2971	1		0
Р2972	1		0
Р2973	1		0
Р2974	1		0
Р2975	1		0
Р2976	1		0
Р2977	1		0
Р2978	1		0
Р2979	1		0
Р2980	1		0
Р2981	1		0
Р2983	1		0
Р2984	1		0
Р2985	1		0
Р2986	1		0
Р2987	1		0
Р2988	1		0
Р2989	1		0
Р2990	1		0
Р2991	1		0
Р2992	1		0
Р2992	2		0
Р2993	1		0
Р2994	1		0
Р2995	1		0
Р2996	1		0
Р2997	1		0
Р2998	1		0
Р3000	1		0
Р3001	1		0
Р3002	1		0
Р3003	1		0
Р3005	1		0
Р3006	1		0
Р3007	1		0
Р3008	1		0
Р3009	1		0
Р3010	1		0
Р3011	1Л		0
Р3011	1		0
Р3012	1		0
Р3013	1		0
Р3013	2		0
Р3014	1		0
Р3015	1		0
Р3016	1		0
Р3017	1		0
Р3018	1		0
Р3019	1		0
Р3020	1		0
Р3021	1		0
Р3187	1		0
Р3023	1		0
Р3024	1		0
Р3025	1		0
Р3026	1		0
Р3027	1		0
Р3028	1		0
Р3029	1		0
Р3030	1		0
Р3031	1		0
Р3032	1		0
Р3033	1		0
Р3034	1		0
Р3035	1		0
Р3036	1		0
Р3037	1		0
Р3038	1		0
Р3040	1		0
Р3041	1		0
Р3042	1		0
Р3043	1		0
Р3044	1		0
Р3045	1		0
Р3046	1		0
Р3047	1		0
Р3048	1		0
Р3049	1		0
Р3050	1		0
Р3051	2		0
Р3051	1		0
Р3052	1		0
Р3053	1		0
Р3054	1		0
Р3055	1		0
Р3057	1		0
Р3058	1		0
Р3059	1		0
Р3060	1		0
Р3061	1		0
Р3062	1		0
Р3063	1		0
Р3064	1		0
Р3064	2		0
Р3065	1		0
Р3066	1		0
Р3067	1		0
Р3068	1		0
Р3069	1		0
Р3070	1		0
Р3071	1		0
Р3072	1Л		0
Р3072	1		0
Р3073	1		0
Р3075	1		0
Р3188	1		0
Р3076	1		0
Р3076	2		0
Р3077	1		0
Р3078	1		0
Р3079	1		0
Р3080	1		0
Р3080	2		0
Р3082	1		0
Р3083	1		0
Р3084	1		0
Р3085	1		0
Р3086	1		0
Р3087	1		0
Р3087	2		0
Р3088	1		0
Р3092	1		0
Р3093	1		0
Р3095	1		0
Р3096	1		0
Р3097	1		0
Р3098	1		0
Р3099	1		0
Р3100	1		0
Р3101	5		0
Р3101	3ДОД		0
Р3101	1		0
Р3101	1ДОД		0
Р3101	2		0
Р3101	2ДОД		0
Р3101	3		0
Р3101	4		0
Р3102	1		0
Р3103	1		0
Р3105	1		0
Р3106	1		0
Р3107	1		0
Р3109	1		0
Р3110	1		0
Р3112	1		0
Р3113	1		0
Р3114	1		0
Р3115	2		0
Р3115	1		0
Р3116	1		0
Р3117	1		0
Р3118	1ДОД		0
Р3118	1		0
Р3119	1		0
Р3120	1		0
Р3121	1		0
Р3122	1		0
Р3123	1		0
Р3124	1		0
Р3125	1		0
Р3126	1		0
Р3127	1		0
Р3129	1		0
Р3130	1		0
Р3131	1		0
Р3132	1		0
Р3133	1		0
Р3133	2		0
Р3135	1		0
Р3136	1		0
Р3137	1		0
Р3138	1		0
Р3140	1		0
Р3141	1		0
Р3143	1		0
Р3144	1		0
Р3145	2		0
Р3145	1		0
Р3147	1		0
Р3149	1		0
Р3150	1		0
Р3154	1		0
Р3155	1		0
Р3156	1		0
Р3159	1		0
Р3161	1		0
Р3162	1		0
Р3163	1		0
Р3164	1		0
Р3165	1		0
Р3166	1		0
Р3168	1		0
Р3169	1		0
Р3170	1		0
Р3171	1		0
Р3172	1		0
Р3174	1		0
Р3175	1		0
Р3175	2		0
Р3177	1		0
Р3178	1		0
Р3180	1		0
Р3181	1		0
Р3183	1		0
Р3184	1		0
Р3185	1		0
Р3189	1		0
Р3190	1		0
Р3191	1		0
Р3192	1		0
Р3193	2		0
Р3193	1		0
Р3194	1		0
Р3195	1		0
Р3196	1		0
Р3197	1		0
Р3198	2		0
Р3198	1		0
Р3199	1		0
Р3200	2		0
Р3200	1		0
Р3201	1		0
Р3202	1		0
Р3203	2		0
Р3203	1		0
Р3204	1		0
Р3205	1		0
Р3206	1		0
Р3207	1		0
Р3208	2Л		0
Р3208	1		0
Р3209	1		0
Р3210	1		0
Р3211	1		0
Р3212	1		0
Р3214	1		0
Р4467	1		0
Р4467	2		0
Р4467	1ДОД		0
Р4467	2ДОД		0
Р3215	1		0
Р3216	1		0
Р3225	1		0
Р3230	1		0
Н3233	1		0
Р3235	2		0
Р3235	1		0
Р3239	1		0
Р3240	1		0
Р3244	1		0
Р3245	1		0
Р3247	1		0
Р3250	1		0
Р3252	1		0
Р3255	1		0
Р3266	1		0
Р3268	1		0
Р3269	1		0
Р3271	1		0
Р3271	1ДОД		0
Р3272	1		0
Р3273	1		0
Р3274	1		0
Р3280	1		0
Р3282	1		0
Р3283	1		0
Р3287	1		0
Р3288	1		0
Р3298	1		0
Р3299	1		0
Р3300	1		0
Р3302	1		0
Р3309	1		0
Р3310	1		0
Р3311	1		0
Р3311	2		0
Р3312	1		0
Р3313	1		0
Р3314	1		0
Р3315	1		0
Р3316	1		0
Р3317	1		0
Р3319	1		0
Р3320	1		0
Р3321	1ДОД		0
Р3321	1		0
Р3322	1ДОД		0
Р3322	1		0
Р3323	1		0
Р3330	1		0
Р3333	1		0
Р3337	1		0
Р3338	1		0
Р3339	1ДОД		0
Р3339	2		0
Р3339	3ДОД		0
Р3339	1		0
Р3339	3		0
Р3340	1		0
Р3340	2		0
Р3341	1		0
Р3342	1		0
Р3343	1		0
Р3344	1		0
Р3345	2		0
Р3345	1		0
Р3346	1		0
Р3347	1		0
Р3348	1	Ямбургський дитячий будинок (немовлят), с. Ямбург Ямбургської сільської ради Дніпропетровського району та області	1
Р3349	1		0
Р3350	1		0
Р3351	1		18
Р3352	1		0
Р3353	1		0
Р3355	1		0
Р3356	1		0
Р3357	1		0
Р3358	1		0
Р3359	1		0
Р3360	1		0
Р3364	1		0
Р3365	1		0
Р3366	1		0
Р3367	1		0
Р3368	1		0
Р3369	1		0
Р3370	1		0
Р3371	1		0
Р3373	1		0
Р3374	1		0
Р3374	1ДОД		0
Р3375	1		0
Р3376	1		0
Р3377	1		0
Р3378	1		0
Р3381	2		0
Р3381	1		0
Р3383	3		0
Р3383	10		0
Р3383	11		0
Р3383	11ДОД		0
Р3383	18		0
Р3383	19		0
Р3383	21		0
Р3383	4		0
Р3383	5		0
Р3383	5ДОД		0
Р3383	6		0
Р3383	8		0
Р3383	8ДОД		0
Р3383	12		0
Р3383	13		0
Р3383	14		0
Р3383	15		0
Р3383	16		0
Р3383	17		0
Р3383	20		0
Р3383	22		0
Р3383	1		0
Р3383	2		0
Р3383	7		0
Р3383	9		0
Р3384	1		0
Р3385	1		0
Р3386	1		0
Р3388	1		0
Р3400	1		0
Р3402	1		0
Р3403	1		0
Р3404	1		0
Р3405	1		0
Р3406	1		0
Р3407	1		0
Р3408	1		0
Р3409	1		0
Р3411	1		0
Р3413	1		0
Р3414	2		0
Р3414	1		0
Р3416	1		0
Р3417	1		0
Р3418	1		0
Н3419	1		0
Р3419	1		0
Р3420	1		0
Р3421	1	Опис 1	1
Р3422	1		0
Р3429	1		0
Р3430	1		0
Р3431	1		0
Р3432	1		0
Р3433	1		0
Р3434	1		0
Р3435	1		0
Р3435	2		0
Р3436	1		0
Р3437	1		0
Р3438	1		0
Р3440	1		0
Р3440	2		0
Р3441	1		0
Р3441	2		0
Р3442	1		0
Р3444	1		0
Р3445	1		0
Р3448	1		0
Р3449	1		0
Р3452	1		0
Р3453	1		0
Р3454	1		0
Р3455	1		0
Р3455	1ДОД		0
Р3456	1		0
Р3457	1		0
Р3458	2		0
Р3458	1		0
Р3459	1		0
Р3460	1		0
Р3461	1		0
Р3462	1		0
Р3463	1		0
Р3464	1		0
Р3466	1		0
Р3467	1		0
Р3468	1		0
Р3469	1		0
Р3469	3		0
Р3469	5		0
Р3469	7		0
Р3469	9		0
Р3469	11		0
Р3469	13		0
Р3469	15		0
Р3469	17		0
Р3469	19		0
Р3469	20		0
Р3469	22		0
Р3469	26		0
Р3469	28		0
Р3469	2		0
Р3469	4		0
Р3469	6		0
Р3469	8		0
Р3469	10		0
Р3469	12		0
Р3469	14		0
Р3469	16		0
Р3469	18		0
Р3469	21		0
Р3469	23		0
Р3469	25		0
Р3469	27		0
Р3469	29		0
Р3469	24		0
Р3476	1		0
Р3478	1		0
Р3479	1		0
Р3481	1		0
Р3562	1		0
Р3482	1		0
Р3484	1		0
Р3485	1		0
Р3487	1		0
Р3488	1Л		0
Р3488	1		0
Р3490	1		0
Р3491	1		0
Р3492	2		0
Р3492	3		0
Р3492	1		0
Р3493	1		0
Р3496	1		0
Р3496	1Л		0
Р3499	1		0
Р3516	2		0
Р3516	2ДОД		0
Р3516	3ДОД		0
Р3516	3		0
Р3516	4	Відкрите акціонерне товариство "Дніпрококс", м. Дніпропетровськ	0
Р3516	1		0
Р3516	1ДОД		0
Р3517	1		0
Р3519	1		0
Р3519	1Л		0
Р3520	2		0
Р3520	1		0
Р3536	4		0
Р3536	3		0
Р3536	5		0
Р3536	6		0
Р3536	1		0
Р3536	2		0
Р3536	7		0
Р3537	1		0
Р3538	1		0
Р3539	1		0
Р3541	1		0
Р3542	1		0
Р3543	1		0
Р3553	2		0
Р3553	4		0
Р3553	6		0
Р3553	8		0
Р3553	11		0
Р3553	13		0
Р3553	15		0
Р3553	17		0
Р3553	18		0
Р3553	3		0
Р3553	5		0
Р3553	7		0
Р3553	9		0
Р3553	10		0
Р3553	14		0
Р3553	1		0
Р3553	16		0
Р3558	1		0
Р3559	1		0
Р3572	1		0
Р3573	1		0
Р3581	1		0
Р3582	1		0
Р3583	1		0
Р3585	1		0
Р3586	1		0
Р3587	1		0
Р3588	1		0
Р3591	1		0
Р3593	1		0
Р3594	1		0
Р3596	1Л		0
Р3596	1		0
Р3597	1		0
Р3602	1		0
Р3602	2		0
Р3605	1		0
Р3606	1		0
Р3607	1		0
Р3608	1		0
Р3609	1		0
Р3610	1		0
Р3611	1		0
Р3612	1		0
Р3613	1		0
Р3614	1		0
Р3615	1		0
Р3616	1		0
Р3617	1		0
Р3618	1		0
Р3619	1		0
Р3620	1		0
Р3621	1		0
Р3622	1		0
Р3623	1		0
Р3624	1		0
Р3625	1		0
Р3626	1		0
Р3627	1		0
Р3628	1		0
Р3629	1		0
Р3630	1		0
Р3631	1		0
Р3632	1		0
Р3633	1		0
Р3634	1		0
Р3636	1		0
Р3637	1		0
Р3638	1		0
Р3639	1		0
Р3641	1		0
Р3642	1		0
Р3644	1Л		0
Р3644	1		0
Р3649	2		0
Р3649	1		0
Р3650	1		0
Р3651	2	Криворізький окружний військовий комісаріат (орквійськкомат), м. Кривий Ріг Катеринославської губернії.	0
Р3651	1	Криворізький окружний військовий комісаріат (орквійськкомат), м. Кривий Ріг Катеринославської губернії.	1
Р3652	1		0
Р3653	1		0
Р3654	1		0
Р3655	1		0
Р3656	1		0
Р3657	1		0
Р3657	2		0
Р3658	1		0
Р3659	1		0
Р3660	1		0
Р3661	1		0
Р3662	1		0
Р3663	1		0
Р3664	1		0
Р3664	1ДОД		0
Р3665	1		0
Р3666	1		0
Р3667	1		0
Р3668	1		0
Р3670	1		0
Р3671	1		0
Р3673	1		0
Р3674	2		0
Р3674	1		0
Р3675	1		0
Р3677	2		0
Р3677	1		0
Р3678	1		0
Р3679	1		0
Р3680	2		0
Р3680	1		0
Р3681	1		0
Р3683	1		0
Р3684	1		0
Р3685	1		0
Р3691	1		0
Р3692	2		0
Р3692	1ДОД		0
Р3692	1		0
Р3693	1		0
Р3693	2		0
Р3693	3		0
Р3694	1		0
Р3695	1		0
Р3701	1		0
Р3702	1		0
Р3703	1Л		0
Р3703	2		0
Р3703	1		0
Р3704	2		0
Р3704	1Л		0
Р3704	1		0
Р3705	1		0
Р3706	1Л		0
Р3706	1ДОД		0
Р3706	1		0
Р3707	1		0
Р3707	1ДОД		0
Р3708	1ДОД		0
Р3708	2		0
Р3708	3		0
Р3708	4		0
Р3708	5		0
Р3708	1		0
Р3709	1		0
Р3709	1ДОД		0
Р3709	2		0
Р3709	2ДОД		0
Р3710	1		0
Р3711	1		0
Р3712	1		0
Р3713	1		0
Р3714	1		0
Р3715	1		0
Р3716	1		0
Р3718	1		0
Р3719	1		0
Р3721	1		0
Р3722	1		0
Р3723	1		0
Р3724	1		0
Р3725	1		0
Р3727	1		0
Р3728	1		0
Р3730	1		0
Р3732	2		0
Р3732	2ДОД		0
Р3732	3		0
Р3732	3ДОД		0
Р3732	1		0
Р3732	1ДОД		0
Р3734	4		0
Р3734	5		0
Р3734	6		0
Р3734	8		0
Р3734	10		0
Р3734	1		0
Р3734	1ДОД		0
Р3734	2		0
Р3734	2ДОД		0
Р3734	3		0
Р3734	3ДОД		0
Р3734	7		0
Р3734	8ДОД		0
Р3734	9		0
Р3735	2		0
Р3735	1		0
Р3735	1ДОД		0
Р3735	2ДОД		0
Р3735	3		0
Р3738	1		0
Р3739	1		0
Р3742	1		0
Р3744	1Л		0
Р3744	1		0
Р3746	1		0
Р3747	1		0
Р3748	1		0
Р3749	1		0
Р3750	1		0
Р3751	1		0
Р4043	1		0
Р3753	1		0
Р3754	1		0
Р3755	1		0
Р3756	1		0
Р3757	1		0
Р3758	1		0
Р3759	1		0
Р3760	1		0
Р3763	1		0
Р3764	1		0
Р3765	1		0
Р3766	1		0
Р3767	1		0
Р3768	1		0
Р3769	1		0
Р3770	1		0
Р3770	2		0
Р3771	1		0
Р3773	1		0
Р3774	1		0
Р3775	1		0
Р3776	1		0
Р3779	1		0
Р3781	1		0
Р3782	1		0
Р3783	1		0
Р3784	1		0
Р3785	3		0
Р3785	4		0
Р3785	4ДОД		0
Р3785	1		0
Р3785	1ДОД		0
Р3785	2ДОД		0
Р3785	5	Дніпропетровський національний університет залізничного транспорту ім. академіка В. Лазаряна, м. Дніпропетровськ	0
Р3786	2		0
Р3786	1		0
Р3788	1		0
Р3789	1		0
Р3791	1		0
Р3792	1		0
Р3793	1		0
Р3794	1		0
Р3796	1Л		0
Р3796	1		0
Р3797	1		0
Р3798	1		0
Р3799	1		0
Р3801	1Л		0
Р3801	1		0
Р3802	1		0
Р3803	1		0
Р3804	1		0
Р3805	1		0
Р3806	2	Дніпропетровський державний інститут фізичної культури Комітету у справах фізичної культури і спорту при РМ УРСР, м. Дніпропетровськ	0
Р3806	3	Дніпропетровський державний інститут фізичної культури Комітету у справах фізичної культури і спорту при РМ УРСР, м. Дніпропетровськ	0
Р3806	1		0
Р3806	1ДОД		0
Р3807	1	Робітничо-селянська інспекція Сталіндорфської районної контрольної комісії КП(б) У, с. Сталіндорф Криворізького округу	1
Р3808	1		0
Р3809	1		0
Р3810	1		0
Р3811	1		0
Р3812	1		0
Р3812	2		0
Р3813	1		0
Р3815	1		0
Р3817	1		0
Р3818	1		0
Р3819	1		0
Р3820	1		0
Р3822	1		0
Р3824	1		0
Р3825	1		0
Р3826	1		0
Р3827	1		0
Р3829	1		0
Р3830	1		0
Р3831	1		0
Р3832	1		0
Р3834	1		0
Р3836	1		0
Р3838	1		0
Р3839	1		0
Р3840	1ДОД		0
Р3840	2		0
Р3840	1		0
Р3841	1		0
Р3842	1		0
Р3842	1ДОД	Дніпропетровське державне музичне училище ім. Глінки управління культури виконавчого комітету Дніпропетровської обласної ради народних депутатів, м. Дніпропетровськ	0
Р3844	1		0
Р3845	1		0
Р3846	1		0
Р3850	1		0
Р3851	1		0
Р3852	1		0
Р3853	1		0
Р3854	1		0
Р3855	1		0
Р3856	1		0
Р3857	1		0
Р3858	1		0
Р3859	1		0
Р3859	2		0
Р3860	1		0
Р3861	1		0
Р3861	1ДОД		0
Р3862	1		0
Р3863	1		0
Р3865	2		0
Р3865	1		0
Р3866	1		0
Р3866	3		0
Р3866	2		0
Р3867	1Л		0
Р3867	1		0
Р3868	1		0
Р3870	1		0
Р3872	3		0
Р3872	2		0
Р3872	4		0
Р3872	5		0
Р3872	1		0
Р3875	1		0
Р3875	2		0
Р3876	1		0
Р3876	1ДОД		0
Р3877	1		0
Р3878	1		0
Р3880	1		0
Р3882	1Л		0
Р3882	1		0
Р3884	3		0
Р3884	1		0
Р3884	2		0
Р3888	1		0
Р3889	2Л		0
Р3889	1		0
Р3890	2Л		0
Р3890	1		0
Р3891	1		0
Р3892	1		0
Р3893	2Л		0
Р3893	1		0
Р3894	2Л		0
Р3894	1		0
Р3895	1		0
Р3896	1		0
Р3896	2		0
Р3897	1		0
Р3897	2Л		0
Р3898	1		0
Р3899	1		0
Р3900	1		0
Р3901	1		0
Р3902	1		0
Р3903	1		0
Р3904	1		0
Р3906	1		0
Р3907	1		0
Р3908	1		0
Р3909	1		0
Р3911	1		0
Р3912	1		0
Р3913	1		0
Р3914	1		0
Р3915	1		0
Р3916	1		0
Р3917	1		0
Р3918	1		0
Р3919	1		0
Р3920	1		0
Р3922	1		0
Р3924	1		0
Р3925	1		0
Р3927	1		0
Р3928	1		0
Р3928	1ДОД		0
Р3930	1ДОД		0
Р3930	1		0
Р3932	2		0
Р3932	1		0
Р3935	1		0
Р3937	1		0
Р3938	1		0
Р3938	1ДОД		0
Р3939	1		0
Р3940	2		0
Р3940	1		0
Р3941	1		0
Р3942	1		0
Р3942	2		0
Р3943	1		0
Р3944	2		0
Р3944	1		0
Р3945	1		0
Р3946	1		0
Р3946	1ДОД		0
Р3947	1		0
Р3947	2		0
Р3948	1		0
Р3953	1		0
Р3954	1Л		0
Р3954	1		0
Р3955	1		0
Р3956	1		0
Р3957	2		0
Р3957	1		0
Р3958	2		0
Р3958	2ДОД		0
Р3958	1		0
Р3958	1ДОД		0
Р3959	1		0
Р3960	1		0
Р3962	1		0
Р3964	1		0
Р3964	2		0
Р3965	1		0
Р3965	2		0
Р3966	1		0
Р3966	1ДОД		0
Р3966	2		0
Р3967	1		0
Р3967	1ДОД		0
Р3968	1		0
Р3968	2		0
Р3970	1		0
Р3972	2		0
Р3972	3		0
Р3972	1		0
Р3972	1ДОД		0
Р3973	1ДОД		0
Р3973	4		0
Р3973	6		0
Р3973	10		0
Р3973	11		0
Р3973	4ДОД		0
Р3973	5		0
Р3973	7		0
Р3973	8		0
Р3973	9		0
Р3973	1		0
Р3973	2ДОД		0
Р3973	3		0
Р3973	3ДОД		0
Р3975	1		0
Р3976	1		0
Р3977	1		0
Р3978	1		0
Р3978	2		0
Р3978	1ДОД		0
Р3979	1		0
Р3980	1		0
Р3981	1		0
Р3981	1ДОД		0
Р3983	1		0
Р3985	1Л		0
Р3985	1		0
Р3987	1		0
Р3988	1		0
Р3989	1		0
Р3990	1		0
Р3991	1		0
Р3992	1		0
Р3993	1		0
Р3994	1		0
Р3995	1		0
Р3996	1		0
Р3997	1		0
Р3998	1		0
Р3999	1		0
Р4002	1		0
Р4006	1		0
Р4007	1		0
Р4007	2		0
Р4011	1		0
Р4013	1		0
Р4014	1		0
Р4015	1Л		0
Р4015	1		0
Р4017	1		0
Р4018	1		0
Р4020	1		0
Р4021	1		0
Р4022	1		0
Р4023	1		0
Р4025	1		0
Р4026	2Л		0
Р4026	1		0
Р4027	1		0
Р4028	2Л		0
Р4028	1		0
Р4030	1		0
Р4030	2		0
Р4032	2		0
Р4032	1		0
Р4033	1ДОД		0
Р4033	1		0
Р4035	1		0
Р4036	1		0
Р4037	1		0
Р4039	1Л		0
Р4039	1		0
Р4040	1		0
Р4041	1		0
Р4042	1		0
Р4044	1		0
Р4045	1		0
Р4046	1		0
Р4047	1		0
Р4048	1		0
Р4050	1		0
Р4051	1		0
Р4052	1		0
Р4053	1ДОД		0
Р4053	1		0
Р4054	1		0
Р4055	2		0
Р4055	1		0
Р4056	1		0
Р4058	2		0
Р4058	1		0
Р4059	1		0
Р4060	1		0
Р4061	1		0
Р4061	2		0
Р4061	3		0
Р4063	1		0
Р4064	1		0
Р4065	1		0
Р4066	1		0
Р4067	1		0
Р4068	1		0
Р4069	1		0
Р4103	1		0
Р4070	1		0
Р4072	1		0
Р4073	1ДОД		0
Р4073	1		0
Р4073	2		0
Р4074	1		0
Р4075	1		0
Р4075	1ДОД		0
Р4076	1		0
Р4077	1		0
Р4080	1		0
Р4081	1		0
Р4082	2		0
Р4082	1		0
Р4083	1		0
Р4085	1		0
Р4087	1		0
Р4088	1		0
Р4089	1		0
Р4091	1		0
Р4092	1		0
Р4093	1		0
Р4096	1		0
Р4098	1		0
Р4098	2		0
Р4098	2ДОД		0
Р4098	1ДОД		0
Р4099	1		0
Р4100	1		0
Р4101	1		0
Р4101	2		0
Р4101	3		0
Р4101	4		0
Р4101	5		0
Р4101	1ДОД		0
Р4101	2ДОД		0
Р4101	5Л		0
Р4101	4Л		0
Р4101	3Л		0
Р4101	2Л		0
Р4101	1Л		0
Р4104	1		0
Р4105	1		0
Р4106	1		0
Р4107	1		0
Р4107	2		0
Р4108	2		0
Р4108	1		0
Р4109	2		0
Р4109	1		0
Р4110	1		0
Р4111	1		0
Р4112	1		0
Р4113	1		0
Р4115	2		0
Р4115	1		0
Р4116	1		0
Р4116	2		0
Р4117	1		0
Р4117	1ДОД		0
Р4117	2		0
Р4118	1		0
Р4118	2		0
Р4118	1ДОД		0
Р4119	1		0
Р4120	1		0
Р4120	2		0
Р4121	1		0
Р4123	1		0
Р4124	1		0
Р4125	1		0
Р4125	2		0
Р4126	1		0
Р4127	2		0
Р4127	1		0
Р4128	1		0
Р4128	1ДОД		0
Р4129	1		0
Р4130	1		0
Р4131	1		0
Р4131	2		0
Р4132	1		0
Р4134	2		0
Р4134	1		0
Р4135	1		0
Р4137	1		0
Р4137	2		0
Р4139	1		0
Р4140	1		0
Р4141	1		0
Р4141	2		0
Р4142	1		0
Р4142	2		0
Р4143	2		0
Р4143	1		0
Р4145	2		0
Р4145	1		0
Р4146	1		0
Р4147	1		0
Р4147	2		0
Р4148	1		0
Р4148	1ДОД		0
Р4149	2		0
Р4149	1		0
Р4150	1		0
Р4151	1		0
Р4151	2		0
Р4153	1		0
Р4154	1		0
Р4155	1		0
Р4156	1		0
Р4157	1ДОД		0
Р4157	2		0
Р4157	3		0
Р4157	1		0
Р4160	1ДОД		0
Р4160	2		0
Р4160	1		0
Р4173	1		0
Р4173	1ДОД		0
Р4173	2		0
Р4176	1Л		0
Р4176	1		0
Р4176	1ДОД		0
Р4353	1		0
Р4180	1		0
Р4181	1		0
Р4182	1		0
Р4183	1		0
Р4183	2		0
Р4188	1Л		0
Р4188	1		0
Р4189	1		0
Р4190	1		0
Р4192	1		0
Р4194	1		0
Р4195	1		0
Р4197	1		0
Р4198	1		0
Р4206	1		0
Р4207	1		0
Р4212	1		0
Р4214	1		0
Р4216	1		0
Р4218	1		0
Р4218	2		0
Р4218	1ДОД		0
Р4219	1		0
Р4220	1		0
Р4221	1		0
Р4222	1		0
Р4223	1		0
Р4224	1		0
Р4230	1		0
Р4233	1		0
Р4234	2Л		0
Р4234	1		0
Р4241	2		0
Р4241	3		0
Р4241	4		0
Р4241	5		0
Р4241	6		0
Р4241	7		0
Р4241	1		0
Р4243	2Л		0
Р4243	3Л		0
Р4243	1ДОД		0
Р4243	4ДОД		0
Р4243	1		0
Р4243	4		0
Р4244	1		0
Р4244	2		0
Р4245	1		0
Р4246	1		0
Р4246	1Л		0
Р4247	1		0
Р4248	1		0
Р4251	1Л		0
Р4251	1		0
Р4252	1		0
Р4252	2		0
Р4253	1ДОД		0
Р4253	1		0
Р4253	2		0
Р4254	2		0
Р4254	1		0
Р4255	2		0
Р4255	1		0
Р4256	1		0
Р4257	1		0
Р4258	1		0
Р4259	2		0
Р4259	1		0
Р4260	2		0
Р4260	1		0
Р4261	1		0
Р4262	1		0
Р4263	1		0
Р4264	1ДОД		0
Р4264	1	Сталіндорфський районний військовий комісаріат, с. Сталіндорф Дніпропетровської області	1
Р4265	1		0
Р4265	2		0
Р4266	1ДОД		0
Р4266	1		0
Р4266	2		0
Р4267	1Л		0
Р4267	2		0
Р4267	1		0
Р4269	2		0
Р4269	1		0
Р4270	1		0
Р4274	1		0
Р4274	2		0
Р4275	2		0
Р4275	1		0
Р4275	1ДОД		0
Р4276	1		0
Р4276	2		0
Р4282	1Л		0
Р4282	1		0
Р4283	1		0
Р4283	1ОС		0
Р4301	1		0
Р4305	1		0
Р4306	1		0
Р4312	1Л		0
Р4312	1		0
Р4314	1		0
Р4315	1		0
Р4316	2		0
Р4316	1		0
Р4317	1		0
Р4318	1		0
Р4319	2		0
Р4319	1		0
Р4320	1		0
Р4322	1		0
Р4323	1		0
Р4324	1		0
Р4325	1		0
Р4326	2		0
Р4326	1		0
Р4326	1ДОД		0
Р4329	1ДОД		0
Р4329	1		0
Р4330	1		0
Р4330	1ДОД		0
Р4331	1		0
Р4332	1		0
Р4332	1ДОД		0
Р4333	1		0
Р4333	1ДОД		0
Р4333	2		0
Р4334	1		0
Р4336	1		0
Р4337	1		0
Р4338	1ДОД		0
Р4338	1		0
Р4339	1		0
Р4340	2		0
Р4340	1		0
Р4341	1		0
Р4342	1		0
Р4343	1		0
Р4344	1		0
Р4345	1		0
Р4346	1		0
Р4347	1		0
Р4348	2		0
Р4348	3		0
Р4348	1		0
Р4349	1		0
Р4350	1		0
Р4350	1ДОД		0
Р4351	1		0
Р4352	1		0
Р4352	1ДОД		0
Р4354	1		0
Р4355	1		0
Р4356	1		0
Р4357	1		0
Р4357	1ДОД		0
Р4357	2		0
Р4358	1		0
Р4359	6		0
Р4359	4		0
Р4359	1		0
Р4359	1ДОД		0
Р4359	2		0
Р4359	3		0
Р4359	5		0
Р4360	1		0
Р4361	1		0
Р4362	1		0
Р4362	3		0
Р4362	1Л		0
Р4362	1ДОД		0
Р4362	4		0
Р4362	2		0
Р4362	2ДОД		0
Р4364	1		0
Р4365	1		0
Р4365	2		0
Р4366	1		0
Р4367	1		0
Р4368	1		0
Р4368	2		0
Р4368	5		0
Р4368	3		0
Р4368	4		0
Р4369	2		0
Р4369	1		0
Р4374	1		0
Р4375	2		0
Р4375	1		0
Р4376	2		0
Р4376	3		0
Р4376	5		0
Р4376	1		0
Р4376	1ДОД		0
Р4376	4		0
Р4377	1		0
Р4378	1		0
Р4379	2		0
Р4379	1		0
Р4380	2		0
Р4380	1		0
Р4381	1		0
Р4382	1ДОД		0
Р4382	1		0
Р4382	2		0
Р4382	3	Конструкторське бюро "Весна"	0
Р4384	1ДОД		0
Р4384	1		0
Р4385	1		0
Р4387	1		0
Р4389	1		0
Р4390	2		0
Р4390	2ДОД		0
Р4390	1		0
Р4390	1ДОД		0
Р4391	1		0
Р4392	1		0
Р4392	1ДОД		0
Р4393	1		0
Р4395	2		0
Р4395	1		0
Р4396	1		0
Р4398	1		0
Р4399	1		0
Р4400	1Л		0
Р4400	1		0
Р4400	1ДОД		0
Р4400	2		0
Р4400	3		0
Р4401	3		0
Р4401	1		0
Р4401	1ДОД		0
Р4401	2		0
Р4401	2ДОД		0
Р4402	1		0
Р4404	1		0
Р4404	1ДОД		0
Р4405	1		0
Р4406	1		0
Р4407	1ДОД		0
Р4407	1		0
Р4408	1		0
Р4408	2		0
Р4410	1		0
Р4411	1		0
Р4412	1		0
Р4413	1		0
Р4413	2		0
Р4414	1		0
Р4415	1		0
Р4416	1		0
Р4417	1		0
Р4418	2		0
Р4418	1		0
Р4418	1ДОД		0
Р4419	3		0
Р4419	3ДОД		0
Р4419	2		0
Р4419	1		0
Р4419	1ДОД		0
Р4420	1		0
Р4421	1		0
Р4422	1		0
Р4423	1		0
Р4424	1		0
Р4425	1		0
Р4426	1		0
Р4427	1		0
Р4428	2		0
Р4428	1ДОД		0
Р4428	1		0
Р4429	1Л		0
Р4429	1		0
Р4429	1ДОД		0
Р4430	2		0
Р4430	1		0
Р4431	12		0
Р4434	1		0
Р4435	1ДОД		0
Р4435	1		0
Р4437	1		0
Р4438	1		0
Р4439	1		0
Р4440	1		0
Р4441	1		0
Р4441	2		0
Р4442	1		0
Р4443	2		0
Р4443	1ДОД		0
Р4443	1		0
Р4444	1		0
Р4445	1		0
Р4446	1		0
Р4447	1		0
Р4448	1		0
Р4449	1		0
Р4450	1		0
Р4450	2		0
Р4450	1ДОД		0
Р4450	2ДОД		0
Р4450	3ДОД		0
Р4451	1		0
Р4452	1		0
Р4453	1		0
Р4454	1		0
Р4454	2		0
Р4455	2		0
Р4455	1		0
Р4455	1ДОД		0
Р4456	1		0
Р4457	1		0
Р4457	1ДОД		0
Р4458	1		0
Р4458	1ДОД		0
Р4459	1		0
Р4459	1ДОД		0
Р4460	1		0
Р4460	1ДОД		0
Р4461	1		0
Р4461	1ДОД		0
Р4462	1		0
Р4462	2		0
Р4463	1		0
Р4463	2		0
Р4463	3		0
Р4463	4		0
Р4463	1ДОД		0
Р4464	2		0
Р4464	3		0
Р4464	6		0
Р4464	7	Головне планово-економічне управління	0
Р4464	1		0
Р4464	1ДОД		0
Р4464	2ДОД		0
Р4464	3ДОД		0
Р4464	4		0
Р4464	5		0
Р4465	1		0
Р4465	1ДОД		0
Р4466	1		0
Р4468	1ДОД		0
Р4468	2		0
Р4468	3	Відкрите акціонерне товариство "Дніпропетровський завод металоконструкцій ім. І.В. Бабушкіна” Корпорації "Укрмонтажспецбуд”, м. Дніпропетровськ	0
Р4468	1		0
Р4469	1		0
Р4469	2		0
Р4469	3		0
Р4469	4		0
Р4469	1ДОД		0
Р4469	2ДОД		0
Р4469	3ДОД		0
Р4470	1		0
Р4470	2		0
Р4470	1ДОД		0
Р4470	3		0
Р4471	1		0
Р4472	1		0
Р4473	2		0
Р4473	2ДОД		0
Р4473	1		0
Р4473	1ДОД		0
Р4474	1ДОД		0
Р4474	2ДОД		0
Р4474	3		0
Р4474	1		0
Р4475	1		0
Р4476	1		0
Р4477	1		0
Р4478	1		0
Р4478	1ДОД		0
Р4478	2		0
Р4479	1		0
Р4480	1		0
Р4480	2		0
Р4480	3	Дніпропетровський завод важких пресів Міністерство машинобудівної промисловості України м. Дніпропетровськ	0
Р4480	1ДОД		0
Р4481	1		0
Р4481	1ДОД		0
Р4482	1ДОД		0
Р4482	2ДОД		0
Р4482	1		0
Р4482	2		0
Р4483	1		0
Р4484	1		0
Р4484	1ДОД		0
Р4485	2		0
Р4485	1		0
Р4486	4		0
Р4486	1		0
Р4486	3		0
Р4486	2		0
Р4486	2ДОД		0
Р4486	1ДОД		0
Р4487	1		0
Р4488	1ДОД		0
Р4488	1		0
Р4489	1		0
Р4489	1ДОД		0
Р4490	1		0
Р4491	2ДОД		0
Р4491	1		0
Р4491	1ДОД		0
Р4492	1Л		0
Р4492	2		0
Р4492	2ДОД		0
Р4492	3ДОД		0
Р4492	1		0
Р4492	1ДОД		0
Р4492	3		0
Р4492	4		0
Р4492	6ДОД		0
Р4492	7		0
Р4492	6		0
Р4492	5		0
Р4492	8		0
Р4493	1Л		0
Р4493	1		0
Р4494	5		0
Р4494	1ДОД		0
Р4494	3		0
Р4494	4		0
Р4494	1		0
Р4495	1ДОД		0
Р4495	1		0
Р4496	1		0
Р4497	1Д		0
Р4497	1В		0
Р4497	2Л		0
Р4497	1		0
Р4498	1ДОД		0
Р4498	2ДОД		0
Р4498	1		0
Р4499	1		0
Р4499	2		0
Р4500	1ДОД		0
Р4500	2		0
Р4500	1		0
Р4501	1		0
Р4502	1		0
Р4503	1		0
Р4504	1		0
Р4505	1		0
Р4506	1		0
Р4507	2ДОД		0
Р4507	1ДОД		0
Р4507	1		0
Р4507	2		0
Р4508	1ДОД		0
Р4508	2		0
Р4508	1		0
Р4509	1		0
Р4509	1ДОД		0
Р4510	1		0
Р4510	2		0
Р4510	1ДОД		0
Р4510	2ДОД		0
Р4511	1		0
Р4512	2Л		0
Р4512	1ДОД		0
Р4512	1		0
Р4513	1		0
Р4514	1		0
Р4514	1ДОД		0
Р4515	1		0
Р4515	1ДОД		0
Р5151	1		0
Р4516	1		0
Р4516	1ДОД		0
Р4516	2Л		0
Р4517	1		0
Р4518	1ДОД		0
Р4518	1		0
Р4518	2		0
Р4519	2		0
Р4519	1		0
Р4520	1		0
Р4521	4Л		0
Р4521	3Л		0
Р4521	2Л		0
Р4521	1Л		0
Р4521	1		0
Р4521	3		0
Р4521	5		0
Р4521	2		0
Р4522	1		0
Р4523	1		0
Р4524	1		0
Р4524	1ДОД		0
Р4525	1		0
Р4525	1ДОД		0
Р4526	1Л		0
Р4526	1ДОД		0
Р4526	2Л		0
Р4526	2		0
Р4526	2ДОД		0
Р4526	1		0
Р4527	1		0
Р4528	1		0
Р4529	2		0
Р4529	1		0
Р4529	1ДОД		0
Р4530	15ДОД		0
Р4530	16		0
Р4530	3		0
Р4530	5		0
Р4530	10		0
Р4530	15		0
Р4530	19		0
Р4530	19ДОД		0
Р4530	29		0
Р4530	1ДОД		0
Р4530	2А		0
Р4530	9Л		0
Р4530	8Л		0
Р4530	7Л		0
Р4530	6Л		0
Р4530	5Л		0
Р4530	4Л		0
Р4530	2Л		0
Р4530	24Л		0
Р4530	20Л		0
Р4530	17Л		0
Р4530	16Л		0
Р4530	15Л		0
Р4530	12Л		0
Р4530	26		0
Р4530	18		0
Р4530	27		0
Р4530	28		0
Р4530	20		0
Р4530	22		0
Р4530	24		0
Р4530	1		0
Р4530	3ДОД		0
Р4530	4		0
Р4530	6		0
Р4530	7		0
Р4530	8		0
Р4530	9		0
Р4530	11		0
Р4530	12		0
Р4530	13		0
Р4530	14		0
Р4530	14ДОД		0
Р4530	30		0
Р4530	9В		0
Р4530	25		0
Р4530	17		0
Р4530	17ДОД		0
Р4530	21		0
Р4530	2		0
Р4531	2		0
Р4531	1ДОД		0
Р4531	1		0
Р4532	1ДОД		0
Р4532	2ДОД		0
Р4532	1		0
Р4532	2		0
Р4532	3		0
Р4532	4		0
Р4533	1		0
Р4534	1		0
Р4535	1		0
Р4536	1		0
Р4537	2		0
Р4537	1		0
Р4538	2		0
Р4538	1		0
Р4539	2Л		0
Р4539	1Л		0
Р4539	1		0
Р4540	1		0
Р4540	2		0
Р4541	1		0
Р4542	1		0
Р4543	1		0
Р4544	1		0
Р4545	1		0
Р4545	1ДОД		0
Р4546	1		0
Р4547	1		0
Р4548	1		0
Р4549	1		0
Р4550	1		0
Р4551	1ДОД		0
Р4551	2		0
Р4551	1		0
Р4552	1		0
Р4553	1		0
Р4554	1		0
Р4555	1Л		0
Р4555	1		0
Р4556	2Л		0
Р4556	1		0
Р4557	1		0
Р4558	2		0
Р4558	1Л		0
Р4558	1		0
Р4559	1ДОД		0
Р4559	2ДОД		0
Р4559	1		0
Р4560	1		0
Р4561	2		0
Р4561	2Л		0
Р4561	3Л		0
Р4561	1Л		0
Р4561	1		0
Р4561	1ДОД		0
Р4561	2ДОД		0
Р4561	3		0
Р4562	2Л		0
Р4562	1Л		0
Р4562	1ДОД		0
Р4562	1		0
Р4562	2ДОД		0
Р4563	1		0
Р4565	1		0
Р4568	1		0
Р4569	1		0
Р4570	4		0
Р4570	4ДОД		0
Р4570	1		0
Р4570	2		0
Р4570	2ДОД		0
Р4570	3		0
Р4570	5		0
Р4570	6		0
Р4570	7		0
Р4570	7ДОД		0
Р4571	1		0
Р4573	1		0
Р4574	1		0
Р4575	1		0
Р4576	1		0
Р4577	1		0
Р4578	1		0
Р4579	1		0
Р4580	1		0
Р4581	1		0
Р4582	1		0
Р4583	1		0
Р4584	1		0
Р4585	1		0
Р4586	1		0
Р4586	1ДОД		0
Р4587	1		0
Р4588	1		0
Р4589	1		0
Р4590	1		0
Р4591	1		0
Р4592	1		0
Р4593	2ДОД		0
Р4593	3		0
Р4593	1ДОД		0
Р4593	1		0
Р4593	2		0
Р4594	2		0
Р4594	3		0
Р4594	4		0
Р4594	1		0
Р4594	1ДОД		0
Р4594	3ДОД		0
Р4595	1		0
Р4595	2		0
Р4596	1		0
Р4597	1		0
Р4598	1ДОД		0
Р4598	2		0
Р4598	1		0
Р4599	1		0
Р4600	1		0
Р4600	1ДОД		0
Р4601	1		0
Р4602	1		0
Р4602	1ДОД		0
Р4603	2		0
Р4603	1		0
Р4604	2		0
Р4604	1		0
Р4605	1		0
Р4606	2		0
Р4606	1		0
Р4607	1		0
Р4608	1		0
Р4609	1		0
Р4610	1		0
Р4611	1		0
Р4612	1		0
Р4613	1ДОД		0
Р4613	1Л		0
Р4613	2		0
Р4613	1		0
Р4614	1		0
Р4614	1ДОД		0
Р4615	1		0
Р4616	1		0
Р4616	1ДОД		0
Р4617	1		0
Р4618	1ДОД		0
Р4618	1		0
Р4619	1		0
Р5152	1		0
Р4620	1		0
Р4621	1		0
Р4622	1		0
Р4623	1		0
Р4624	1		0
Р4625	1		0
Р4626	1		0
Р4627	1		0
Р4628	1		0
Р4629	1		0
Р4630	1		0
Р4630	2		0
Р4632	1		0
Р4633	1		0
Р4634	1ДОД		0
Р4634	2		0
Р4634	1		0
Р4635	1		0
Р4636	1		0
Р4637	1		0
Р4638	1		0
Р4639	1		0
Р4640	1		0
Р4640	2		0
Р4641	1		0
Р4642	1		0
Р4642	1ДОД		0
Р5458	1		0
Р4643	1ДОД		0
Р4643	2		0
Р4643	1		0
Р4644	1		0
Р4645	1		0
Р4646	1ДОД		0
Р4646	2		0
Р4646	1		0
Р4647	1		0
Р4647	2		0
Р4648	5ДОД		0
Р4648	2		0
Р4648	2ДОД		0
Р4648	3		0
Р4648	5		0
Р4648	1ДОД		0
Р4648	4		0
Р4648	4ДОД		0
Р4648	1		0
Р4649	1		0
Р4649	1ДОД		0
Р4650	2ДОД		0
Р4650	1ДОД		0
Р4650	1		0
Р4651	1		0
Р4651	1ДОД		0
Р4652	1		0
Р4653	1		0
Р4653	2		0
Р4653	3		0
Р4653	4		0
Р4654	2		0
Р4654	1		0
Р4654	1ДОД		0
Р4655	1		0
Р4656	1		0
Р4657	1		0
Р4657	2		0
Р4657	1ДОД		0
Р4658	1		0
Р4658	1ДОД		0
Р4659	1		0
Р4661	2		0
Р4661	1		0
Р4662	1		0
Р4663	1		0
Р4664	1		0
Р4665	1		0
Р4666	1		0
Р4667	1		0
Р4668	1		0
Р4669	1		0
Р4670	1		0
Р4671	1		0
Р4672	2		0
Р4672	1		0
Р4673	1		0
Р4674	1		0
Р4675	1		0
Р4676	1		0
Р4677	1		0
Р4678	1		0
Р4679	1		0
Р4680	1		0
Р4681	1		0
Р4682	1		0
Р4683	1		0
Р4684	1		0
Р4685	1		0
Р4686	1		0
Р4687	1		0
Р4688	2		0
Р4688	1		0
Р4689	1		0
Р4690	1		0
Р4690	2		0
Р4691	1		0
Р4692	1		0
Р4693	1		0
Р4694	1		0
Р4695	1		0
Р4696	1		0
Р4696	1ДОД		0
Р4697	2		0
Р4697	1		0
Р4697	1ДОД		0
Р4698	1		0
Р4699	1		0
Р4701	1		0
Р4702	1		0
Р4703	1		0
Р4704	1		0
Р4705	1		0
Р4705	2		0
Р4706	1		0
Р4706	2		0
Р4707	1		0
Р4707	2		0
Р4708	1		0
Р4709	1		0
Р4710	1		0
Р4711	1		0
Р4711	2		0
Р4712	1		0
Р4713	1		0
Р4714	1		0
Р4714	1ДОД		0
Р4715	1		0
Р4716	1		0
Р4716	2		0
Р4717	1		0
Р4718	1		0
Р4718	2		0
Р4719	1		0
Р4720	1		0
Р4721	1		0
Р4722	1ДОД		0
Р4722	1		0
Р4723	1		0
Р4724	1		0
Р4724	2		0
Р4725	1		0
Р4726	1		0
Р4727	1		0
Р4728	1		0
Р4729	1		0
Р4730	1		0
Р4731	1		0
Р4731	2		0
Р4732	1		0
Р4732	1ДОД		0
Р4732	2		0
Р4733	1		0
Р4734	1		0
Р4734	1ДОД		0
Р4735	1		0
Р4735	2		0
Р4735	3		0
Р4736	1		0
Р4736	2		0
Р4737	2		0
Р4737	1		0
Р4738	2		0
Р4738	1		0
Р4739	1		0
Р4740	1		0
Р4741	1		0
Р4742	1		0
Р4742	2		0
Р4743	1		0
Р4744	1		0
Р4744	1ДОД		0
Р4745	1		0
Р4746	1		0
Р4747	1		0
Р4748	1		0
Р4749	1		0
Р4749	1ДОД		0
Р4750	1		0
Р4751	1		0
Р4751	2		0
Р4752	1		0
Р4753	1		0
Р4754	1		0
Р4755	1ДОД		0
Р4755	1		0
Р4756	1		0
Р4756	1ДОД		0
Р4757	1		0
Р4758	1		0
Р4759	1ДОД		0
Р4759	1		0
Р4760	1		0
Р4761	1		0
Р4762	1		0
Р4763	1		0
Р4763	1ДОД		0
Р4764	1		0
Р4765	1		0
Р4766	1		0
Р4767	1ДОД		0
Р4767	1		0
Р4768	1		0
Р4769	1		0
Р4770	1		0
Р4771	1		0
Р4772	1		0
Р4773	1		0
Р4774	1		0
Р4775	1		0
Р4776	1		0
Р4777	1		0
Р4777	1ДОД		0
Р4778	1		0
Р4779	2		0
Р4779	3		0
Р4779	1ДОД		0
Р4779	1		0
Р4780	1		0
Р4781	1ДОД		0
Р4781	2		0
Р4781	1		0
Р5774	1		0
Р4782	1		0
Р4782	1ДОД		0
Р4783	2		0
Р4783	1ДОД		0
Р4783	1		0
Р4784	1		0
Р4785	1		0
Р4785	2		0
Р4785	1ДОД		0
Р4786	1		0
Р4786	2		0
Р4787	1		0
Р4787	1ДОД		0
Р4787	2ДОД		0
Р4788	1		0
Р4788	1ДОД		0
Р4789	1		0
Р4789	1ДОД		0
Р4790	1		0
Р4790	1ДОД		0
Р4791	1		0
Р4792	1		0
Р4793	2		0
Р4793	1		0
Р4794	1		0
Р4795	1		0
Р4795	2		0
Р4796	1ДОД		0
Р4796	1		0
Р4797	1		0
Р4798	1		0
Р4799	2		0
Р4799	1		0
Р4799	1ДОД		0
Р4800	1		0
Р4800	1ДОД		0
Р4801	1		0
Р4802	1		0
Р4803	1		0
Р4804	1		0
Р4805	1		0
Р4806	1		0
Р4806	1ДОД		0
Р4807	1		0
Р4808	1		0
Р4809	1		0
Р4810	1		0
Р4811	1		0
Р4812	1		0
Р4812	1ДОД		0
Р4813	1		0
Р4813	1ДОД		0
Р4814	1		0
Р4815	1		0
Р4815	1ДОД		0
Р4815	2		0
Р4816	1		0
Р4816	1ДОД		0
Р4817	1		0
Р4818	1		0
Р4819	1		0
Р4820	1		0
Р4821	1		0
Р4822	1		0
Р4823	1		0
Р4824	1		0
Р4825	1		0
Р4825	2		0
Р4826	1		0
Р4827	1		0
Р4827	2		0
Р4829	1		0
Р4830	1ДОД		0
Р4830	1		0
Р4831	1		0
Р4831	1ДОД		0
Р4832	1		0
Р4832	1ДОД		0
Р4833	1		0
Р4834	1		0
Р4835	1		0
Р4836	1		0
Р4837	1		0
Р4838	1		0
Р4838	1ДОД		0
Р4839	1		0
Р4840	1		0
Р4841	1		0
Р4842	1		0
Р4843	1		0
Р4844	1		0
Р4844	1ДОД		0
Р4845	1		0
Р4846	1		0
Р4847	1		0
Р4848	1		0
Р4849	1		0
Р4872	1		0
Р4850	1		0
Р4851	1		0
Р4851	1ДОД		0
Р4852	1		0
Р4853	1		0
Р4854	1		0
Р4854	2		0
Р4855	1		0
Р4856	1		0
Р4857	3		0
Р4857	1		0
Р4857	1ДОД		0
Р4857	2		0
Р4858	2		0
Р4858	1		0
Р4859	1		0
Р4859	2		0
Р4860	1		0
Р4860	2		0
Р4861	1ДОД		0
Р4861	1		0
Р4862	2		0
Р4862	2ДОД		0
Р4862	1		0
Р4862	1ДОД		0
Р4863	1		0
Р4863	2		0
Р4864	1		0
Р4865	1		0
Р4866	1		0
Р4866	2		0
Р4867	1		0
Р4867	1ДОД		0
Р4868	1		0
Р4869	1		0
Р4870	1		0
Р4870	2		0
Р4871	1		0
Р4873	1		0
Р4873	2		0
Р4873	2ДОД		0
Р4874	1		0
Р4875	1		0
Р4876	1ЛДОД		0
Р4876	1Д	Міністерство будівництва підприємств важкої індустрії УРСР, Управління керівних кадрів і навчальних закладів, Дніпропетровський будівельний технікум.	0
Р4876	1	Документальні матеріали постійного строку зберігання. Дніпропетровський будівельний технікум Управління керівних кадрів і навчальних закладів Міністерства будівництва підприємств важкої індустрії УРСР.	0
Р4876	1Л	Дніпропетровський будівельний технікум Управління керівних кадрів і навчальних закладів Міністерства будівництва підприємств важкої індустрії УРСР.	4
Р4876	1ДОД	Міністерство будівництва підприємств важкої індустрії УРСР, Управління керівних кадрів і навчальних закладів, Дніпропетровський будівельний технікум.	0
Р4876	2Л	Дніпропетровська школа майстрів-десятників Дніпропетровського будівельного технікуму Відділу кадрів і навчальних закладів Раднаргоспу Дніпропетровського економічного району.	0
Р4876	1ЛД	Міністерство будівництва підприємств важкої індустрії УРСР, Управління керівних кадрів і навчальних закладів, Дніпропетровський будівельний технікум.	0
Р4877	1		0
Р4878	1		0
Р4879	1		0
Р4880	1ДОД		0
Р4880	1		0
Р4880	2		0
Р4880	3		0
Р4881	1		0
Р4881	2		0
Р4882	1		0
Р4883	1		0
Р4883	1ДОД		0
Р4884	2		0
Р4884	1		0
Р4885	1		0
Р4886	1		0
Р4887	1		0
Р4887	1ДОД		0
Р4887	2	Дніпропетровський автотранспортний технікум Міністерства освіти і науки України, м. Дніпропетровськ.	0
Р4888	1		0
Р4889	1		0
Р4890	1		0
Р4891	1		0
Р4892	1		0
Р4893	1		0
Р4894	1ДОД		0
Р4894	2		0
Р4894	1		0
Р4895	2		0
Р4895	1		0
Р4896	1		0
Р4897	1		0
Р4898	1		0
Р4899	1		0
Р4900	1		0
Р4901	1		0
Р4902	1		0
Р4902	2		0
Р4903	2		0
Р4903	1		0
Р4904	1		0
Р4904	1ДОД		0
Р4905	1		0
Р4906	1		0
Р4907	1		0
Р4908	1		0
Р4909	1		0
Р4910	1		0
Р4911	1		0
Р4912	1		0
Р4913	1		0
Р4914	1		0
Р4915	1		0
Р4916	1		0
Р4917	1		0
Р4918	1		0
Р4919	1		0
Р4920	1		0
Р4921	1		0
Р4922	1		0
Р4923	1		0
Р4924	1		0
Р4925	1		0
Р4926	1		0
Р4927	1		0
Р4928	1		0
Р4929	1		0
Р4930	1		0
Р4931	1		0
Р4932	1		0
Р4933	1		0
Р4934	1		0
Р4935	1		0
Р4936	1		0
Р4937	1		0
Р4938	1		0
Р4939	1		0
Р4940	1		0
Р4941	1		0
Р6524	1		0
Р4942	1		0
Р4943	1		0
Р4944	1		0
Р4945	2		0
Р4945	1		0
Р4945	3		0
Р4946	1		0
Р4947	1		0
Р4948	1		0
Р4949	1		0
Р4950	1		0
Р4951	1		0
Р4952	1		0
Р4953	1		0
Р4954	1		0
Р4955	1		0
Р4956	1		0
Р4957	1		0
Р4958	2		0
Р4958	1		0
Р4959	1		0
Р4960	1		0
Р4961	1		0
Р4962	1		0
Р4963	1		0
Р4988	1		0
Р4964	1		0
Р4965	1		0
Р4966	1		0
Р4967	1		0
Р4968	1		0
Р4969	1		0
Р4970	1		0
Р4971	1		0
Р4972	1		0
Р4973	1		0
Р4974	1		0
Р4975	1		0
Р4976	1		0
Р4977	1		0
Р4978	1		0
Р4979	1		0
Р4980	1		0
Р4981	1		0
Р4982	1		0
Р4983	1		0
Р4984	1		0
Р4985	1		0
Р4986	1		0
Р4987	1		0
Р4989	1		0
Р4990	1		0
Р4991	1		0
Р4992	1		0
Р4993	1		0
Р4993	2		0
Р4994	1		0
Р4995	1		0
Р4996	1		0
Р4997	1		0
Р4998	1		0
Р4999	1		0
Р5000	1		0
Р5003	1		0
Р5005	1		0
Р5006	1		0
Р5008	1		0
Р5009	1		0
Р5010	1		0
Р5011	1		0
Р5011	1ДОД		0
Р5012	1		0
Р5013	1		0
Р5014	1		0
Р5015	1		0
Р5015	2		0
Р5016	1		0
Р5018	1ДОД		0
Р5018	1		0
Р5019	1		0
Р5020	1		0
Р5021	1Л		0
Р5021	1		0
Р5022	1		0
Р5023	1ДОД		0
Р5023	1		0
Р5024	1		0
Р5025	1		0
Р5025	1ДОД		0
Р5026	1		0
Р5027	1		0
Р5029	1		0
Р5030	1		0
Р5031	1		0
Р5032	1		0
Р5033	1		0
Р5034	1		0
Р5035	1		0
Р5036	1		0
Р5037	1		0
Р5038	1		0
Р5039	1		0
Р5040	1		0
Р5041	1		0
Р5042	1		0
Р5043	1		0
Р5044	1		0
Р5045	1		0
Р5047	1		0
Р5048	1ДОД		0
Р5048	1		0
Р5048	2		0
Р5048	3		0
Р5048	4		0
Р5049	1		0
Р5050	1Л		0
Р5050	1		0
Р5050	1ДОД		0
Р5051	1		0
Р5054	1		0
Р5054	1ДОД		0
Р5055	1		0
Р5055	1ДОД		0
Р5056	1		0
Р5057	1Л		0
Р5057	1		0
Р5058	1		0
Р5059	1		0
Р5060	1		0
Р5061	1		0
Р5061	1ДОД		0
Р5062	1		0
Р5063	1		0
Р5064	1ДОД		0
Р5064	1		0
Р5065	1ДОД		0
Р5065	1		0
Р5066	1ДОД		0
Р5066	2		0
Р5066	1		0
Р5067	1		0
Р5068	1		0
Р5071	1		0
Р5071	2		0
Р5072	1		0
Р6525	1Л		0
Р5073	1		0
Р5074	1		0
Р5075	1		0
Р5076	1		0
Р5078	1		0
Р5079	1		0
Р5079	1ДОД		0
Р5080	1		0
Р5081	1		0
Р5082	2		0
Р5082	1		0
Р5086	1		0
Р5087	1		0
Р5088	1		0
Р5090	3		0
Р5090	1ДОД		0
Р5090	2		0
Р5090	2ДОД		0
Р5090	1		0
Р5091	1		0
Р5092	1		0
Р5093	1ДОД		0
Р5093	1		0
Р5093	2		0
Р5095	1ДОД		0
Р5095	1		0
Р5095	2		0
Р5096	1Л		0
Р5096	1		0
Р5096	1ДОД		0
Р5097	2		0
Р5097	1		0
Р5098	1		0
Р5099	1		0
Р5100	2		0
Р5100	1		0
Р5101	1		0
Р5102	1		0
Р5103	1		0
Р5104	1		0
Р5105	1		0
Р5106	1		0
Р5107	1		0
Р5108	1		0
Р5109	1		0
Р5110	1		0
Р5111	1		0
Р5112	1		0
Р5113	1		0
Р5114	1		0
Р5115	1		0
Р5116	1		0
Р5117	1		0
Р5118	1		0
Р5119	1		0
Р5120	1		0
Р5121	1		0
Р5122	1		0
Р5123	1		0
Р5124	1		0
Р5150	1		0
Р5125	1		0
Р5126	1		0
Р5127	1		0
Р5128	1		0
Р5129	1		0
Р5131	1		0
Р5132	1		0
Р5133	1		0
Р5134	1		0
Р5135	1		0
Р5136	1		0
Р5137	1		0
Р5138	1		0
Р5139	1		0
Р5140	1		0
Р5141	1		0
Р5142	1		0
Р5143	1		0
Р5144	1		0
Р5145	1		0
Р5146	1		0
Р5147	1		0
Р5148	1		0
Р5149	1		0
Р5153	1		0
Р5154	1		0
Р5155	1		0
Р5156	1		0
Р5157	1		0
Р5158	1		0
Р5159	1		0
Р5160	1		0
Р5161	1		0
Р5162	1		0
Р5163	1		0
Р5163	1ДОД		0
Р5164	1		0
Р5165	1		0
Р5166	1		0
Р5167	1		0
Р5167	2		0
Р5167	1ДОД		0
Р5168	1		0
Р5169	1		0
Р5170	1		0
Р5171	1		0
Р5172	1		0
Р5173	1		0
Р5174	1		0
Р5175	1		0
Р5176	1		0
Р5177	1		0
Р5178	1		0
Р5179	1		0
Р5180	1		0
Р5181	1		0
Р5182	1		0
Р5183	1		0
Р5184	1		0
Р5185	1		0
Р5186	1		0
Р5187	1		0
Р5188	1		0
Р5189	1		0
Р5190	1		0
Р5191	1		0
Р5192	1		0
Р5193	1		0
Р5194	1		0
Р5195	1		0
Р5196	1		0
Р5197	1		0
Р5198	1		0
Р5199	1		0
Р5200	1		0
Р5201	1		0
Р5202	1		0
Р5203	1		0
Р5204	1		0
Р5204	1ДОД		0
Р5228	1		0
Р5205	1		0
Р5206	1		0
Р5207	1		0
Р5208	1		0
Р5209	1		0
Р5210	1		0
Р5211	1		0
Р5212	2		0
Р5212	1		0
Р5213	1		0
Р5214	1		0
Р5215	1		0
Р5216	1		0
Р5217	1		0
Р5218	1		0
Р5219	1		0
Р5220	1		0
Р5221	1		0
Р5222	1		0
Р5223	1		0
Р5224	1		0
Р5225	1		0
Р5226	1		0
Р5227	1		0
Р5229	1		0
Р5230	2		0
Р5230	1		0
Р5232	1		0
Р5233	1		0
Р5234	1		0
Р5235	1		0
Р5236	1		0
Р5236	2		0
Р5237	1		0
Р5238	1		0
Р5239	1		0
Р5240	1		0
Р5241	1		0
Р5242	1		0
Р5243	1		0
Р5244	1		0
Р5245	1		0
Р5246	1		0
Р5247	1		0
Р5248	1		0
Р5249	1		0
Р5250	1		0
Р5251	1		0
Р5252	1		0
Р5253	1		0
Р5254	1		0
Р5255	1		0
Р5256	1		0
Р5257	1		0
Р5258	1		0
Р5259	1		0
Р5260	1		0
Р5261	1		0
Р5262	1		0
Р5263	1		0
Р5264	1		0
Р5265	1		0
Р5265	2		0
Р5266	1		0
Р5267	1		0
Р5268	1		0
Р5269	1		0
Р5270	1		0
Р5271	1		0
Р5272	1		0
Р5319	1		0
Р5273	1		0
Р5274	1		0
Р5275	1		0
Р5276	1		0
Р5277	1		0
Р5277	2		0
Р5278	1		0
Р5279	1		0
Р5280	1		0
Р5281	1		0
Р5282	4		0
Р5282	6		0
Р5282	1		0
Р5282	2		0
Р5282	3		0
Р5282	5		0
Р5283	1		0
Р5283	1ДОД		0
Р5284	1		0
Р5285	1		0
Р5285	2		0
Р5285	3		0
Р5285	1ДОД		0
Р5286	1		0
Р5286	1ДОД		0
Р5287	1ДОД		0
Р5287	2		0
Р5287	1		0
Р5288	1		0
Р5288	1ДОД		0
Р5289	1		0
Р5290	1		0
Р5291	1		0
Р5292	1ДОД		0
Р5292	1Л		0
Р5292	1		0
Р5293	1ДОД		0
Р5293	2		0
Р5293	1		0
Р5294	1		0
Р5295	1		0
Р5296	1		0
Р5297	1		0
Р5298	1		0
Р5299	1		0
Р5300	1		0
Р5301	1		0
Р5301	1ДОД		0
Р5302	1ДОД		0
Р5303	1		0
Р5304	1		0
Р5305	1		0
Р5306	1		0
Р5307	1		0
Р5308	1		0
Р5309	1		0
Р5310	1		0
Р5311	1		0
Р5312	1		0
Р5313	1		0
Р5313	2		0
Р5314	1		0
Р5315	1		0
Р5316	1		0
Р5317	2		0
Р5317	1		0
Р5318	1		0
Р5320	2		0
Р5320	1		0
Р5321	2		0
Р5321	1		0
Р5322	2		0
Р5322	1		0
Р5324	1		0
Р5324	2		0
Р5325	1		0
Р5326	1		0
Р5327	1		0
Р5328	1		0
Р5329	1		0
Р5330	2		0
Р5330	1ДОД		0
Р5330	1		0
Р5331	1		0
Р5332	1		0
Р5333	1		0
Р5333	1ДОД		0
Р5333	2		0
Р5333	2ДОД		0
Р5334	1ДОД		0
Р5334	1		0
Р5335	1ДОД		0
Р5335	1		0
Р5336	1ДОД		0
Р5336	1		0
Р5337	1		0
Р5338	1		0
Р5339	1		0
Р5340	1		0
Р5341	1		0
Р5341	2		0
Р5342	1		0
Р5343	1		0
Р5344	1ДОД		0
Р5344	1		0
Р5345	1ДОД		0
Р5345	1		0
Р5346	1ДОД		0
Р5346	1		0
Р5347	1ДОД		0
Р5347	1		0
Р5348	1		0
Р5349	1		0
Р5350	1		0
Р5351	1		0
Р5352	1		0
Р5353	1		0
Р5354	1		0
Р5354	2		0
Р5355	1		0
Р5356	3		0
Р5356	1		0
Р5356	2		0
Р5357	1		0
Р5358	1		0
Р5359	1		0
Р5360	1		0
Р5361	1		0
Р5362	1		0
Р5363	1		0
Р5364	1		0
Р5365	1		0
Р5366	1		0
Р5367	1		0
Р5368	1		0
Р5369	1		0
Р5370	1		0
Р5371	1		0
Р5372	1		0
Р5373	1		0
Р5374	1		0
Р5375	1		0
Р5376	1		0
Р5377	1		0
Р5378	1		0
Р5379	2		0
Р5379	1ДОД		0
Р5379	1		0
Р5380	1		0
Р5381	1		0
Р5382	1		0
Р5382	1ДОД		0
Р5383	1		0
Р5384	1		0
Р5384	2		0
Р5385	2		0
Р5385	1		0
Р5385	1ДОД		0
Р5386	1		0
Р5386	2		0
Р5387	1		0
Р5387	2		0
Р5388	1		0
Р5388	2		0
Р5389	1		0
Р5390	1		0
Р5390	1ДОД		0
Р5390	2		0
Р5391	2		0
Р5391	1		0
Р5392	1		0
Р5392	2		0
Р5393	1		0
Р5394	1		0
Р5395	1		0
Р5396	1		0
Р5396	2		0
Р5397	1		0
Р5398	1		0
Р5399	1		0
Р5400	1		0
Р5401	1		0
Р5402	1		0
Р5403	1		0
Р5404	1		0
Р5405	1		0
Р5406	1		0
Р5407	1		0
Р5408	1		0
Р5409	1		0
Р5410	1		0
Р5411	1		0
Р5412	1		0
Р5413	1		0
Р5414	1		0
Р5415	1		0
Р5416	1		0
Р5417	1		0
Р5417	2		0
Р5418	1		0
Р5419	1		0
Р5420	1		0
Р5421	1		0
Р5422	1		0
Р5423	1		0
Р5424	1		0
Р5425	1		0
Р5426	1		0
Р5428	1		0
Р5429	1		0
Р5431	1		0
Р5432	1		0
Р5433	1		0
Р5434	1		0
Р5435	1		0
Р5436	1		0
Р5437	1		0
Р5438	1		0
Р5439	1		0
Р5440	1		0
Р5441	1		0
Р5442	1		0
Р5442	1ДОД		0
Р5443	1		0
Р5444	1		0
Р5445	1		0
Р5446	1		0
Р5447	1		0
Р5448	1		0
Р5449	1		0
Р5450	1		0
Р5451	1		0
Р5452	1		0
Р5453	1		0
Р5454	1		0
Р5455	1		0
Р5456	1		0
Р5457	1ДОД		0
Р5457	1		0
Р5459	1		0
Р5460	1		0
Р5461	1		0
Р5462	1		0
Р5463	1		0
Р5464	1		0
Р5465	1		0
Р5466	1		0
Р5467	1		0
Р5468	1		0
Р5469	1		0
Р5470	1		0
Р5471	1		0
Р5472	1		0
Р5473	1		0
Р5474	1		0
Р5475	1		0
Р5476	1		0
Р5477	1		0
Р5477	2		0
Р5478	1		0
Р5479	1		0
Р5480	1		0
Р5481	1		0
Р5481	2		0
Р5482	1		0
Р5483	1		0
Р5484	1		0
Р5485	1		0
Р5486	1		0
Р5487	1		0
Р5488	1		0
Р5489	1		0
Р5490	1		0
Р5491	1		0
Р5492	1		0
Р5493	1		0
Р5494	1		0
Р5494	2		0
Р5495	1		0
Р5496	1		0
Р5497	1		0
Р5498	1ДОД		0
Р5498	1		0
Р5499	1		0
Р5499	1ДОД		0
Р5500	1		0
Р5501	1		0
Р5501	1ДОД		0
Р5502	1		0
Р5502	1ДОД		0
Р5503	1		0
Р5504	1		0
Р5505	1		0
Р5506	1		0
Р5507	1		0
Р5508	1		0
Р5509	1		0
Р5510	1		0
Р5511	1		0
Р5512	1		0
Р5513	1		0
Р5514	1		0
Р5515	1		0
Р5516	1		0
Р5517	1		0
Р5518	1		0
Р5519	1		0
Р5520	1		0
Р5521	1		0
Р5522	1		0
Р5523	1		0
Р5524	1		0
Р5525	1		0
Р5526	1		0
Р5527	1ДОД		0
Р5527	1		0
Р5528	1		0
Р5528	1ДОД		0
Р5529	1		0
Р5530	1ДОД		0
Р5530	1		0
Р5531	1		0
Р5532	1		0
Р5533	1		0
Р5534	1		0
Р5535	1		0
Р5536	2		0
Р5536	1		0
Р5537	3	ВАТ "Дніпробудмеханізація" концерну "Дніпробуд” Української державної будівельної корпорації "Укрбуд”, м. Дніпропетровськ	0
Р5537	1		0
Р5537	2		0
Р5538	1		0
Р5539	1		0
Р5540	1		0
Р5541	1		0
Р5542	1		0
Р5543	1		0
Р5544	1		0
Р5545	1		0
Р5546	1		0
Р5547	1		0
Р5548	1		0
Р5548	2		0
Р5549	1		0
Р6526	1Л		0
Р5550	1		0
Р5551	1		0
Р5552	1		0
Р5553	1		0
Р5554	1		0
Р5555	1		0
Р5556	1		0
Р5557	1		0
Р5558	1		0
Р5559	1		0
Р5559	2		0
Р5560	1		0
Р5561	1		0
Р5562	1		0
Р5563	1		0
Р5564	1		0
Р5564	2		0
Р5565	1		0
Р5566	1		0
Р5567	1		0
Р5568	1		0
Р5569	1		0
Р5569	2		0
Р5570	1		0
Р5571	1		0
Р5572	1		0
Р5573	1		0
Р5574	1		0
Р5575	1ДОД		0
Р5575	1		0
Р5576	1		0
Р5576	1ДОД		0
Р5577	1		0
Р5578	1		0
Р5579	1		0
Р5580	1		0
Р5581	1		0
Р5582	1		0
Р5583	1		0
Р5584	1		0
Р5585	1		0
Р5586	1		0
Р5587	1		0
Р5588	1		0
Р5589	1		0
Р5590	1		0
Р5591	1		0
Р5592	1		0
Р5593	1		0
Р5594	1		0
Р5595	1		0
Р5596	1		0
Р5597	1		0
Р5598	1		0
Р5599	1		0
Р5600	1		0
Р5601	1		0
Р5602	1		0
Р5603	1		0
Р5604	1		0
Р5605	1		0
Р5606	1		0
Р5607	1		0
Р5608	1		0
Р5609	1		0
Р5609	2	Відкрите акціонерне товариство "Дніпроводбуд”, м. Дніпропетровськ	0
Р5610	2		0
Р5610	1		0
Р5611	1		0
Р5612	1		0
Р5613	1		0
Р5614	1		0
Р5615	1		0
Р5616	1		0
Р5617	1		0
Р5618	1		0
Р5619	1		0
Р5620	1		0
Р5621	1		0
Р5622	1		0
Р5623	1		0
Р5624	1		0
Р5625	1		0
Р5626	1		0
Р5627	1		0
Р5628	1		0
Р5629	1		0
Р5630	1		0
Р5631	1		0
Р5632	1		0
Р5633	1		0
Р5634	1		0
Р5635	1		0
Р5636	1		0
Р5637	1		0
Р5637	2		0
Р5638	1		0
Р5638	1ДОД		0
Р5639	1		0
Р5640	1		0
Р6527	1Л		0
Р6527	2Л		0
Р5641	1		0
Р5642	1		0
Р5643	1		0
Р5644	1		0
Р5645	1		0
Р5646	1		0
Р5647	1		0
Р5648	1		0
Р5648	1ДОД		0
Р5648	1ОС		0
Р5649	2		0
Р5649	3		0
Р5649	4		0
Р5649	1		0
Р5649	1ДОД		0
Р5650	1		0
Р5651	1		0
Р5652	1ДОД		0
Р5652	2		0
Р5652	1		0
Р5653	1		0
Р5653	2		0
Р5654	1		0
Р5654	2		0
Р5655	1		0
Р5655	1ДОД		0
Р5656	1		0
Р5657	1		0
Р5658	1		0
Р5659	1		0
Р5660	1		0
Р5661	1		0
Р5662	2		0
Р5662	1		0
Р6528	1Л		0
Р5663	1ДОД		0
Р5663	1		0
Р5663	2		0
Р5664	1		0
Р5665	1ДОД		0
Р5665	1		0
Р5666	1		0
Р5667	1		0
Р5668	1		0
Р5669	1		0
Р5670	1		0
Р5671	1		0
Р5672	1		0
Р5673	1		0
Р5674	1		0
Р5675	1		0
Р5676	1		0
Р5677	1		0
Р5678	1		0
Р5679	1		0
Р5680	1		0
Р5681	1		0
Р5682	1		0
Р5683	1		0
Р5684	1		0
Р5685	1		0
Р5686	1		0
Р5687	1		0
Р5688	1		0
Р5689	1		0
Р5690	1		0
Р5691	1		0
Р5692	1		0
Р5693	1		0
Р5694	1		0
Р5695	1		0
Р5696	1		0
Р5697	1		0
Р5698	1		0
Р5699	1		0
Р5700	1		0
Р5700	2		0
Р5701	1		0
Р5702	1		0
Р5703	1		0
Р5704	1		0
Р5705	1		0
Р5706	1		0
Р5707	1		0
Р5708	1		0
Р5709	1		0
Р5710	1		0
Р5711	1		0
Р5712	1		0
Р5713	1		0
Р5714	1		0
Р5715	1		0
Р5716	1		0
Р5717	1		0
Р5718	1		0
Р5718	2		0
Р5719	3		0
Р5719	7		0
Р5719	12		0
Р5719	16		0
Р5719	2		0
Р5719	1		0
Р5719	4		0
Р5719	5		0
Р5719	6		0
Р5719	8		0
Р5719	9		0
Р5719	10		0
Р5719	11		0
Р5719	13		0
Р5719	14		0
Р5719	15		0
Р5719	17		0
Р5719	18		0
Р5719	19		0
Р5719	20		0
Р5720	1		0
Р5721	1		0
Р5722	1		0
Р5723	1		0
Р5724	1		0
Р5724	2		0
Р5725	1		0
Р5726	1		0
Р5727	1		0
Р5728	1		0
Р5729	1		0
Р5730	1		0
Р6529	1Л		0
Р5731	1		0
Р5732	1		0
Р5733	1		0
Р5734	1ДОД		0
Р5734	1		0
Р5735	1		0
Р5736	1		0
Р5737	1		0
Р5738	1		0
Р5739	1		0
Р5740	1		0
Р5740	2		0
Р5741	1		0
Р5742	1		0
Р5743	1		0
Р5744	1		0
Р5745	1		0
Р5746	1		0
Р5747	1		0
Р5748	1		0
Р5749	1		0
Р5750	1		0
Р5751	1		0
Р5752	1		0
Р5753	1		0
Р5754	1		0
Р5754	2		0
Р5755	1		0
Р5755	2		0
Р5756	1		0
Р5757	1		0
Р5758	1		0
Р5759	1		0
Р5760	1		0
Р5761	1		0
Р5762	1		0
Р5763	1		0
Р5764	1		0
Р5765	1		0
Р5766	1		0
Р5767	1		0
Р5768	1		0
Р5769	1		0
Р5770	1		0
Р5771	1		0
Р5772	1		0
Р5772	1ДОД		0
Р5773	1		0
Р5775	1		0
Р5775	2		0
Р5776	1		0
Р5777	1		0
Р5777	1ДОД		0
Р5778	1		0
Р5779	1		0
Р5780	1		0
Р5781	1		0
Р5782	1		0
Р5783	1		0
Р5784	1		0
Р5785	1		0
Р5786	1		0
Р5787	1		0
Р5788	1		0
Р5789	1		0
Р5790	1		0
Р5791	1		0
Р5792	1		0
Р5793	1		0
Р5794	1		0
Р5795	1		0
Р5796	1		0
Р5797	1		0
Р5798	1		0
Р5799	1		0
Р5800	1		0
Р5801	1		0
Р5801	2		0
Р5802	3		0
Р5802	1		0
Р5802	2		0
Р5803	1		0
Р5804	1		0
Р5805	1		0
Р5807	1		0
Р5807	1ДОД		0
Р5808	1		0
Р5809	1		0
Р5810	1		0
Р5811	1		0
Р5813	1		0
Р5814	1		0
Р5814	2		0
Р5815	1		0
Р5816	1		0
Р5816	2		0
Р5817	1		0
Р5818	1		0
Р5819	1		0
Р5820	1		0
Р5821	1		0
Р5822	1		0
Р5823	1		0
Р5824	1		0
Р5825	1		0
Р5826	1		0
Р5827	1		0
Р5828	1		0
Р5829	1		0
Р5830	1		0
Р5831	1		0
Р5832	1		0
Р5833	1		0
Р5834	1		0
Р5835	1		0
Р5836	1		0
Р5837	1		0
Р5838	1		0
Р5839	1		0
Р5840	1		0
Р5841	1		0
Р5842	1		0
Р5843	1		0
Р5844	1		0
Р5845	1		0
Р5846	1		0
Р5847	1		0
Р5848	1		0
Р5849	1		0
Р5850	1		0
Р5851	1		0
Р5852	1		0
Р5853	1		0
Р5853	1ДОД		0
Р5854	1		0
Р5855	1		0
Р5856	1		0
Р5856	1ДОД		0
Р5857	1		0
Р5857	1ДОД		0
Р5857	2		0
Р5858	1ДОД		0
Р5858	2		0
Р5858	2ДОД		0
Р5858	1ОС		0
Р5858	1		0
Р5858	2ОС		0
Р5859	1		0
Р5860	1		0
Р5861	1		0
Р5861	1ДОД		0
Р5862	1		0
Р5863	1		0
Р5864	1		0
Р5865	1		0
Р5866	1ДОД		0
Р5866	2		0
Р5866	1		0
Р5866	3		0
Р5867	1		0
Р5868	1		0
Р5869	1		0
Р5871	1		0
Р5872	1		0
Р5873	1		0
Р5874	1		0
Р5875	1		0
Р5876	1		0
Р5877	1		0
Р5879	2		0
Р5879	1		0
Р5880	1ДОД		0
Р5880	2		0
Р5880	1		0
Р5881	1		0
Р5881	1ДОД		0
Р5882	1		0
Р5883	1		0
Р5884	1		0
Р5885	1		0
Р5886	1		0
Р5887	1		0
Р5888	1		0
Р5889	2		0
Р5889	1		0
Р5890	1		0
Р5890	1ДОД		0
Р5891	1		0
Р5892	1		0
Р5893	1		0
Р5894	1		0
Р5895	1		0
Р5896	1		0
Р5897	1		0
Р5898	1		0
Р5899	1		0
Р5900	1		0
Р5901	1		0
Р5902	3		0
Р5902	1		0
Р5902	2		0
Р5903	1		0
Р5904	1		0
Р5905	1		0
Р5906	1		0
Р5907	1		0
Р5908	1		0
Р5909	1		0
Р5910	1		0
Р5910	1ДОД		0
Р5911	1		0
Р5912	1		0
Р5913	1		0
Р5914	1		0
Р5914	2		0
Р5915	1		0
Р5916	1		0
Р5917	1		0
Р5918	1		0
Р5919	1		0
Р5919	2		0
Р5920	1		0
Р5921	1		0
Р5922	1		0
Р5923	1		0
Р5924	1		0
Р5925	1		0
Р5926	1		0
Р5927	1		0
Р5928	1ДОД		0
Р5928	1		0
Р5928	2		0
Р5929	1		0
Р5930	1		0
Р5931	1		0
Р5932	1		0
Р5933	1		0
Р5934	1		0
Р5935	1ДОД		0
Р5935	1		0
Р5936	1		0
Р5937	1		0
Р5938	1		0
Р5939	1		0
Р5940	1		0
Р5941	1ДОД		0
Р5941	1Л		0
Р5941	1		0
Р5942	1		0
Р5942	1ДОД		0
Р5943	1		0
Р5944	2		0
Р5944	1		0
Р5945	1		0
Р5946	1		0
Р5947	1		0
Р5948	1		0
Р5949	1		0
Р5950	1ДОД		0
Р5950	1		0
Р5951	1		0
Р5951	1ДОД		0
Р5952	1		0
Р5953	1		0
Р5954	1		0
Р5955	1		0
Р5956	1		0
Р5957	2		0
Р5957	1		0
Р5957	3		0
Р5958	1		0
Р5958	2		0
Р5959	1		0
Р5960	1		0
Р5960	1ДОД		0
Р5961	1		0
Р5962	1ДОД		0
Р5962	1		0
Р5963	1		0
Р5964	1		0
Р5965	1		0
Р5966	1		0
Р5967	1		0
Р5968	1		0
Р5969	1		0
Р5970	1		0
Р5971	1		0
Р5972	1		0
Р5973	1		0
Р5974	1		0
Р5975	1		0
Р5976	1		0
Р5977	1		0
Р5978	1		0
Р5979	1		0
Р5980	1		0
Р5981	1ДОД		0
Р5981	1		0
Р5982	1		0
Р5982	2		0
Р5983	1		0
Р5984	1		0
Р5985	1		0
Р5986	1		0
Р5987	1		0
Р5988	1		0
Р5989	1		0
Р5990	1		0
Р5991	1		0
Р5992	1		0
Р5993	1		0
Р5993	1ДОД		0
Р5994	1		0
Р5995	1		0
Р5996	1		0
Р5997	1		0
Р5998	1		0
Р5999	1		0
Р6000	1		0
Р6002	1		0
Р6003	1		0
Р6004	1		0
Р6005	1		0
Р6006	1		0
Р6008	1		0
Р6009	1		0
Р6010	1		0
Р6011	1		0
Р6014	1		0
Р6015	1		0
Р6016	1		0
Р6017	1		0
Р6018	1		0
Р6019	1		0
Р6020	1		0
Р6021	1		0
Р6022	1		0
Р6023	1ДОД		0
Р6023	1		0
Р6025	1		0
Р6025	1ДОД		0
Р6025	2		0
Р6026	1Л		0
Р6026	1ДОД		0
Р6026	2Л		0
Р6026	1		0
Р6027	1		0
Р6028	1		0
Р6029	1		0
Р6031	1		0
Р6032	1		0
Р6033	1		0
Р6034	1		0
Р6035	1		0
Р6036	1		0
Р6037	1		0
Р6039	1		0
Р6041	1		0
Р6042	1		0
Р6043	1		0
Р6044	1		0
Р6045	1		0
Р6046	1		0
Р6047	1		0
Р6048	1		0
Р6049	1		0
Р6050	1		0
Р6051	1		0
Р6052	2		0
Р6052	1		0
Р6053	1		0
Р6053	2		0
Р6054	1		0
Р6055	1		0
Р6055	2		0
Р6056	1		0
Р6057	1		0
Р6061	1ДОД		0
Р6061	2		0
Р6061	1		0
Р6062	1		0
Р6063	1		0
Р6066	1		0
Р6067	1		0
Р6068	1		0
Р6091	1		0
Р6069	1		0
Р6069	1ДОД		0
Р6070	1		0
Р6071	1		0
Р6072	1		0
Р6074	1		0
Р6075	1		0
Р6076	1		0
Р6077	1		0
Р6079	1		0
Р6080	1		0
Р6081	1		0
Р6082	1		0
Р6083	1		0
Р6084	1		0
Р6085	1		0
Р6086	1		0
Р6087	1		0
Р6088	1		0
Р6089	1		0
Р6090	1		0
Р6092	1		0
Р6093	1		0
Р6094	1		0
Р6095	1		0
Р6096	1		0
Р6097	1		0
Р6098	1		0
Р6099	1		0
Р6100	1		0
Р6101	2ДОД		0
Р6101	1		0
Р6101	1ДОД		0
Р6101	2		0
Р6102	1		0
Р6103	1		0
Р6104	1		0
Р6105	1		0
Р6106	1		0
Р6107	1		0
Р6108	2		0
Р6108	1		0
Р6109	1		0
Р6110	1		0
Р6111	1		0
Р6111	2		0
Р6112	1		0
Р6113	1		0
Р6114	1		0
Р6115	1		0
Р6116	1		0
Р6117	1		0
Р6117	1ДОД		0
Р6118	1		0
Р6119	1		0
Р6120	1		0
Р6121	1		0
Р6122	1		0
Р6123	1		0
Р6124	1		0
Р6125	1		0
Р6126	1		0
Р6127	1		0
Р6128	1		0
Р6129	1		0
Р6130	1		0
Р6131	1		0
Р6132	1		0
Р6133	1		0
Р6134	1		0
Р6135	1		0
Р6135	2		0
Р6136	1		0
Р6136	1ДОД		0
Р6136	2		0
Р6161	1		0
Р6161	1ДОД		0
Р6137	1		0
Р6139	1ДОД		0
Р6139	1		0
Р6140	1		0
Р6141	1		0
Р6142	1		0
Р6143	1		0
Р6144	1		0
Р6145	1		0
Р6146	1		0
Р6147	1		0
Р6148	1		0
Р6149	1		0
Р6150	1		0
Р6151	1		0
Р6152	1		0
Р6153	1		0
Р6154	1		0
Р6155	1		0
Р6156	1		0
Р6157	1		0
Р6158	1		0
Р6160	1		0
Р6162	1		0
Р6163	1		0
Р6164	1		0
Р6165	1		0
Р6165	1ДОД		0
Р6166	1		0
Р6167	1		0
Р6168	1		0
Р6169	1		0
Р6169	1ДОД		0
Р6170	1		0
Р6171	1		0
Р6172	1		0
Р6174	1		0
Р6175	1		0
Р6176	1		0
Р6177	1		0
Р6178	1		0
Р6178	1ДОД		0
Р6179	1ДОД		0
Р6179	1		0
Р6180	1		0
Р6181	1		0
Р6182	1		0
Р6183	1		0
Р6184	1ДОД		0
Р6184	1		0
Р6185	2		0
Р6185	1		0
Р6186	1		0
Р6187	1Л		0
Р6187	2		0
Р6187	1ЛДОД		0
Р6187	2Л		0
Р6187	1		0
Р6187	1ДОД		0
Р6188	1		0
Р6189	1		0
Р6190	1		0
Р6190	2		0
Р6191	1		0
Р6192	1		0
Р6193	1		0
Р6194	1		0
Р6195	1		0
Р6196	1		0
Р6197	1		0
Р6198	1		0
Р6199	1		0
Р6200	1		0
Р6200	2		0
Р6201	1		0
Р6202	1		0
Р6203	1ДОД		0
Р6203	1		0
Р6204	1		0
Р6205	1		0
Р6206	1		0
Р6207	1		0
Р6208	1		0
Р6208	2		0
Р6209	1		0
Р6210	1		0
Р6211	2		0
Р6211	1		0
Р6212	1		0
Р6213	1		0
Р6214	1		0
Р6215	1		0
Р6216	1		0
Р6217	1		0
Р6218	1		0
Р6219	1		0
Р6220	1		0
Р6221	1		0
Р6222	1		0
Р6223	1		0
Р6224	1		0
Р6225	1		0
Р6226	1		0
Р6227	1		0
Р6228	1		0
Р6229	1		0
Р6230	1		0
Р6231	1		0
Р6232	1		0
Р6233	1		0
Р6234	1		0
Р6235	1		0
Р6236	1		0
Р6237	1		0
Р6238	1		0
Р6239	1		0
Р6240	1		0
Р6241	1		0
Р6242	1		0
Р6243	1		0
Р6244	1		0
Р6244	1ДОД		0
Р6245	1		0
Р6246	1ДОД		0
Р6246	1		0
Р6530	1Л		0
Р6247	1		0
Р6247	2		0
Р6248	1		0
Р6248	1ДОД		0
Р6249	1ДОД		0
Р6249	1		0
Р6249	2		0
Р6250	2		0
Р6250	1		0
Р6250	1ДОД		0
Р6251	1		0
Р6252	1		0
Р6253	1		0
Р6254	1		0
Р6255	1		0
Р6256	1		0
Р6257	1		0
Р6258	1		0
Р6259	1		0
Р6260	1		0
Р6261	1		0
Р6262	1		0
Р6263	1		0
Р6264	1		0
Р6265	2		0
Р6265	1		0
Р6265	1ДОД		0
Р6266	1ДОД		0
Р6266	1		0
Р6267	1		0
Р6268	1		0
Р6269	1		0
Р6270	1		0
Р6270	1ДОД	Український науково-дослідний інститут гастроентерології Міністерства охорони здоров'я України, м. Дніпропетровськ	0
Р6270	2		0
Р6270	3	Український науково-дослідний інститут гастроентерології Міністерства охорони здоров'я України, м. Дніпропетровськ	0
Р6271	1		0
Р6272	1		0
Р6273	1		0
Р6274	1		0
Р6275	1		0
Р6276	1		0
Р6277	1		0
Р6278	1		0
Р6278	2		0
Р6279	1		0
Р6280	1		0
Р6280	2		0
Р6281	1		0
Р6282	1		0
Р6283	1		0
Р6284	1		0
Р6285	1		0
Р6286	1		0
Р6288	1		0
Р6289	1		0
Р6290	1		0
Р6291	1		0
Р6292	1		0
Р6293	1		0
Р6294	1		0
Р6295	2		0
Р6295	1		0
Р6296	1		0
Р6297	1		0
Р6298	1		0
Р6299	1		0
Р6300	1		0
Р6301	1		0
Р6302	1		0
Р6303	1		0
Р6304	1		0
Р6305	1		0
Р6306	1		0
Р6307	1		0
Р6308	1		0
Р6309	1		0
Р6310	1		0
Р6311	1		0
Р6312	1		0
Р6313	1		0
Р6314	1		0
Р6315	1		0
Р6316	1		0
Р6317	1		0
Р6318	1		0
Р6319	1		0
Р6320	1		0
Р6321	1		0
Р6322	1		0
Р6323	1		0
Р6324	1		0
Р6325	1		0
Р6326	1		0
Р6327	1		0
Р6328	1		0
Р6329	1		0
Р6330	1		0
Р6331	1		0
Р6332	1		0
Р6333	1		0
Р6334	1		0
Р6335	1		0
Р6337	1		0
Р6341	1		0
Р6342	1		0
Р6343	1		0
Р6344	1		0
Р6345	1		0
Р6346	1		0
Р6347	1		0
Р6348	1		0
Р6348	2		0
Р6349	1		0
Р6350	1		0
Р6351	1		0
Р6352	1		0
Р6353	1		0
Р6354	1		0
Р6355	1		0
Р6356	1		0
Р6357	1		0
Р6358	1ДОД		0
Р6358	1		0
Р6358	2		0
Р6359	1		0
Р6360	1		0
Р6361	1		0
Р6362	1		0
Р6363	1		0
Р6364	1		0
Р6365	1		0
Р6365	2		0
Р6366	1		0
Р6366	2		0
Р6367	1		0
Р6368	1		0
Р6369	1		0
Р6370	1		0
Р6371	2		0
Р6371	1		0
Р6372	1		0
Р6373	1		0
Р6374	1		0
Р6375	1		0
Р6376	1		0
Р6377	1		0
Р6378	1		0
Р6379	1		0
Р6380	1		0
Р6403	1		0
Р6381	1		0
Р6383	1		0
Р6384	1		0
Р6385	1		0
Р6386	1		0
Р6387	1		0
Р6388	1		0
Р6388	2		0
Р6389	1		0
Р6390	1		0
Р6391	1		0
Р6392	1		0
Р6392	1Л		0
Р6393	1		0
Р6394	1		0
Р6395	1		0
Р6396	1		0
Р6397	1		0
Р6398	1		0
Р6399	1		0
Р6400	1		0
Р6401	1		0
Р6402	1		0
Р6402	2		0
Р6404	1		0
Р6405	1		0
Р6406	1		0
Р6407	1		0
Р6408	1		0
Р6409	1		0
Р6410	1		0
Р6411	1		0
Р6412	1ДОД		0
Р6412	1		0
Р6413	1		0
Р6414	1		0
Р6415	1		0
Р6416	1		0
Р6417	1		0
Р6418	1		0
Р6419	1ДОД		0
Р6419	1		0
Р6420	1		0
Р6421	1		0
Р6422	1		0
Р6423	2		0
Р6423	1		0
Р6424	1		0
Р6424	2		0
Р6425	1		0
Р6425	2		0
Р6426	1		0
Р6427	1		0
Р6428	1		0
Р6429	1		0
Р6429	4		0
Р6429	2		0
Р6429	3		0
Р6430	1		0
Р6431	1		0
Р6432	1		0
Р6432	2		0
Р6433	1		0
Р6434	1		0
Р6435	1		0
Р6436	1		0
Р6437	1		0
Р6438	1ДОД		0
Р6438	2		0
Р6438	1		0
Р6439	2Л		0
Р6439	1		0
Р6439	1ДОД		0
Р6440	1Л		0
Р6440	1		0
Р6441	3		0
Р6441	2Л		0
Р6441	1		0
Р6442	2		0
Р6442	1		0
Р6443	1		0
Р6444	1		0
Р6445	1		0
Р6446	1		0
Р6447	1		0
Р6448	1		0
Р6448	1ДОД		0
Р6449	1		0
Р6449	1ДОД		0
Р6450	1		0
Р6451	1		0
Р6452	1		0
Р6452	2		0
Р6453	1		0
Р6454	1		0
Р6455	1		0
Р6456	1ДОД		0
Р6456	1		0
Р6457	1		0
Р6458	1		0
Р6459	1		0
Р6460	1		0
Р6461	2		0
Р6461	3	Колективне підприємство Дніпропетровська трикотажна фірма "Дніпрянка”, м. Дніпропетровськ	0
Р6461	1		0
Р6461	1ДОД		0
Р6462	1ДОД		0
Р6462	1		0
Р6463	1		0
Р6463	2		0
Р6464	1		0
Р6464	2		0
Р6465	2		0
Р6465	1		0
Р6466	1		0
Р6467	1		0
Р6468	1		0
Р6469	1		0
Р6470	1		0
Р6471	1		0
Р6472	1		0
Р6473	1		0
Р6474	1		0
Р6475	1		0
Р6476	1		0
Р6477	1		0
Р6478	3		1
Р6478	1	Фільтраційні справи на осіб, примусово вивезених до Німеччини в роки нацистської окупації, репатрійованих і колишніх військовополонених радянських громадян.	65869
Р6478	2	Кримінальні справи позасудових органів на громадян, які зазнали репресій у 30-х – на початку 50-х рр.	11444
Р6479	1ДОД		0
Р6479	2		0
Р6479	1		0
Р6480	1		0
Р6481	1		0
Р6481	1ДОД		0
Р6482	1		0
Р6482	1ДОД		0
Р6483	1		0
Р6484	1		0
Р6485	1		0
Р6486	1		0
Р6487	1		0
Р6488	1		0
Р6489	1		0
Р6490	1		0
Р6491	1		0
Р6492	1		0
Р6493	1		0
Р6494	2ДОД		0
Р6494	1ДОД		0
Р6494	1		0
Р6495	1Л		0
Р6495	1		0
Р6496	1		0
Р6496	1Л		0
Р6497	1		0
Р6498	1		0
Р6499	2Л		0
Р6499	1Л		0
Р6499	2		0
Р6499	1		0
Р6500	1Л		0
Р6501	1		0
Р6502	1		0
Р6503	1		0
Р6503	2		0
Р6504	1		0
Р6504	1Л		0
Р6505	31		0
Р6505	33		0
Р6505	35		0
Р6505	39		0
Р6505	37		0
Р6505	42		0
Р6505	38		0
Р6505	40		0
Р6505	41		0
Р6505	45		0
Р6505	43		0
Р6505	44		0
Р6505	2		0
Р6505	3		0
Р6505	4		0
Р6505	7		0
Р6505	9		0
Р6505	13		0
Р6505	16		0
Р6505	19		0
Р6505	21		0
Р6505	24		0
Р6505	27		0
Р6505	30		0
Р6505	32		0
Р6505	34		0
Р6505	36		0
Р6505	46		0
Р6505	47		0
Р6505	48		0
Р6505	10		0
Р6505	11		0
Р6505	12		0
Р6505	14		0
Р6505	15		0
Р6505	17		0
Р6505	18		0
Р6505	20		0
Р6505	22		0
Р6505	23		0
Р6505	25		0
Р6505	26		0
Р6505	28		0
Р6505	29		0
Р6505	1		0
Р6505	6		0
Р6505	8		0
Р6506	1Л		0
Р6507	1		0
Р6508	23	Павлоградський район	274
Р6508	23ДОД	Павлоградський район	1
Р6508	33ДОД	Криворізький район	1
Р6508	3ПОШ	Петропавлівський район	0
Р6508	10ПОШ	Покровський район	0
Р6508	13ПОШ	Петриківський район	0
Р6508	14ПОШ	Верхньодніпровський район	44
Р6508	15ПОШ	Нікопольський район, м. Нікополь	0
Р6508	17ПОШ	Криничанський район	0
Р6508	19ПОШ	Синельниківський район	23
Р6508	21ПОШ	Юр'ївський район	0
Р6508	29ДОД	Межівський район	40
Р6508	39	Широківський район	65
Р6508	42	Саксаганський район, м. Кривий Ріг	2
Р6508	46	Інгулецький район, м. Кривий Ріг	17
Р6508	25ПОШ	Царичанський район	0
Р6508	27ПОШ	Новомосковський район	45
Р6508	29ПОШ	Межівський район	18
Р6508	30ПОШ	Васильківський район	0
Р6508	31ПОШ	Магдалинівський район	0
Р6508	42ПОШ	Алфавітні книги	2
Р6508	6ПОШ	П'ятихатський район	0
Р6508	8ПОШ	Заводський район, м. Дніпродзержинськ	63
Р6508	9ПОШ	Марганецький район, м. Марганець	0
Р6508	28ПОШ	Дніпропетровський район	0
Р6508	19ДОД	Синельниківський район	39
Р6508	10ДОД	Покровський район	22
Р6508	45	Жовтоводський район, м. Жовті Води	14
Р6508	6ДОД	П'ятихатський район	24
Р6508	7	Центральний (Кіровський) район, м. Дніпро	1073
Р6508	1ПОШ	Алфавітні книги Ленінського район	39
Р6508	22ДОД	Павлоградський район, м. Павлоград	6
Р6508	13	Петриківський район	130
Р6508	18ПОШ	Синельниківський район, м. Синельникове	17
Р6508	10	Покровський район	164
Р6508	10ДОД2	Покровський район	15
Р6508	16	Тернавський район, м. Тернівка	37
Р6508	24ДОД	Апостолівський район	5
Р6508	8ДОД	Заводський район, м. Дніпродзержинськ	7
Р6508	33	Криворізький район	36
Р6508	1ДОД	Ленінський район, м. Дніпропетровськ	6
Р6508	2	Красногвардійський район, м. Дніпропетровськ	591
Р6508	5ДОД	Дзержинський район, м. Кривий Ріг	8
Р6508	7ДОД	Кіровський район, м. Дніпропетровськ	7
Р6508	11	Амур-Нижньодніпровський район, м. Дніпропетровськ	308
Р6508	12	Самарський район, м. Дніпропетровськ	32
Р6508	13ДОД	Петриківський район	4
Р6508	14ДОД	Верхньодніпровський район	38
Р6508	17ДОД	Криничанський район	3
Р6508	18ДОД	Синельниківський район, м. Синельникове	1
Р6508	20ДОД	Нікопольський район	47
Р6508	24	Солонянський район	125
Р6508	25ДОД	Царичанський район	16
Р6508	26ДОД	Томаківський район	3
Р6508	27ДОД	Новомосковський район	94
Р6508	28ДОД	Дніпропетровський район	15
Р6508	30ДОД	Васильківський район	12
Р6508	31ДОД	Магдалинівський район	2
Р6508	32	Індустріальний район, м. Дніпропетровськ	17
Р6508	34	Новомосковський район, м. Новомосковськ	212
Р6508	38	Орджонікідзевський район, м. Орджонікідзе	11
Р6508	40	Центрально-Міський район, м. Кривий Ріг	129
Р6508	41	Жовтневий район, м. Кривий Ріг	64
Р6508	43	Тернівський район, м. Кривий Ріг	13
Р6508	44	Баглійський район, м. Дніпродзержинськ	17
Р6508	7ПОШ	Альфавітні книги Кіровський район	117
Р6508	11ПОШ	Альфавітні книги Амур-Нижньодніпровський район, м. Дніпро	53
Р6508	14Д		1
Р6508	22Д		3
Р6508	21ДОД	Софіївський район	4
Р6508	24ПОШ	Апостолівський район	0
Р6508	26ПОШ	Томаківський район	0
Р6508	1	Новокодацький (Ленінський) район, м. Дніпро	195
Р6508	14	Верхньодніпровський район	209
Р6508	15	Нікопольський район	265
Р6508	17	Криничанський район	200
Р6508	18	Синельниківський район	73
Р6508	19	Синельниківський район	212
Р6508	20	Нікопольський район	247
Р6508	21	Юріївський район	135
Р6508	22	Павлоградський район	201
Р6508	25	Царичанський район	238
Р6508	26	Томаківський район	210
Р6508	27	Самарівський (Новомосковський) район	293
Р6508	28	Дніпровський район	156
Р6508	29	Межівський район	241
Р6508	3	Петропавлівський район	159
Р6508	30	Васильківський район	179
Р6508	31	Магдалинівський район	177
Р6508	35	Софіївський район	65
Р6508	36	Документи про внесення змін, виправлень, доповнень до актових записів	0
Р6508	37	Апостолівський район	60
Р6508	4	Нікопольський район, м.Кірово	1
Р6508	5	Металургійний (Дзержинський) район, м. Кривий Ріг	125
Р6508	6	П'ятихатський район	195
Р6508	8	Заводський район, м. Кам'янське	638
Р6508	9	Марганецький район	102
Р6509	1Л		0
Р6510	1Л		0
Р6511	1Л		0
Р6513	2Л		0
Р6513	1Л		0
Р6514	1		0
Р6514	3		0
Р6514	4		0
Р6514	5		0
Р6514	7		0
Р6514	9		0
Р6514	11		0
Р6514	13		0
Р6514	15		0
Р6514	18		0
Р6514	20		0
Р6514	22		0
Р6514	24		0
Р6514	26		0
Р6514	19ОС		0
Р6514	20ОС		0
Р6514	21ОС		0
Р6514	22ОС		0
Р6514	23ОС		0
Р6514	24ОС		0
Р6514	29		0
Р6514	31		0
Р6514	33		0
Р6514	35		0
Р6514	38		0
Р6514	39		0
Р6514	41		0
Р6514	44		0
Р6514	48		0
Р6514	50		0
Р6514	53		0
Р6514	2		0
Р6514	6		0
Р6514	8		0
Р6514	10		0
Р6514	12		0
Р6514	16		0
Р6514	17		0
Р6514	19		0
Р6514	21		0
Р6514	23		0
Р6514	25		0
Р6514	27		0
Р6514	28		0
Р6514	30		0
Р6514	32		0
Р6514	34		0
Р6514	37		0
Р6514	40		0
Р6514	42		0
Р6514	45		0
Р6514	46		0
Р6514	47		0
Р6514	49		0
Р6514	51		0
Р6514	52		0
Р6514	14		0
Р6514	36		0
Р6514	43		0
Р6515	2Л		0
Р6515	1Л		0
Р6516	1		0
Р6517	1		0
Р6518	1Л		0
Р6518	1		0
Р6519	1		0
Р6520	1Л		0
Р6521	2Л		0
Р6521	1Л		0
Р6522	1		0
Р6531	1Л		0
Р6532	1ОС		0
Р6532	1		0
Р6533	1		0
Р6534	1ОС		0
Р6535	6Л		0
Р6535	5Л		0
Р6535	4Л		0
Р6535	3Л		0
Р6535	2Л		0
Р6535	1Л		0
Р6535	1		0
Р6535	2		0
Р6536	2		0
Р6536	3		0
Р6536	3ДОД		0
Р6536	4		0
Р6536	4ДОД		0
Р6536	1		0
Р6536	1ДОД		0
Р6537	1ОС		0
Р6538	1ОС		0
Р6538	1		0
Р6538	1ОСД		0
Р6539	1		0
Р6540	1		0
Р6540	4		0
Р6540	8		0
Р6540	2		0
Р6540	2ДОД		0
Р6540	3		0
Р6540	5		0
Р6540	6		0
Р6540	7		0
Р6540	9		0
Р6541	1		0
Р6542	1Л		0
Р6543	1ОС		0
Р6543	1		0
Р6544	2		0
Р6544	1		0
Р6545	1		0
Р6545	1ДОД		0
Р6545	2		0
Р6546	1		0
Р6546	1ДОД		0
Р6547	10		0
Р6547	11		0
Р6547	17		0
Р6547	18		0
Р6547	19		0
Р6547	20		0
Р6547	21		0
Р6547	10ОС		0
Р6547	11ОС		0
Р6547	12ОС		0
Р6547	13ОС		0
Р6547	14ОС		0
Р6547	15ОС		0
Р6547	16ОС		0
Р6547	17ОС		0
Р6547	18ОС		0
Р6547	19ОС		0
Р6547	1ОС		0
Р6547	20ОС		0
Р6547	21ОС		0
Р6547	2ОС		0
Р6547	3ОС		0
Р6547	5ОС		0
Р6547	6ОС		0
Р6547	7ОС		0
Р6547	8ОС		0
Р6547	9ОС		0
Р6547	1		0
Р6547	2		0
Р6547	3		0
Р6547	5		0
Р6547	6		0
Р6547	7		0
Р6547	8		0
Р6547	9		0
Р6547	12		0
Р6547	13		0
Р6547	14		0
Р6547	15		0
Р6547	16		0
Р6548	1		0
Р6548	2		0
Р6548	3		0
Р6548	4		0
Р6548	1ДОД		0
Р6549	1		0
Р6550	1		0
Р6551	1ОС		0
Р6551	2ОС		0
Р6551	3ОС		0
Р6551	4ОС		0
Р6553	1		0
Р6553	1ОС		0
Р6553	2ОС		0
Р6554	1		0
Р6555	1		0
Р6556	1		0
Р6557	1		0
Р6557	2		0
Р6558	1		0
Р6558	1ОС		0
Р6559	1ОС		0
Р6559	1		0
Р6560	2ОС		0
Р6560	1ОС		0
Р6560	1		0
Р6561	1		0
Р6562	1		0
Р6562	1ОС		0
Р6563	1		0
Р6564	1		0
Р6564	1ДОД		0
Р6564	2		0
Р6565	1		0
Р6565	1ДОД		0
Р6566	1		0
Р6566	1ДОД		0
Р6567	1		0
Р6567	1ОС		0
Р6568	1		0
Р6568	2		0
Р6568	2ДОД		0
Р6569	1		0
Р6570	1		0
Р6571	1		0
Р6572	1ОС		0
Р6573	1		0
Р6574	1ОС		0
Р6575	1		0
Р6575	1ДОД		0
Р6576	1		0
Р6577	1		0
Р6578	1		0
Р6579	1		0
Р6580	1		0
Р6581	1		0
Р6582	1		0
Р6583	1		0
Р6584	1		0
Р6585	1		0
Р6586	2	Виконавча дирекція, Дніпропетровського обласного відділення Фонду соціального страхування з тимчасової втрати працездатності, м. Дніпропетровськ	0
Р6586	2ДОД	Виконавча дирекція, Дніпропетровського обласного відділення Фонду соціального страхування з тимчасової втрати працездатності, м. Дніпропетровськ	0
Р6586	1		0
Р6587	1		0
Р6588	1		0
Р6589	1		0
Р6590	1		0
Р6591	1		0
Р6592	1ДОД		0
Р6592	1		0
Р6593	1		0
Р6594	1		0
Р6595	1		0
Р6596	1		0
Р6597	1		0
Р6598	1		0
Р6598	1ДОД		0
Р6599	1		0
Р6599	2		0
Р6599	3		0
Р6600	2ДОД		0
Р6601	1		0
Р6602	1		0
Р6602	1ДОД		0
Р6603	1		0
Р6604	1		0
Р6605	1		0
Р6606	1		0
Р6607	1		0
Р6608	1		0
Р6609	1		0
Р6610	1		0
Р6611	1		0
Р6612	1		0
Р6613	1		0
Р6614	2		0
Р6614	1		0
Р6615	1		0
Р6616	1		0
Р6617	1		0
Р6618	1		0
Р6619	1		0
Р6620	1		0
Р6621	1		0
Р6621	1ДОД		0
Р6622	1		0
Р6623	1		0
Р6624	1		0
Р6625	1		0
Р6626	1		0
Р6627	1		0
Р6628	1		0
Р6629	1		0
Р6630	1		0
Р6631	1		0
Р6632	2К		0
Р6632	1К		0
Р6632	1		0
Р6633	1		0
Р6633	2		0
Р6633	3		0
Р6633	4		0
Р6633	4ДОД		0
Р6634	1		0
Р6635	1		0
Р6636	1		0
Р6636	1ДОД		0
Р6637	1		0
Р6638	1		0
Р4530СЧ	31		0
Р4530СЧ	32		0
Р4530СЧ	33		0
Р4530СЧ	34		0
Р4530СЧ	35		0
Р4530СЧ	36		0
Р4530СЧ	37		0
Р4530СЧ	1Л		0
Р4521СЧ	4		0
Р4521СЧ	6		0
Р4521СЧ	7		0
Р4157СЧ	1		0
Р319СЧ	4		0
Р319СЧ	1		0
Р2574С	1		0
Р2506С	1		0
Р2943	1		0
Р4572	1		0
Р4572	1ДОД		0
6604	1		0
6606	1		0
6607	1		0
6608	1		0
6609	1		0
6611	1		0
6612	1		0
6614	1		0
6614	2		0
6615	1		0
6616	1		0
6617	1		0
6601	1		0
6621	1		0
6621	1ДОД		0
6622	1		0
6624	1		0
6625	1		0
6626	1		0
6627	1		0
6628	1		0
6629	1		0
6630	1		0
6631	1		0
6632	1		0
6632	1К		0
6632	2К		0
6633	1		0
6633	2		0
6633	3		0
6633	4		0
6633	4ДОД		0
6634	1		0
6635	1		0
6636	1		0
6636	1ДОД		0
6637	1		0
6638	1		0
6619	1		0
4802	1		0
6584	1		0
6600	2ДОД		0
6618	1		0
6620	1		0
4804	1		0
4805	1		0
4806	1		0
4807	1		0
6514	47		0
6514	48		0
6514	49		0
6514	50		0
6514	51		0
6514	52		0
6514	53		0
6547	13		0
6547	14		0
6547	15		0
6547	16		0
6547	17		0
6547	18		0
6547	19		0
6547	20		0
6547	21		0
6547	1ОС		0
6547	2ОС		0
6547	3ОС		0
6547	5ОС		0
6547	6ОС		0
6547	7ОС		0
6547	8ОС		0
6547	10ОС		0
6547	11ОС		0
6547	12ОС		0
6547	13ОС		0
6547	14ОС		0
6547	15ОС		0
6547	16ОС		0
6547	17ОС		0
6547	18ОС		0
6547	19ОС		0
6547	20ОС		0
6547	21ОС		0
6547	12		0
6547	1		0
6547	2		0
6547	3		0
6547	6		0
6547	7		0
6547	8		0
6547	9		0
6547	10		0
6547	11		0
6547	9ОС		0
6547	5		0
6575	1		0
6575	1ДОД		0
6578	1		0
6580	1		0
6581	1		0
6582	1		0
6583	1		0
4803	1		0
6586	1		0
6586	2	Виконавча дирекція, Дніпропетровського обласного відділення Фонду соціального страхування з тимчасової втрати працездатності, м. Дніпропетровськ	0
6586	2ДОД	Виконавча дирекція, Дніпропетровського обласного відділення Фонду соціального страхування з тимчасової втрати працездатності, м. Дніпропетровськ	0
6587	1		0
6588	1		0
6589	1		0
6592	1		0
6592	1ДОД		0
6593	1		0
6594	1		0
6597	1		0
6598	1		0
6599	1		0
6599	2		0
6599	3		0
6585	1		0
6602	1		0
6602	1ДОД		0
6613	1		0
563	4		1
540	1		0
687	1		0
834	1		0
463	1		0
546	3		1
