WKT,Назва,Реєстр,Населені пункти,Повіт
POINT (24.4084773 50.7621535),Селець,https://www.familysearch.org/ark:/61903/3:1:3QHN-R731-1HNT-S?view=explore&groupId=TH-7701-138496-88618-49&lang=uk,,Володимирський
POINT (24.459825 50.625967),Порицьк (Павліка),https://www.familysearch.org/ark:/61903/3:1:3QHJ-D7QM-N5SL?view=explore&groupId=TH-7701-138496-88621-28&grid=on&lang=uk,,Володимирський
POINT (24.5487129 50.874626),Свійчів,https://www.familysearch.org/ark:/61903/3:1:3QHJ-67QM-JFM?view=explore&groupId=TH-7701-138496-88623-50&grid=on&lang=uk,,Володимирський
POINT (24.6486753 50.7402117),Локачі,https://www.familysearch.org/ark:/61903/3:1:3QHJ-87QM-F98H-7?view=explore&groupId=TH-7701-138496-88626-51&grid=on&lang=uk,,Володимирський
POINT (24.1901541 50.6381951),Литовеж,https://www.familysearch.org/ark:/61903/3:1:3QHJ-67QM-J9QG?view=explore&groupId=TH-7798-138494-96114-30&grid=on&lang=uk,,Володимирський
POINT (24.6938567 50.63615919999999),Конюхи,https://www.familysearch.org/ark:/61903/3:1:3QHN-R731-1HJK-9?view=explore&groupId=TH-7704-138499-56211-54&grid=on&lang=uk,,Володимирський
POINT (24.029416 50.9395423),Коритниця,https://www.familysearch.org/ark:/61903/3:1:3QHN-R731-1HJ5-Q?view=explore&groupId=TH-7701-138496-88646-43&grid=on&lang=uk,,Володимирський
POINT (24.8501854 50.7831997),Затурці,https://www.familysearch.org/ark:/61903/3:1:3QHJ-67QM-J9NQ?view=explore&groupId=TH-7704-138499-56224-51&grid=on&lang=uk,,Володимирський
POINT (24.810282 50.8573227),Кисилин,https://www.familysearch.org/ark:/61903/3:1:3QHJ-D7QM-NRNS?view=explore&groupId=TH-7704-138499-56226-53&grid=on&lang=uk,,Володимирський
POINT (24.3194023 50.8467856),"Володимир, Католицький костел",https://www.familysearch.org/ark:/61903/3:1:3QHJ-67QM-JS78?view=explore&groupId=TH-7701-138496-88647-38&grid=on&lang=uk,,Володимирський
POINT (24.7526159 50.4959902),"Горохів, Католицький костел",https://www.familysearch.org/ark:/61903/3:1:3QHN-R731-1HKZ-X?view=explore&groupId=TH-7798-138494-96138-34&grid=on&lang=uk,,Володимирський
POINT (24.3371701 51.1434218),Перевали,https://www.familysearch.org/ark:/61903/3:1:3QHJ-D7QM-NT4Q?view=explore&groupId=TH-7701-138496-88653-44&grid=on&lang=uk,,Володимирський
POINT (24.3462544 50.84639749999999),Острівок,https://www.familysearch.org/ark:/61903/3:1:3QHJ-87QM-F98P-X?view=explore&groupId=TH-7798-138494-96141-29&grid=on&lang=uk,,Володимирський
POINT (25.1209852 50.3585756),"Берестецький костел, м-ко Берестечко Дубенського повіту Берестецької волості",https://daro-metric-map.pages.dev/parafia/dedadd2a/,"сс. Берестечко, Буркачі, Голятин, Колмів, Кутрів, Липа, Перемиль, Смолява, Боремельської вол. Вербень, Теслугівської вол. Митниця, Острів, Пляшева",Дубенський
POINT (25.743373 50.420243),"Дубенський костел, м-ко Дубно Дубенського повіту",https://daro-metric-map.pages.dev/parafia/f921e72e/,"сс. Варковицької вол. Варковичі, Княгинин, Листвин; Дубенської вол. Вигнанка, Мирогоща, Погорільці, Рачин, Страклів, Тараканів; Судобицької вол. Залужжя, Кирилівка, Обгов, Переросля, Семидуби",Дубенський
POINT (25.2216263 50.5136488),"Золочівський костел, с. Золочівка Дубенського повіту Боремельської волості",https://daro-metric-map.pages.dev/parafia/17db9db9/,"сс. Берестечко, Більче, Боремель, Вичавки, Золочівка, Пашева, Русино-Берестечко; Луцького пов. Полонківської вол. Радомишль, Суховоля, Луцького пов. Чаруківської вол. Жабче, Колодеже",Дубенський
POINT (25.3102618 50.157913),"Крупецький костел, м-ко Крупець Дубенського повіту Крупецької волості",https://daro-metric-map.pages.dev/parafia/f1f18c59/,"сс. Козин, Крупець, Михайлівка, Сестрятин, Ситне, Срібне, Янівка, Теслугівської вол. Боратин, Великі Жабокрики, Коритне, Малі Жабокрики, Теслугів, Хотин; Кременецького пов. Радзивилівської вол. Перенятин",Дубенський
POINT (25.277882 50.472809),"Лисинський костел, с. Лисин Дубенського повіту Боремельської волості",https://daro-metric-map.pages.dev/parafia/ac689ca2/,"сс. Лисин, Лопавше, Товпижин, Хрінники; Княгининської вол. Демидівка, Дубляни, Ільпибоки, Княгинине, Охматків, Перекалі; Теслугівської вол. Вовковиї, Рогізне",Дубенський
POINT (25.6126259 50.5118774),"Млинівський костел, м-ко Млинів Дубенського повіту Млинівської волості",https://daro-metric-map.pages.dev/parafia/fff45610/,"сс. Аршичин, Береги, Божкевичі, Великі Дорогостаї, Добрятин, Каролінка, Клин, Косарево, Людвиківка, Малі Дорогостаї, Млинів, Муравиця, М’ятин, Озліїв, Остріїв, Підгайці, Смордва, Ужинець, Хорупань, Княгининської вол. Бокійма, Малинської вол. Іванківці, Корито, Лукарівка, Мошків, Перемилівка",Дубенський
POINT (25.8120572 50.7237994),"Олицький костел, м-ко Олика Дубенського повіту Олицької волості",https://daro-metric-map.pages.dev/parafia/b66acdd3/,"сс. Залісоче, Метельно, Миловиця, Мощаниця, Олика, Ромашківщина, Турчин, Хорлупи, Чемерин; Малинської вол. Борбин, Заболотці, Певжа, Сатиїв, Уїздці; Луцького пов. Сильненської вол. Берестяни, Цумань; Рівненського пов. Дядьковицької вол. Сухівці",Дубенський
POINT (25.6160644 50.3038742),"Птицький костел, с. Птича Дубенського повіту Вербської волості",https://daro-metric-map.pages.dev/parafia/abc3f51f/,"сс. Білогородка, Будераж, Верба, Кам’яниця, Комарівка, Микитичі, Пирятин, Підлужжя, Повча, Птича, Стовпець, Турковичі; Дубенської вол. Великі Загірці; Судобицької вол. Носовиця",Дубенський
POINT (25.7629956 50.2382136),"Римо-католицький костел, с. Смига Дубенського повіту Судобицької гміни",https://daro-metric-map.pages.dev/parafia/ed6fa6bc/,"сс. Буща, Марцеліна, Нова Миколаївка, Стара Миколаївка, Шепетин",Дубенський
POINT (25.3960949 50.5541235),"Торговицький костел, с. Торговиця Дубенського повіту Ярославицької волості",https://daro-metric-map.pages.dev/parafia/ad0ccc17/,"сс. Боремець, Лихачівка, Надчиці, Перекладовичі, Підлісці, Підлозці, Ставрів, Торговиця, Княгининської вол. Баболоки, Бокійма, Війниця, Вовничі, Красне, Рудливе, Млинівської вол. Остріїв, Підгайці",Дубенський
POINT (24.526718 51.0888487),"Турійськ, Католицький костел",https://www.familysearch.org/ark:/61903/3:1:3QHJ-67QM-JSK8?view=explore&groupId=TH-7704-138499-56231-62&grid=on&lang=uk,,Ковельський
POINT (26.7524487 51.0035653),"Березнівський костел, м-ко Березне Костопільського повіту Березнівської волості",https://daro-metric-map.pages.dev/parafia/6bc9de9b/,"сс. Балашівка, Білка, Бронне, Вітковичі, Зірне, Моквин, Орлівка, Поляни, Теклівка",Костопільский
POINT (26.23638 50.92712),"Римо-католицький костел, с. Янова (Іванова) Долина Костопільського повіту",https://daro-metric-map.pages.dev/parafia/980cbc27/,"сс. Янова Долина, Головин, Злазне",Костопільский
POINT (25.7260783 50.0960966),"Кременецький костел, м-ко Кременець Кременецького повіту",https://daro-metric-map.pages.dev/parafia/1cf6782c/,"сс. Білокриницької вол. Біла Криниця, Веселівка, Колосове, Лішня; Дубенського пов. Судобицької вол. Марцеліна, Студянка, Шепетин",Кременецький
POINT (25.2460029 50.1293661),"Радзивилівський костел, м-ко Радзивилів Кременецького повіту Радзивилівської волості",https://daro-metric-map.pages.dev/parafia/ed062341/,"сс. Балки, Батьків, Башарівка, Березини, Бугаївка, Гаї-Лев’ятинські, Дранча, Крижі, Лев’ятин, Немирівка, Опарипси, Перенятин, Прокази, Радзивилів, Суходоли; Почаївської вол. Крутнів, Лідихів, Лосятин, Почаїв; Дубенського пов. Вербської вол. Пирятин, Крупецької вол. Баранне, Крупець, Сестрятин",Кременецький
POINT (27.116673 50.460449),"Берездівський костел, м-ко Берездів Новоград-Волинського повіту Берездівської волості",https://daro-metric-map.pages.dev/parafia/559cbe2a/,"сс. Великий Правутин, Малий Правутин, Яблунівка; Заславського пов. Жуківської вол. Зубівщина, Мирутин",Новоград-Волинський
POINT (27.149336 50.617483),"Костел Св. Антонія, м-ко Корець Новоград-Волинського повіту Корецької волості",https://daro-metric-map.pages.dev/parafia/58b31374/,"сс. Аннівка, Богданівка, Бриків, Бятки, Вирища, Голичівка, Головниця, Града, Гранне, Дерманка, Жадківка, Забара, Зарів’я, Звіздів, Кобилля, Козак, Корецькі Хутори, Коробилівка, Крияник, Кутки, Лазарет, Любомирка, Миколаївка, Мухарів, Морозівка, Новий Корець, Річки, Старий Корець, Томанів, Фаянс, Хманівка, Шитні, Юзефин; Городницької вол. Березники, Велика Настахівка, Вирийка (Вирівка), Городниця, Дубинки (Дубники), Кривальська Гута, Лучиця, Любтів, Мала Настахівка, Перевезня, Сапожин, Сторожів, Суховоля; Берездівської вол. Печиводи, Піддубці, Чернокали; Жолобненської вол. Кам’янка, Косинів, Кошелів; Піщевської вол. Багате, Велика Деражня, Дідовичі, Дуплинки, Кам’янка Суховольська, Крайня Деражня, Майдан Кропивенський, Мечеть, Мужиловичі, Піщев, Полчини, Середня Деражня; Острозького пов. Довжанської вол. Киликіїв, Крилів, Черниця; Рівненського пов. Каюнова, Мечиславівка, Млинок, Остриганка, Рудня Каюнова; Рівненського пов. Межиріцької вол. Березівка, Велика Клецька, Водник, Копитів, Користь, Мала Клецька, Топча, Черкиж; Селищної вол. Балярка Устенська, Більчаки, Бродниця (Брониця), Глушків, Маринин, Мишаків, Пісківка, Слобода Устенська, Устя, Фабрика Устенська, Шопи",Новоград-Волинський
POINT (27.6066973 50.5917622),"Новоград-Волинський костел, м-ко Новоград-Волинський Новоград-Волинського повіту",https://daro-metric-map.pages.dev/parafia/4bf02298/,"сс. Кам’яний Брід, Черниця, Городницької вол. Курчиця, Суслів; Ємільчинської вол. Аполлонівка, Піщевської вол. Анета, Анжелине; Романівської вол. Абрамок, Олександрівка; Сербівської вол. Андрієвичі",Новоград-Волинський
POINT (26.8975265 50.4526337),"Аннопільський костел, м-ко Аннопіль Острозького повіту Аннопільської волості",https://daro-metric-map.pages.dev/parafia/92065e82/,"сс. Глинники, Нараєвка; Заславського пов. Жуківської вол. Губельці, Хоровецької вол. Бачманівка",Острозький
POINT (26.3648377 50.2434839),"Куневський костел, м-ко Кунев Острозького повіту Куневської волості",https://daro-metric-map.pages.dev/parafia/dc1d6d2e/,"сс. Болотківці, Вілія, Закоти, Ілляшівка, Кам’янка, Ляхів, Новородчиці, Перерослівської вол. Велика Боровиця, Велика Радогощ, Добрин, Козин, Коритне, Нова Гутиська, Переросле, Стара Гутиська; Плужнянської вол. Мала Радогощ, М’якоти",Острозький
POINT (26.521205 50.327853),"Острозький костел, м. Острог Острозького повіту",https://daro-metric-map.pages.dev/parafia/d584ed56/,"сс. Куневської вол. Лючин, Сіянецької вол. Кургани, Могиляни, Мощаниця, Хорівської вол. Бродів, Грем’яче, Плоске",Острозький
POINT (26.370103 50.53048),"Тайкурський костел, с. Тайкури Острозького повіту Здовбицької волості",https://daro-metric-map.pages.dev/parafia/95955b46/,"сс. Здовбиця, Івачкове, Каменеломи, Копиткове, Мар’янівка, Новосілки, Порозове, Урвенна, Бугринської вол. Бугрин, Новоставці, Підліски, Посягва, Стадники, Томахів, Угільці, Сіянецької вол. Сіянці; Дубенського пов. Мізоцької вол. Уїздці, Хорівської вол. Чеський Гай; Рівненського пов. Рівненської вол. Глинки, Квасилів, Колоденка",Острозький
POINT (25.5186695 50.5557719),"Анновільський костел, с. Анновіль Рівненського повіту Тучинської гміни",https://daro-metric-map.pages.dev/parafia/7e1d0828/,"сс. Груди, Березнівської гміни Велике Поле, Кадобище, Наталя, Синяківка",Рівненський
POINT (26.5077415 50.6593682),"Гориньградський костел, м-ко Гориньград Рівненського повіту Тучинської волості",https://daro-metric-map.pages.dev/parafia/969f2a52/,"сс. Микулин, Рівненської вол. Антопіль, Бабин; Острозького пов. Бугринської вол. Горбаків, Дорогобуж, Подоляни, Рясники, Шкарів",Рівненський
POINT (26.0447536 50.8590537),"Деражненський костел, м-ко Деражне Рівненського повіту Деражненської волості",https://daro-metric-map.pages.dev/parafia/557de99a/,"сс. Бечаль, Варцелівка, Гошиха, Дюксин, Жобрин, Заброди, Злазне, Круги, Постійне, Ставок, Чудви; Костопільської вол. Велика Любаша, Мала Любаша, Підлужне; Стидинської вол. Яполоть; Луцького пов. Сильненської вол. Балярка, Вовче, Глибочек, Затишшя, Заугільці, Заулок (Загулок), Знамерівка, Ладеса, Липно, Макарів, Неруче, Оличка, Скрештовка",Рівненський
POINT (26.45886 51.108742),"Костел Св.Казимира, с. Казимирка Рівненського повіту Степанської волості",https://daro-metric-map.pages.dev/parafia/ad09c8b9/,"сс.Дерманка, Заугілля, Нова Варшава, Острів, Підгірник, Рудня, Темпків; Березнівської вол. Голубне, Залісся, Замостище, Ільники, Кам’янка, Карачун, Крешів, Кургани, Липники, Яблунне, Яринівка; Костопільської вол. Болдинок, Данчиміст, Довге, Іполітівка, Космачів, Мар’янівка, Олександрівка, Печалівка, Пісків, Плотичне, Яснобір",Рівненський
POINT (25.970982 50.746055),"Клеванський костел, м-ко Клевань Рівненського повіту Клеванської волості",https://daro-metric-map.pages.dev/parafia/414d157b/,"сс. Адамівка (Адамків), Білів, Бронники, Видранка, Голишів, Грабів, Дерев’яне, Диків, Застав’я, Костянтинів, Марцемінівка, Мочулки, Новожуків, Новосілки, Новостав, Олишва, Оржів, Піщанка, Рогачів, Руда-Красна, Сморжів, Старожуків, Суськ, Швайцари; Деражненської вол. Жильжа, Корчин; Дядьковицької вол. Грушвиця, Заріцьк, Кардаш, Макотерти, Мартинівка, Милостів, Новосілки, Новостав (Дальній), Переділи, Пересопниця, Плоска, Шостаків, Шпаків, Яневичі; Рівненської вол. Караєвичі, Понебель; Луцького пов. Сильненської вол. Оличка",Рівненський
POINT (26.459981 50.865375),"Костопільський костел, м-ко Костопіль Рівненського повіту Костопільської гміни",https://daro-metric-map.pages.dev/parafia/d636357b/,"сс. Борщівка, Липники, Маща, Рокитне, Янкевичі, Березнівської гміни Велика Купля, Велике Поле, Мала Купля, Кустинської гміни Козлинський Майдан, Тучинської гміни Довганець",Рівненський
POINT (26.850932 50.659225),"Межирицький костел, м-ко Межирічі Рівненського повіту Межиріцької волості",https://daro-metric-map.pages.dev/parafia/6a020892/,"сс. Андрусіїв, Вацлавка, Велика Харуча, Вороб’ївка, Воронуха, Даничів, Желізниця, Коловерти, Підліски, Підляшки, Самостріли, Толкачі, Харалуг, Щекичин; Селищної вол. Довга Нива, Хмелівка; Тучинської вол. Витків, Синів, Терентіїв; Острозького пов. Аннопільської вол. Жаврів; Гощанської вол. Блудів, Бранів, Гоща, Русивель, Сапожин, Симонів, Федорівка, Франівка, Чудниця; Довжанської вол. Дуліби, Майків; Сіянецької вол. Бочаниця",Рівненський
POINT (26.825545 50.688633),"Невірківський костел, с. Невірків Рівненського повіту Межиріцької волості",https://daro-metric-map.pages.dev/parafia/fdbbc317/,"сс. Білий Берег, Буда, Вовкошів, Городище, Гута Сидлинська, Дивинь, Жорнівка, Забара, Кільце, Липки, Мала Совпа, Млинок, Польки, Слобода Промська, Янівка; Селищної вол. Адамівка, Бистричі, Велика Совпа, Ведмедівка, Вілля, Глинища, Глубочанка, Грушівка, Губків, Гута Бистрицька, Гута Грушівська, Застав’я, Кам’янка, Левачі, Людвипіль, Мокре, Мочулянка, Немиля, Нова Гута, Новини, Озірці, Погорілівка, Рудня-Погорілівська, Рудня Стрия, Сівки, Стара Гута, Стрий, Хвоянка, Юзефівка, Якубівка; Тучинської вол. Малі Селища",Рівненський
POINT (26.3455835 50.731873),"Олександрійський костел, м-ко Олександрія Рівненського повіту Кустинської волості",https://daro-metric-map.pages.dev/parafia/06b18a9e/,"сс. Глажівський Майдан, Глажова, Забороль, Ізіфорівка, Кам’яна Гора, Карловщина Заборольська, Карловщина Козлинська, Козлин, Козлинський Майдан, Колесня, Кустин, Любомирка, Майдан Нечків, Малий Житин, Плебенія, Рубче, Свяття, Соломка, Три Копці, Ходоси, Юзефівка (Баярка); Костопільської вол. Берестовець, Борщівка, Головин, Костопіль, Перемінка, Янкевичі; Тучинської вол. Антонівка, Котів, Руденка, Зелена, Юзефівка Руденська",Рівненський
POINT (26.240445 50.619754),"Рівненський костел, м. Рівне Рівненського повіту",https://daro-metric-map.pages.dev/parafia/6610bb20/,"сс. Варковицької вол. Конюшки, Ульбарів; Дядьковицької вол. Богдашів, Верхівськ, Глинськ, Дядьковичі, Кошатів, Кривичі, Орестів, П’ятигори, Ясининичі; Кустинської вол. Хотин; Рівненської вол. Антопіль, Бармаки, Басів Кут, Біла Криниця, Бегень, Боярка, Гелесин, Городок, Дворець, Золотіїв, Карпилівка, Михайлівка, Новий Двір, Обарів, Омеляна, Ставки, Тинне, Тютьковичі, Ядвиполь",Рівненський
POINT (26.2992131 51.1328667),"Степанський костел, м-ко Степань Рівненського повіту Степанської волості",https://daro-metric-map.pages.dev/parafia/d0b27573/,"сс. Бутейки, Велике Вербче, Кричильськ, Мале Вербче, Погулянка, Стидинської вол. Великий Стидин, Збуж, Золотолин, Малий Стидин",Рівненський
POINT (26.5702539 50.7020728),"Тучинський костел, м-ко Тучин Рівненського повіту Тучинської волості",https://daro-metric-map.pages.dev/parafia/e39e0638/,"сс. Воронів, Воскодави, Горбів, Дроздів, Матіївка, Микулин, Пустомити, Сінне",Рівненський
POINT (26.26659 50.660019),"Шпанівський костел, с. Шпанів Рівненського повіту Рівненської волості",https://daro-metric-map.pages.dev/parafia/f444a2cd/,"сс. Олексин, Терепіль, Великий Житин, Волошки, Городище, Малий Житин, Решуцьк",Рівненський
POINT (26.596299 51.336221),"Сарненський костел, м-ко Сарни Сарненського повіту Немовицької гміни",https://daro-metric-map.pages.dev/parafia/c9e15bb1/,"сс. Гута Немовицька, Гута-Перейма, Доротичі, Карпилівка, Катеринівка, Кдейова, Костянтинівка, Немовичі, Ольшаниця, Орлівка, Остки, Пожога, Плоске, Радзиж, Рудня Карпилівська, Фільфарк, Хощовата, Юзефпіль, Язвинки, Янівка; Городецької гміни Довге, Кідри, Романівка, Тутовичі; Клесівської гміни Клесів, Томашгород; Любиковицької гміни Маслопуща, Ремчиці, Стрільськ; Степанської гміни Убереж, Угли; Костопільського повіту Несподзянка",Сарненський