copy_id,old_file_id
7fdd7bb5-0b56-464f-811b-8afac5ecf6e6,ff623302-92a6-4953-a998-d5e83af2800f
c3627175-4359-4f55-931e-49bd00fac653,d8b59474-18ad-4ee4-adf6-ee000bfbcdd2
673a9409-44de-4b17-aab3-0876f8ab320f,42a6071d-933c-475b-8803-af6d7e170eda
13f23b5b-2f1d-40e1-a7f8-e4b4e32ed130,4ad1360b-29ba-4c7d-906b-7b08bc77e2fc
42db155b-6634-4baa-a23b-c07f585a3e77,06741083-7058-40ff-afbf-31bc92dc8d28
93971883-4554-4220-8e62-5451b076cca5,8b358a64-9d90-408b-ba3a-39f30418d421
e7a6bb7c-0f77-4d52-ad29-fb313e618702,36f0f2e6-0c68-46ae-888a-21b81acf35a2
3fe2350e-d5d7-4000-aaa7-152014ca0ba8,99d5be47-2e33-4cf1-8d64-b070f432009e
e5eeea9c-f3c7-4bde-812b-3c22db3dd5e9,9fb22c87-661c-4ef6-9a18-e349cf92590a
558c267b-01e1-43fa-89c2-57f1dc9f1a0e,89266bf6-a5f6-4a3f-87f3-856ee90efea9
64d60a67-e98b-4e4b-82fd-9263214fe551,ff623302-92a6-4953-a998-d5e83af2800f
dbb105bb-b278-4f1c-92fc-ad6f0a82b28b,5ad4640c-9793-452c-9152-69eda617c95f
e3202939-757d-437c-a89e-0702c085af9c,4bd93bad-0639-464d-9595-0b908b3ab80e
55e28941-f767-42b4-acd9-f863c26db75f,0401b7de-ab6a-4fb3-a11b-f915b5830106
18edb9ca-2dbf-4dc2-8ff1-bb8caafcece1,f980eeb2-43d1-475d-9e86-511e1ba6a647
ebe37363-b41f-4601-8253-c83cffb1d036,957e01fe-6304-41a5-9de3-f8056de9a64c
1cb57531-0b7f-4266-8569-0bca67e40a52,e8545c0b-9a0b-45d9-818a-85a15340715b
d0e3e78a-362d-46b0-bec6-ae659d032b85,23f2fcdc-d385-42b6-a353-9b036bf5fa87
90f6dc34-47f5-42b7-819c-6424ac181fc9,78fd78b7-cf16-40e4-b6d4-4ceb10601749
f9737700-ebde-44ba-a475-e59e98403792,028e927a-f13c-41b5-82fc-334bd8a4de49
fa902526-2239-45fb-9103-c0eb2188babd,99d5be47-2e33-4cf1-8d64-b070f432009e
df2f50bd-60a7-4a7c-a8d3-2846d346b0fa,9fb22c87-661c-4ef6-9a18-e349cf92590a
2392a6a2-eab4-425f-a0fd-41557bc6dab9,dddaf8cd-2011-4531-8b6e-82f62c777865
0c6878ad-1aae-485f-9007-0e2ff6e39331,25d2c443-f340-4f1e-9a28-c9423988237c
a4ed475f-9e0a-47b1-a626-d4090b0235f8,028e927a-f13c-41b5-82fc-334bd8a4de49
f4c84b8e-5cfe-493f-9ffd-bf5709f622f4,36f0f2e6-0c68-46ae-888a-21b81acf35a2
95f8784e-80af-458e-8215-a38f805e2948,69d24b34-a375-48ec-bc52-23c898dc49a4
225dc14f-9cc6-4355-be48-f8bf95c65dd2,d8b59474-18ad-4ee4-adf6-ee000bfbcdd2
a66c8047-f8e3-4047-a5d5-802f714d511b,99d5be47-2e33-4cf1-8d64-b070f432009e
1bc9c054-8860-40c1-8c23-731f6d9a43d1,34c69479-d1d1-403e-89ae-67779da09040
bf02e8b0-f1cb-4e1a-9453-097ce11d015a,c25142ff-f16b-4736-9d2c-f71d5a2a2b91
df76d9e2-a613-46e9-bbf9-5ee1c1a0f492,f14b114b-d6c5-4949-8b25-96dc7b49c48a
e35f2648-a182-4ce8-a7ab-29edfb81a570,a3a621f8-a6c1-4bf4-b936-6247e80dd7de
8e112f71-abec-45da-8f30-8b4200dee358,9fb22c87-661c-4ef6-9a18-e349cf92590a
bdf791d3-53fe-4734-b2b0-16554cf6d2f6,89266bf6-a5f6-4a3f-87f3-856ee90efea9
adc199a5-e27a-44e0-ad3f-21b6eb683b99,1f6e8f62-d144-4634-8138-1534a9191404
d2dbf214-0805-4066-ae3f-84f7fc9777c6,42a6071d-933c-475b-8803-af6d7e170eda
86456047-05f6-4bb6-82cd-7500c47b64ea,9f5bc8e2-205a-47ef-a912-fabcb03b8912
b012b4ba-42d8-41fc-8316-136f231a0dd4,4ad1360b-29ba-4c7d-906b-7b08bc77e2fc
7de989cc-45f1-4ea3-ba3b-f8bd2dde95e1,06741083-7058-40ff-afbf-31bc92dc8d28
2d531f15-c604-4204-83b0-844c38b73e49,5ad4640c-9793-452c-9152-69eda617c95f
451979a6-b73e-4f09-8f2c-904361d98583,30b49527-30c4-4639-9bed-8367bcdd287f
ba4772e2-915b-430d-b7dd-4f2cf36c6eef,0401b7de-ab6a-4fb3-a11b-f915b5830106
7732ab0b-dd1d-49ab-b4c2-5fcde47065dc,f43d4b92-927a-4474-b4e0-e2f8df57d220
950e125c-3bbc-4503-91d7-ae02e0d49fd5,dddaf8cd-2011-4531-8b6e-82f62c777865
eb3cb75f-3537-4838-9ab1-e8975ebaf067,f980eeb2-43d1-475d-9e86-511e1ba6a647
5d3275a4-be0b-48fd-a152-23d23225feac,957e01fe-6304-41a5-9de3-f8056de9a64c
c1c0d9ad-2e19-4216-be35-16f0b2a9ff3f,8b358a64-9d90-408b-ba3a-39f30418d421
34739a08-a815-4d1d-bea6-261188243ec3,4ad8df38-ce72-43c0-8a9b-87942da85185
be126731-67b8-4ec0-b894-9e712a9c996b,028e927a-f13c-41b5-82fc-334bd8a4de49
aae67b29-3bd8-4d90-959e-2ff86c7aaccb,36f0f2e6-0c68-46ae-888a-21b81acf35a2
589d4ca3-a395-4601-9091-17ba79513d02,69d24b34-a375-48ec-bc52-23c898dc49a4
c21d7258-b3d9-4616-976c-744eed52983f,d8b59474-18ad-4ee4-adf6-ee000bfbcdd2
1844a04b-d463-4a82-8e03-07c2b6e1acc8,99d5be47-2e33-4cf1-8d64-b070f432009e
414c0938-8841-4ed1-863f-8c6edd827c0e,c25142ff-f16b-4736-9d2c-f71d5a2a2b91
0613b94d-53f9-4a39-aad7-d4536db5b2d8,f14b114b-d6c5-4949-8b25-96dc7b49c48a
41bf2ddf-9d80-40d1-a34f-b33345636ce2,a3a621f8-a6c1-4bf4-b936-6247e80dd7de
fd214812-db35-4c21-825c-a82bc35bb50a,9fb22c87-661c-4ef6-9a18-e349cf92590a
11ae1357-1dc3-4a02-a553-7f5ca39f4456,89266bf6-a5f6-4a3f-87f3-856ee90efea9
d01c919c-bce1-4207-892d-c6d24e3f2a79,42a6071d-933c-475b-8803-af6d7e170eda
422a6ea8-a354-436f-a76a-767ffbd51434,4ad1360b-29ba-4c7d-906b-7b08bc77e2fc
d1ce1c3d-7c60-419e-80b6-788f164ea94f,ff623302-92a6-4953-a998-d5e83af2800f
44abfb82-e222-4b2b-b998-ba587e63e7ab,06741083-7058-40ff-afbf-31bc92dc8d28
76917918-dfcd-4181-b17e-8a6217273ea9,5ad4640c-9793-452c-9152-69eda617c95f
a53a3039-bc27-4778-9699-89e9e5f38313,4bd93bad-0639-464d-9595-0b908b3ab80e
865f3ce1-4de8-4be5-92d3-e3a931191c00,bd13968a-5926-47dd-9f66-c33fa67e1831
241d1b2f-aa74-4699-8d8a-78a4dec2f20b,920639d7-4667-4e5f-8e2f-771d330d8d0b
2b00a169-1053-42f3-b223-e39d68762bf1,37f688a9-de55-47c7-b889-21f9dbad60ab
dd83c1c7-e79e-4cb4-8c79-59c2da3e12f6,30b49527-30c4-4639-9bed-8367bcdd287f
a23384e1-cf81-48f7-9437-031ff729e54d,0401b7de-ab6a-4fb3-a11b-f915b5830106
ca0519a6-84af-4a31-8fc3-6377ea5ab7c9,f43d4b92-927a-4474-b4e0-e2f8df57d220
95dc26c5-2752-4ede-8266-25042216825b,dddaf8cd-2011-4531-8b6e-82f62c777865
a8f8f8e4-41b5-4e48-861e-1312e6bb32ba,f980eeb2-43d1-475d-9e86-511e1ba6a647
b14f5272-d2c5-43eb-9ba8-0c59f6934e41,957e01fe-6304-41a5-9de3-f8056de9a64c
b5647285-8ad1-45f9-8996-9348dbd9d589,8b358a64-9d90-408b-ba3a-39f30418d421
6a218c43-fbde-4090-a7e6-70d3436f1820,4ad8df38-ce72-43c0-8a9b-87942da85185
a265b6c9-fc1c-4277-ab0a-5eaa463b4b73,e8545c0b-9a0b-45d9-818a-85a15340715b
da8f3721-1f4d-4455-a848-caf3f870a610,23f2fcdc-d385-42b6-a353-9b036bf5fa87
b91ae6da-9f0f-4c22-b4ad-b588cf64ab65,78fd78b7-cf16-40e4-b6d4-4ceb10601749
19fc455f-58da-4e44-9165-3f7e9ce64236,25d2c443-f340-4f1e-9a28-c9423988237c
9c0c0541-b455-4e72-8dc8-a786b0083161,028e927a-f13c-41b5-82fc-334bd8a4de49
b6fda162-cbec-498d-87ff-65687290b563,f6c1ab31-8d26-4f7d-ab65-fc8b7108adef
1e256446-d905-4a52-9772-1dd0646516d6,36f0f2e6-0c68-46ae-888a-21b81acf35a2
7564e78a-8457-463b-8476-db20cbb9145e,69d24b34-a375-48ec-bc52-23c898dc49a4
914c7aeb-3b95-4fee-be3d-b4515f90f293,d8b59474-18ad-4ee4-adf6-ee000bfbcdd2
16dc30ad-2829-4403-9e0c-41ee515e7907,89266bf6-a5f6-4a3f-87f3-856ee90efea9
5a1dabf5-7091-4e39-8c5c-1d320c9de8eb,1f6e8f62-d144-4634-8138-1534a9191404
da5ec270-0ca4-455c-8706-dbb4805fa01a,06741083-7058-40ff-afbf-31bc92dc8d28
42ac891b-d159-4fce-8cd8-4c4be7214d4a,5ad4640c-9793-452c-9152-69eda617c95f
07cdd684-6d81-4285-8b58-c1f950ad5436,4bd93bad-0639-464d-9595-0b908b3ab80e
dc5c86a3-328a-47b7-a4c7-9aef676024a0,bd13968a-5926-47dd-9f66-c33fa67e1831
3944004c-2c4a-45f7-8d05-fe5423b59155,920639d7-4667-4e5f-8e2f-771d330d8d0b
ac39458b-9387-4242-bb4a-a7e4899b6add,37f688a9-de55-47c7-b889-21f9dbad60ab
bd709394-c155-4827-a7d1-a414da0dbc93,30b49527-30c4-4639-9bed-8367bcdd287f
f4f8ad96-de8a-4389-9d9a-eb467a697a57,0401b7de-ab6a-4fb3-a11b-f915b5830106
2426ffac-b4e8-4d4f-9f79-62ecc38f2ee6,f43d4b92-927a-4474-b4e0-e2f8df57d220
b5d0d362-4200-4fa5-8dd2-9883a08af95c,dddaf8cd-2011-4531-8b6e-82f62c777865
4b5e39f2-c18c-447b-b323-6c38c0d2076c,f980eeb2-43d1-475d-9e86-511e1ba6a647
6f758d5d-7939-4fbf-8843-9f6d11e84cee,4cd7d044-abec-4571-ae61-5dbb728487dc
f1a83831-243f-4af4-bd72-ab91ffe9f2ae,957e01fe-6304-41a5-9de3-f8056de9a64c
0d21ddb2-e0fe-4a40-b03e-3c1bc2b64562,8b358a64-9d90-408b-ba3a-39f30418d421
4cfca48c-b88d-4055-8f34-1ca193317ed6,4ad8df38-ce72-43c0-8a9b-87942da85185
3a0773f4-9812-4f71-87c4-876961d4b2a2,e8545c0b-9a0b-45d9-818a-85a15340715b
f90a4d81-9311-4e4f-88b5-f61a1edf82d4,23f2fcdc-d385-42b6-a353-9b036bf5fa87
61b67617-f40b-4862-9567-c321d9e041c3,78fd78b7-cf16-40e4-b6d4-4ceb10601749
55d7bd7a-7148-45e8-8b7d-dcf1a3c9ebc4,25d2c443-f340-4f1e-9a28-c9423988237c
97bd315f-6176-47bb-8696-ae21cfaaa55d,957e01fe-6304-41a5-9de3-f8056de9a64c
f71e244a-ea28-4e41-9251-223a3d835964,78fd78b7-cf16-40e4-b6d4-4ceb10601749
7268cef3-510e-4587-9549-cd95c8de59ce,99d5be47-2e33-4cf1-8d64-b070f432009e
2586f3a4-236d-4904-8346-2edc94c99604,9fb22c87-661c-4ef6-9a18-e349cf92590a
18cf7ba2-1760-49ab-993f-53689c1b96f7,ff623302-92a6-4953-a998-d5e83af2800f
20ed200b-7771-4733-9261-9b4b0e0711c1,4bd93bad-0639-464d-9595-0b908b3ab80e
9b1ff857-8655-412c-a7b0-200d76b29dc6,89266bf6-a5f6-4a3f-87f3-856ee90efea9
8243992f-0ae2-40b2-9426-b9260b1573bc,ff623302-92a6-4953-a998-d5e83af2800f
be2bc5c2-302e-4158-826c-093c074c4b4d,5ad4640c-9793-452c-9152-69eda617c95f
bee2f212-da3d-490b-a28d-bf2abdb6b665,4bd93bad-0639-464d-9595-0b908b3ab80e
09a74f58-c1a8-43e5-b08a-dc5ecb8f294b,0401b7de-ab6a-4fb3-a11b-f915b5830106
17aa2971-5778-4d48-92dd-156edb96ceca,f980eeb2-43d1-475d-9e86-511e1ba6a647
f8876c32-8ee7-4a28-a20f-1e0f25fb1489,957e01fe-6304-41a5-9de3-f8056de9a64c
7de0b2e9-b85b-44d7-ba77-3a09e64fe1b3,4ad8df38-ce72-43c0-8a9b-87942da85185
dd364309-15f3-4022-9116-5e54bdac9492,e8545c0b-9a0b-45d9-818a-85a15340715b
1029d6bd-1e1b-49a7-bf82-eef05117b912,23f2fcdc-d385-42b6-a353-9b036bf5fa87
1e5698b0-56ae-4e8d-93f0-5e793143690f,78fd78b7-cf16-40e4-b6d4-4ceb10601749
4db9f4b8-923c-49a5-bfd3-14ee1b66c282,36f0f2e6-0c68-46ae-888a-21b81acf35a2
aee9b7a6-dd41-4893-878e-7e65f080eba2,99d5be47-2e33-4cf1-8d64-b070f432009e
6b2a3388-ebef-4aac-84ad-1a061f0cf303,f14b114b-d6c5-4949-8b25-96dc7b49c48a
d7fcdd9c-c52b-4e0d-bdb5-96b7be981fb2,a3a621f8-a6c1-4bf4-b936-6247e80dd7de
50737508-90a7-4182-8d87-22ad271821a1,9fb22c87-661c-4ef6-9a18-e349cf92590a
6f009765-e49e-4843-b9f9-c3249482c206,89266bf6-a5f6-4a3f-87f3-856ee90efea9
f1990321-0031-4afb-9896-1209c4070479,ff623302-92a6-4953-a998-d5e83af2800f
4cc0e245-656f-41a6-bdf4-ba3a7c24037d,78fd78b7-cf16-40e4-b6d4-4ceb10601749
7c33d056-133a-455e-b391-4420918d8ada,36f0f2e6-0c68-46ae-888a-21b81acf35a2
51cab385-4b9a-4115-a3b7-0891ef1187d0,5ad4640c-9793-452c-9152-69eda617c95f
a4997f02-3edc-4f0f-97de-eeea54e8d594,4bd93bad-0639-464d-9595-0b908b3ab80e
7eaf83f4-1268-4754-a11b-96ccf1aa7e51,920639d7-4667-4e5f-8e2f-771d330d8d0b
a37e18c8-e83e-4a6a-a863-8098cd6e35b3,0401b7de-ab6a-4fb3-a11b-f915b5830106
77cb683c-b861-4474-8f34-7180a71c90f0,f43d4b92-927a-4474-b4e0-e2f8df57d220
5b6af4f3-81f7-48d6-8ee5-407015067d67,f980eeb2-43d1-475d-9e86-511e1ba6a647
589b31b2-c2f4-48af-92db-9fe212350c5e,e8545c0b-9a0b-45d9-818a-85a15340715b
c2183d76-b93a-4e07-9c05-b0c91e78ee40,23f2fcdc-d385-42b6-a353-9b036bf5fa87
71251185-67ff-423e-970f-c2cfd31c71cc,78fd78b7-cf16-40e4-b6d4-4ceb10601749
d8d9ddce-abc8-449b-8d56-2b27eeac330b,25d2c443-f340-4f1e-9a28-c9423988237c
6232bcfe-955b-4772-8b7c-bae20a596e86,0401b7de-ab6a-4fb3-a11b-f915b5830106
51ada872-3a1a-43a2-84fa-7355ba791c4a,36f0f2e6-0c68-46ae-888a-21b81acf35a2
030e03f2-fd1e-4ecc-9474-8f5077697d7f,36f0f2e6-0c68-46ae-888a-21b81acf35a2
401e77ef-9fe4-468f-bffc-95878af32468,dd38bd74-b208-4d3f-a41c-38f4e438885a
b033779f-e067-4821-97fb-3b6b82a6557a,c25142ff-f16b-4736-9d2c-f71d5a2a2b91
d5badca5-aa6f-4c3f-b4ae-cb420c294b6d,ff623302-92a6-4953-a998-d5e83af2800f
c422f9df-5b4e-49fd-9b52-095cb0cd68d1,35cbaeef-3852-40b0-87e1-6a598029de53
6b5ae06c-be10-4bf4-986c-24259b18cc8c,4bd93bad-0639-464d-9595-0b908b3ab80e
afc0b35e-abbc-43c9-8ed9-e74f2b4ce7ee,bd13968a-5926-47dd-9f66-c33fa67e1831
8d956997-48ad-418f-a4e2-8e0b539e0ad8,920639d7-4667-4e5f-8e2f-771d330d8d0b
d72aa3a0-fe25-4f72-9d9a-8b296d5f2eee,37f688a9-de55-47c7-b889-21f9dbad60ab
5171f67a-37a2-4b00-95f3-a4db99cdca70,e8545c0b-9a0b-45d9-818a-85a15340715b
cd841e5c-0235-4df1-a8b8-fb7720380e9b,23f2fcdc-d385-42b6-a353-9b036bf5fa87
e6251743-f726-4527-80e0-94246b60ca06,78fd78b7-cf16-40e4-b6d4-4ceb10601749
0b88e89a-977b-4612-a0bb-4c11a1df4e92,25d2c443-f340-4f1e-9a28-c9423988237c
aeb84803-577d-43b3-ad93-086e12535101,1f7ba084-5259-499f-b280-35e3e7278f62
139d2371-e5fe-4d64-a0b8-fe0b5cba6880,99d5be47-2e33-4cf1-8d64-b070f432009e
81cda58e-4252-4d26-b6ae-4edbc182bbdc,34c69479-d1d1-403e-89ae-67779da09040
7c147c39-7327-4994-9c95-ab41a6f45606,c25142ff-f16b-4736-9d2c-f71d5a2a2b91
0717cd23-e22f-4450-b43d-bd9d36447bfe,f14b114b-d6c5-4949-8b25-96dc7b49c48a
701d4270-fc75-4592-aefb-0a22c659eeb6,a3a621f8-a6c1-4bf4-b936-6247e80dd7de
d6fdfcb1-1601-4943-88bc-080620238ec6,7acd5600-1cc3-410d-8d8c-4f977585be98
48fd3e7c-0407-4d9c-8350-c5b143178033,9fb22c87-661c-4ef6-9a18-e349cf92590a
10d24425-d238-49c8-8199-cab76a786c06,42a6071d-933c-475b-8803-af6d7e170eda
2afb735c-8660-41af-bad1-a6e99b022ded,9f5bc8e2-205a-47ef-a912-fabcb03b8912
105904b3-5174-44d1-b330-ed8e0cdb0ebe,4ad1360b-29ba-4c7d-906b-7b08bc77e2fc
c4795826-2a11-400b-b674-539f5e6ea8bf,ff623302-92a6-4953-a998-d5e83af2800f
5ded53d5-72ab-4d0a-a72e-1cb5fbf3d2c6,35cbaeef-3852-40b0-87e1-6a598029de53
bfe32076-914f-4600-95ea-5ad88cdff4f8,69d24b34-a375-48ec-bc52-23c898dc49a4
7b5c02b9-4144-4de5-a7d1-452256433db1,c25142ff-f16b-4736-9d2c-f71d5a2a2b91
04724ed9-013b-498c-afcd-038c6a6fd92a,99d5be47-2e33-4cf1-8d64-b070f432009e
ad78c143-fdaa-4099-bafb-11be329f8e4d,f14b114b-d6c5-4949-8b25-96dc7b49c48a
22aa4937-8cea-40bb-b841-c2ed3de78206,a3a621f8-a6c1-4bf4-b936-6247e80dd7de
e2a84649-8776-4c5f-9c13-d056e5e1145b,9fb22c87-661c-4ef6-9a18-e349cf92590a
b19106af-c2b9-489e-acf6-8a3277f87d2e,89266bf6-a5f6-4a3f-87f3-856ee90efea9
c953c38b-f2ff-41de-977c-2ebc4cc89021,ff623302-92a6-4953-a998-d5e83af2800f
295e36cd-5fb6-417c-aa7f-46692691ace3,957e01fe-6304-41a5-9de3-f8056de9a64c
5e2c5ae4-3beb-4749-a820-5f81769011d4,4ad8df38-ce72-43c0-8a9b-87942da85185
cac1fd2f-ea91-4db3-87ac-457084e2a971,99d5be47-2e33-4cf1-8d64-b070f432009e
f40fe4da-61f2-4d7d-8b7b-c03796972ee5,9fb22c87-661c-4ef6-9a18-e349cf92590a
dbab5cf3-30ab-4c37-8ef5-5d89b6ea19f3,5ad4640c-9793-452c-9152-69eda617c95f
0f4eb05e-e757-4007-bca2-1f25e9a3ceb7,4bd93bad-0639-464d-9595-0b908b3ab80e
c7b0e605-0201-4d2d-b41d-99fbda53e8b4,920639d7-4667-4e5f-8e2f-771d330d8d0b
2d2fd25e-fa0f-41f5-81dc-780e8c5b0455,0401b7de-ab6a-4fb3-a11b-f915b5830106
f445963a-f7f8-45a3-9a39-ededced15acb,f43d4b92-927a-4474-b4e0-e2f8df57d220
35e272ed-8cd7-475e-a57d-a6a0d66046dc,f980eeb2-43d1-475d-9e86-511e1ba6a647
4f88d8f9-ddf9-4e80-a390-861e24d6735e,957e01fe-6304-41a5-9de3-f8056de9a64c
c329cf66-8c8d-4a36-9508-ec8fc3a23d6f,4ad8df38-ce72-43c0-8a9b-87942da85185
be9e7c1a-2486-4041-92a8-f3bd61f15ec7,e8545c0b-9a0b-45d9-818a-85a15340715b
6fb92d82-793b-4a82-8fe9-c1a975af8476,23f2fcdc-d385-42b6-a353-9b036bf5fa87
749dcf5c-944d-495f-b737-00465bb3d565,36f0f2e6-0c68-46ae-888a-21b81acf35a2
ab87d31f-5e8e-4a83-8603-2b07b7146f0f,957e01fe-6304-41a5-9de3-f8056de9a64c
7a44b019-258a-4c5f-acf6-6080308e0a7e,23f2fcdc-d385-42b6-a353-9b036bf5fa87
c1aaf3ad-2001-45ab-b5a6-82a45a8abc80,78fd78b7-cf16-40e4-b6d4-4ceb10601749
03268d4d-a397-45e3-ac0d-543353698b3d,1f7ba084-5259-499f-b280-35e3e7278f62
56daa05f-e849-4099-8288-ae0e6b88ca3a,34c69479-d1d1-403e-89ae-67779da09040
51faa7fe-570d-470e-a2ab-91438a88d6ea,7acd5600-1cc3-410d-8d8c-4f977585be98
5faf9cc6-8e03-4c0b-9f64-5514e784f150,1f6e8f62-d144-4634-8138-1534a9191404
899f5cab-c667-4d10-9f8b-e1e2ec32ffa0,9f5bc8e2-205a-47ef-a912-fabcb03b8912
5a0e707d-0831-469b-986d-d104a86b6e97,35cbaeef-3852-40b0-87e1-6a598029de53
796003b9-54dd-4034-9787-6192b09b9831,4cd7d044-abec-4571-ae61-5dbb728487dc
663a1f68-edbf-4c1f-9295-f7d8a1940e36,23f2fcdc-d385-42b6-a353-9b036bf5fa87
19afe4f5-d0af-4dcc-81a3-45fb91cd39a0,5ad4640c-9793-452c-9152-69eda617c95f
d5690aa6-5cb7-41fd-a195-027f2dc34518,f980eeb2-43d1-475d-9e86-511e1ba6a647
