archive,code,fond,inventory,file,title,tags,years
ДАЖО,1-78-4545,1,78,4545,"Метрична книга. Церква Святого Архистратига Михаїла, с. Верба Вербської вол. ВолодимирВолинського пов.",метрична книга|народження|шлюб|смерть,1807-1811
ДАЖО,1-78-1807,1,78,1807,"Метрична книга. Церква Святого Архистратига Михаїла, с. Олеськ Олеської вол. ВолодимирВолинського пов.",метрична книга|народження|шлюб|смерть,1802-1807
ДАЖО,1-74-654,1,74,654,"Метрична книга. Церква Покрови Пресвятої Богородиці, м. Козин Крупецької вол. Ду­бенського пов.",метрична книга|народження|шлюб|смерть,1843-1847
ДАЖО,1-74-659,1,74,659,"Метрична книга. Церква Покрови Пресвятої Богородиці, м. Козин Крупецької вол. Ду­бенського пов.",метрична книга|народження|шлюб|смерть,1843-1847
ДАЖО,1-74-660,1,74,660,"Метрична книга. Церква Покрови Пресвятої Богородиці, м. Козин Крупецької вол. Ду­бенського пов.",метрична книга|народження|шлюб|смерть,1843-1847
ДАЖО,1-74-665,1,74,665,"Метрична книга. Церква Покрови Пресвятої Богородиці, м. Козин Крупецької вол. Ду­бенського пов.",метрична книга|народження|шлюб|смерть,1843-1847
ДАЖО,1-74-668,1,74,668,"Метрична книга. Церква Покрови Пресвятої Богородиці, м. Козин Крупецької вол. Ду­бенського пов.",метрична книга|народження|шлюб|смерть,1843-1847
ДАЖО,1-74-653,1,74,653,"Метрична книга. Церква Хрестовоздвиженська, с. Чекне Ярославицької вол. Дубенського пов.",метрична книга|народження|шлюб|смерть,1818-1818
ДАЖО,581-1-1,581,1,1,"Церковні примірники. Церква Василівська, с. Бабушки П’ятківської вол. Житомирського пов.",,1823-1839
ДАЖО,581-1-2,581,1,2,"Церковні примірники. Церква Василівська, с. Бабушки П’ятківської вол. Житомирського пов.",,1840-1862
ДАЖО,1-76-2028,1,76,2028,"Метрична книга. Церква Свято-Дмитрівська, с. Буки Фасівської вол. Житомирського пов.",метрична книга|шлюб,1880-1880
ДАЖО,1-76-2011,1,76,2011,"Метрична книга. Церква Свято-Дмитрівська, с. Буки Фасівської вол. Житомирського пов.",метрична книга|смерть,1870-1873
ДАЖО,1-76-2137,1,76,2137,"Метрична книга. Церква Свято-Покровська, с. Великий Гальчин Андрушівської вол. Житомирського пов.",метрична книга|народження|шлюб|смерть,1898-1919
ДАЖО,1-76-2146,1,76,2146,"Метрична книга. Церква Свято-Покровська, с. Великий Гальчин Андрушівської вол. Житомирського пов.",метрична книга|народження|шлюб|смерть,1889-1919
ДАЖО,1-76-723,1,76,723,"Метрична книга. Церква Покровська, с. Вереси Черняхівської вол. Житомирського пов.",метрична книга|шлюб|смерть,1869-1916
ДАЖО,1-76-741,1,76,741,"Метрична книга. Церква Покровська, с. Вереси Черняхівської вол. Житомирського пов.",метрична книга|шлюб|смерть,1869-1916
ДАЖО,1-76-759,1,76,759,"Метрична книга. Церква Покровська, с. Вереси Черняхівської вол. Житомирського пов.",метрична книга|шлюб|смерть,1869-1916
ДАЖО,1-76-778,1,76,778,"Метрична книга. Церква Покровська, с. Вереси Черняхівської вол. Житомирського пов.",метрична книга|шлюб|смерть,1869-1916
ДАЖО,1-76-796,1,76,796,"Метрична книга. Церква Покровська, с. Вереси Черняхівської вол. Житомирського пов.",метрична книга|шлюб|смерть,1869-1916
ДАЖО,1-76-814,1,76,814,"Метрична книга. Церква Покровська, с. Вереси Черняхівської вол. Житомирського пов.",метрична книга|шлюб|смерть,1869-1916
ДАЖО,1-76-830,1,76,830,"Метрична книга. Церква Покровська, с. Вереси Черняхівської вол. Житомирського пов.",метрична книга|шлюб|смерть,1869-1916
ДАЖО,1-76-846,1,76,846,"Метрична книга. Церква Покровська, с. Вереси Черняхівської вол. Житомирського пов.",метрична книга|народження|шлюб|смерть,1869-1918
ДАЖО,1-76-862,1,76,862,"Метрична книга. Церква Покровська, с. Вереси Черняхівської вол. Житомирського пов.",метрична книга|шлюб|смерть,1869-1916
ДАЖО,1-76-879,1,76,879,"Метрична книга. Церква Покровська, с. Вереси Черняхівської вол. Житомирського пов.",метрична книга|шлюб|смерть,1869-1916
ДАЖО,1-76-893,1,76,893,"Метрична книга. Церква Покровська, с. Вереси Черняхівської вол. Житомирського пов.",метрична книга|шлюб|смерть,1869-1916
ДАЖО,1-76-911,1,76,911,"Метрична книга. Церква Покровська, с. Вереси Черняхівської вол. Житомирського пов.",метрична книга|шлюб|смерть,1869-1916
ДАЖО,1-76-926А,1,76,926А,"Метрична книга. Церква Покровська, с. Вереси Черняхівської вол. Житомирського пов.",метрична книга|шлюб|смерть,1869-1916
ДАЖО,1-76-937,1,76,937,"Метрична книга. Церква Покровська, с. Вереси Черняхівської вол. Житомирського пов.",метрична книга|шлюб|смерть,1869-1916
ДАЖО,1-76-956,1,76,956,"Метрична книга. Церква Покровська, с. Вереси Черняхівської вол. Житомирського пов.",метрична книга|шлюб|смерть,1869-1916
ДАЖО,1-76-974,1,76,974,"Метрична книга. Церква Покровська, с. Вереси Черняхівської вол. Житомирського пов.",метрична книга|народження|шлюб|смерть,1869-1916
ДАЖО,1-76-993,1,76,993,"Метрична книга. Церква Покровська, с. Вереси Черняхівської вол. Житомирського пов.",метрична книга|шлюб|смерть,1869-1916
ДАЖО,1-76-1013,1,76,1013,"Метрична книга. Церква Покровська, с. Вереси Черняхівської вол. Житомирського пов.",метрична книга|шлюб|смерть,1869-1916
ДАЖО,1-76-1033,1,76,1033,"Метрична книга. Церква Покровська, с. Вереси Черняхівської вол. Житомирського пов.",метрична книга|шлюб|смерть,1869-1916
ДАЖО,1-76-1054,1,76,1054,"Метрична книга. Церква Покровська, с. Вереси Черняхівської вол. Житомирського пов.",метрична книга|народження|шлюб|смерть,1869-1918
ДАЖО,1-76-1069,1,76,1069,"Метрична книга. Церква Покровська, с. Вереси Черняхівської вол. Житомирського пов.",метрична книга|шлюб|смерть,1869-1916
ДАЖО,1-7-562,1,7,562,"Метрична книга. Церква Троїцька, с. Високе Бежівської вол. Житомирського пов.",метрична книга|народження|шлюб|смерть,1862-1862
ДАЖО,584-1-1,584,1,1,"Церковні примірники. Церква Хрестовоздвиженська, с. Галіївка Янушпільської вол. Житомирського пов.",,1854-1867
ДАЖО,1-76-724,1,76,724,"Метрична книга. Церква [назва невідома], с. Великий Гальчин Андрушівської вол. Житомирського пов.",метрична книга|народження|шлюб|смерть,1886-1915
ДАЖО,1-76-760,1,76,760,"Метрична книга. Церква [назва невідома], с. Великий Гальчин Андрушівської вол. Житомирського пов.",метрична книга|народження|шлюб|смерть,1896-1918
ДАЖО,1-76-779,1,76,779,"Метрична книга. Церква [назва невідома], с. Великий Гальчин Андрушівської вол. Житомирського пов.",метрична книга|народження|шлюб|смерть,1896-1918
ДАЖО,1-76-797,1,76,797,"Метрична книга. Церква [назва невідома], с. Великий Гальчин Андрушівської вол. Житомирського пов.",метрична книга|народження|шлюб|смерть,1896-1918
ДАЖО,1-76-815,1,76,815,"Метрична книга. Церква [назва невідома], с. Великий Гальчин Андрушівської вол. Житомирського пов.",метрична книга|народження|шлюб|смерть,1896-1918
ДАЖО,1-76-831,1,76,831,"Метрична книга. Церква [назва невідома], с. Великий Гальчин Андрушівської вол. Житомирського пов.",метрична книга|народження|шлюб|смерть,1898-1918
ДАЖО,1-76-863,1,76,863,"Метрична книга. Церква [назва невідома], с. Великий Гальчин Андрушівської вол. Житомирського пов.",метрична книга|народження|шлюб|смерть,1898-1918
ДАЖО,1-76-880,1,76,880,"Метрична книга. Церква [назва невідома], с. Великий Гальчин Андрушівської вол. Житомирського пов.",метрична книга|народження|шлюб|смерть,1889-1919
ДАЖО,1-76-894,1,76,894,"Метрична книга. Церква [назва невідома], с. Великий Гальчин Андрушівської вол. Житомирського пов.",метрична книга|народження|шлюб|смерть,1898-1918
ДАЖО,1-76-912,1,76,912,"Метрична книга. Церква [назва невідома], с. Великий Гальчин Андрушівської вол. Житомирського пов.",метрична книга|народження|шлюб|смерть,1898-1918
ДАЖО,1-76-926Б,1,76,926Б,"Метрична книга. Церква [назва невідома], с. Великий Гальчин Андрушівської вол. Житомирського пов.",метрична книга|народження|шлюб|смерть,1896-1918
ДАЖО,1-76-938,1,76,938,"Метрична книга. Церква [назва невідома], с. Великий Гальчин Андрушівської вол. Житомирського пов.",метрична книга|народження|шлюб|смерть,1898-1918
ДАЖО,1-76-957,1,76,957,"Метрична книга. Церква [назва невідома], с. Великий Гальчин Андрушівської вол. Житомирського пов.",метрична книга|народження|шлюб|смерть,1898-1918
ДАЖО,1-76-976,1,76,976,"Метрична книга. Церква [назва невідома], с. Великий Гальчин Андрушівської вол. Житомирського пов.",метрична книга|народження|шлюб|смерть,1898-1918
ДАЖО,1-76-995,1,76,995,"Метрична книга. Церква [назва невідома], с. Великий Гальчин Андрушівської вол. Житомирського пов.",метрична книга|народження|шлюб|смерть,1898-1918
ДАЖО,1-76-1014,1,76,1014,"Метрична книга. Церква [назва невідома], с. Великий Гальчин Андрушівської вол. Житомирського пов.",метрична книга|народження|шлюб|смерть,1898-1918
ДАЖО,1-76-1036,1,76,1036,"Метрична книга. Церква [назва невідома], с. Великий Гальчин Андрушівської вол. Житомирського пов.",метрична книга|народження|шлюб|смерть,1898-1918
ДАЖО,1-76-1070,1,76,1070,"Метрична книга. Церква [назва невідома], с. Великий Гальчин Андрушівської вол. Житомирського пов.",метрична книга|народження|шлюб|смерть,1889-1919
ДАЖО,1-76-1075,1,76,1075,"Метрична книга. Церква [назва невідома], с. Великий Гальчин Андрушівської вол. Житомирського пов.",метрична книга|народження|шлюб|смерть,1898-1918
ДАЖО,1-76-939,1,76,939,"Метрична книга. Церква Свято-Дмитрівська, с. Городище П’ятківської вол. Житомир­сько­го",метрична книга|народження|шлюб|смерть,1896-1915
ДАЖО,1-76-958,1,76,958,"Метрична книга. Церква Свято-Дмитрівська, с. Городище П’ятківської вол. Житомир­сько­го",метрична книга|народження|шлюб|смерть,1889-1919
ДАЖО,1-76-996,1,76,996,"Метрична книга. Церква Свято-Дмитрівська, с. Городище П’ятківської вол. Житомир­сько­го",метрична книга|народження|шлюб|смерть,1896-1915
ДАЖО,1-76-1016,1,76,1016,"Метрична книга. Церква Свято-Дмитрівська, с. Городище П’ятківської вол. Житомир­сько­го",метрична книга|народження|шлюб|смерть,1896-1915
ДАЖО,1-76-1037,1,76,1037,"Метрична книга. Церква Свято-Дмитрівська, с. Городище П’ятківської вол. Житомир­сько­го",метрична книга|народження|шлюб|смерть,1889-1919
ДАЖО,1-76-1056,1,76,1056,"Метрична книга. Церква Свято-Дмитрівська, с. Городище П’ятківської вол. Житомир­сько­го",метрична книга|народження|шлюб|смерть,1909-1915
ДАЖО,1-76-742,1,76,742,"Метрична книга. Церква Покровська, с. Гринівці Мотовилівської вол. Житомирського пов.",метрична книга|народження|шлюб|смерть,1896-1915
ДАЖО,1-76-832,1,76,832,"Метрична книга. Церква Покровська, с. Гринівці Мотовилівської вол. Житомирського пов.",метрична книга|народження|шлюб|смерть,1889-1919
ДАЖО,1-76-848,1,76,848,"Метрична книга. Церква Покровська, с. Гринівці Мотовилівської вол. Житомирського пов.",метрична книга|народження|шлюб|смерть,1889-1919
ДАЖО,1-76-864,1,76,864,"Метрична книга. Церква Покровська, с. Гринівці Мотовилівської вол. Житомирського пов.",метрична книга|народження|шлюб|смерть,1889-1919
ДАЖО,1-76-895,1,76,895,"Метрична книга. Церква Покровська, с. Гринівці Мотовилівської вол. Житомирського пов.",метрична книга|народження|шлюб|смерть,1889-1919
ДАЖО,1-76-913,1,76,913,"Метрична книга. Церква Покровська, с. Гринівці Мотовилівської вол. Житомирського пов.",метрична книга|народження|шлюб|смерть,1889-1919
ДАЖО,1-76-1055,1,76,1055,"Метрична книга. Церква Покровська, с. Гринівці Мотовилівської вол. Житомирського пов.",метрична книга|народження|шлюб|смерть,1896-1915
ДАЖО,1-76-725,1,76,725,"Метрична книга. Церква Хрестовоздвиженська, с. Дідківці Чуднівської вол. Житомирського пов.",метрична книга|народження|шлюб|смерть,1889-1919
ДАЖО,1-76-743,1,76,743,"Метрична книга. Церква Хрестовоздвиженська, с. Дідківці Чуднівської вол. Житомирського пов.",метрична книга|народження|шлюб|смерть,1889-1919
ДАЖО,1-76-761,1,76,761,"Метрична книга. Церква Хрестовоздвиженська, с. Дідківці Чуднівської вол. Житомирського пов.",метрична книга|народження|шлюб|смерть,1889-1919
ДАЖО,1-76-780,1,76,780,"Метрична книга. Церква Хрестовоздвиженська, с. Дідківці Чуднівської вол. Житомирського пов.",метрична книга|народження|шлюб|смерть,1889-1919
ДАЖО,1-76-798,1,76,798,"Метрична книга. Церква Хрестовоздвиженська, с. Дідківці Чуднівської вол. Житомирського пов.",метрична книга|народження|шлюб|смерть,1889-1919
ДАЖО,1-76-816,1,76,816,"Метрична книга. Церква Хрестовоздвиженська, с. Дідківці Чуднівської вол. Житомирського пов.",метрична книга|народження|шлюб|смерть,1889-1919
ДАЖО,1-76-926В,1,76,926В,"Метрична книга. Церква Хрестовоздвиженська, с. Дідківці Чуднівської вол. Житомирського пов.",метрична книга|народження|шлюб|смерть,1889-1919
ДАЖО,1-76-940,1,76,940,"Метрична книга. Церква Хрестовоздвиженська, с. Дідківці Чуднівської вол. Житомирського пов.",метрична книга|народження|шлюб|смерть,1889-1919
ДАЖО,1-76-997,1,76,997,"Метрична книга. Церква Хрестовоздвиженська, с. Дідківці Чуднівської вол. Житомирського пов.",метрична книга|народження|шлюб|смерть,1889-1919
ДАЖО,1-76-1017,1,76,1017,"Метрична книга. Церква Хрестовоздвиженська, с. Дідківці Чуднівської вол. Житомирського пов.",метрична книга|народження|шлюб|смерть,1889-1919
ДАЖО,1-76-1956,1,76,1956,"Метрична книга. Церква Хрестовоздвиженська, с. Дідківці Чуднівської вол. Житомирського пов.",метрична книга|народження|шлюб|смерть,1889-1919
ДАЖО,1-76-1076,1,76,1076,"Метрична книга. Церква Хрестовоздвиженська, с. Дідківці Чуднівської вол. Житомирського пов.",метрична книга|народження|шлюб|смерть,1889-1919
ДАЖО,1-76-2138,1,76,2138,"Метрична книга. Церква Хрестовоздвиженська, с. Дідківці Чуднівської вол. Житомирського пов.",метрична книга|народження|шлюб|смерть,1889-1919
ДАЖО,1-76-817,1,76,817,"Метрична книга. Церква Свято-Михайлівська, с. Жеребки Янушпільскої вол. Житомирського пов.",метрична книга|народження|шлюб|смерть,1894-1903
ДАЖО,1-76-833,1,76,833,"Метрична книга. Церква Свято-Михайлівська, с. Жеребки Янушпільскої вол. Житомирського пов.",метрична книга|народження|шлюб|смерть,1894-1903
ДАЖО,1-76-914,1,76,914,"Метрична книга. Церква Свято-Михайлівська, с. Жеребки Янушпільскої вол. Житомирського пов.",метрична книга|народження|шлюб|смерть,1907-1907
ДАЖО,1-76-998,1,76,998,"Метрична книга. Церква Свято-Михайлівська, с. Жеребки Янушпільскої вол. Житомирського пов.",метрична книга|народження|шлюб|смерть,1912-1912
ДАЖО,1-76-1038,1,76,1038,"Метрична книга. Церква Свято-Михайлівська, с. Жеребки Янушпільскої вол. Житомирського пов.",метрична книга|народження|шлюб|смерть,1914-1915
ДАЖО,1-76-727,1,76,727,"Метрична книга. Церква Різдва Богородиці, с. Кириївка Мотовилівської вол. Житомирського пов.",метрична книга|народження|шлюб,1891-1915
ДАЖО,1-76-745,1,76,745,"Метрична книга. Церква Різдва Богородиці, с. Кириївка Мотовилівської вол. Житомирського пов.",метрична книга|народження|шлюб,1891-1915
ДАЖО,1-76-764,1,76,764,"Метрична книга. Церква Різдва Богородиці, с. Кириївка Мотовилівської вол. Житомирського пов.",метрична книга|народження|шлюб,1891-1915
ДАЖО,1-76-783,1,76,783,"Метрична книга. Церква Різдва Богородиці, с. Кириївка Мотовилівської вол. Житомирського пов.",метрична книга|народження|шлюб,1891-1915
ДАЖО,1-76-800,1,76,800,"Метрична книга. Церква Різдва Богородиці, с. Кириївка Мотовилівської вол. Житомирського пов.",метрична книга|народження|шлюб,1891-1915
ДАЖО,1-76-818,1,76,818,"Метрична книга. Церква Різдва Богородиці, с. Кириївка Мотовилівської вол. Житомирського пов.",метрична книга|народження|шлюб,1891-1915
ДАЖО,1-76-834,1,76,834,"Метрична книга. Церква Різдва Богородиці, с. Кириївка Мотовилівської вол. Житомирського пов.",метрична книга|народження|шлюб,1891-1915
ДАЖО,1-76-849,1,76,849,"Метрична книга. Церква Різдва Богородиці, с. Кириївка Мотовилівської вол. Житомирського пов.",метрична книга|народження|шлюб,1891-1915
ДАЖО,1-76-866,1,76,866,"Метрична книга. Церква Різдва Богородиці, с. Кириївка Мотовилівської вол. Житомирського пов.",метрична книга|народження|шлюб,1891-1915
ДАЖО,1-76-881,1,76,881,"Метрична книга. Церква Різдва Богородиці, с. Кириївка Мотовилівської вол. Житомирського пов.",метрична книга|народження|шлюб,1891-1915
ДАЖО,1-76-896,1,76,896,"Метрична книга. Церква Різдва Богородиці, с. Кириївка Мотовилівської вол. Житомирського пов.",метрична книга|народження|шлюб,1891-1915
ДАЖО,1-76-915,1,76,915,"Метрична книга. Церква Різдва Богородиці, с. Кириївка Мотовилівської вол. Житомирського пов.",метрична книга|народження|шлюб,1891-1915
ДАЖО,1-76-926Г,1,76,926Г,"Метрична книга. Церква Різдва Богородиці, с. Кириївка Мотовилівської вол. Житомирського пов.",метрична книга|народження|шлюб,1891-1915
ДАЖО,1-76-942,1,76,942,"Метрична книга. Церква Різдва Богородиці, с. Кириївка Мотовилівської вол. Житомирського пов.",метрична книга|народження|шлюб,1891-1915
ДАЖО,1-76-961,1,76,961,"Метрична книга. Церква Різдва Богородиці, с. Кириївка Мотовилівської вол. Житомирського пов.",метрична книга|народження|шлюб,1891-1915
ДАЖО,1-76-979,1,76,979,"Метрична книга. Церква Різдва Богородиці, с. Кириївка Мотовилівської вол. Житомирського пов.",метрична книга|народження|шлюб,1891-1915
ДАЖО,1-76-1001,1,76,1001,"Метрична книга. Церква Різдва Богородиці, с. Кириївка Мотовилівської вол. Житомирського пов.",метрична книга|народження|шлюб,1891-1915
ДАЖО,1-76-1021,1,76,1021,"Метрична книга. Церква Різдва Богородиці, с. Кириївка Мотовилівської вол. Житомирського пов.",метрична книга|народження|шлюб,1891-1915
ДАЖО,1-76-1040,1,76,1040,"Метрична книга. Церква Різдва Богородиці, с. Кириївка Мотовилівської вол. Житомирського пов.",метрична книга|народження|шлюб,1891-1915
ДАЖО,1-76-1058,1,76,1058,"Метрична книга. Церква Різдва Богородиці, с. Кириївка Мотовилівської вол. Житомирського пов.",метрична книга|народження|шлюб,1891-1915
ДАЖО,1-76-2039,1,76,2039,"Метрична книга. Церква Свято-Михайлівська, с. Краєвщина Горошківської вол. Житомирського пов.",метрична книга|шлюб|смерть,1884-1884
ДАЖО,1-76-735,1,76,735,"Метрична книга. Церква Свято-Михайлівська, с. Мала Татарнівка Озадівської вол. Житомирського пов. Міжархівний довідник",метрична книга|народження|шлюб|смерть,1869-1915
ДАЖО,1-76-754,1,76,754,"Метрична книга. Церква Свято-Михайлівська, с. Мала Татарнівка Озадівської вол. Житомирського пов. Міжархівний довідник",метрична книга|народження|шлюб|смерть,1869-1915
ДАЖО,1-76-772,1,76,772,"Метрична книга. Церква Свято-Михайлівська, с. Мала Татарнівка Озадівської вол. Житомирського пов. Міжархівний довідник",метрична книга|народження|шлюб|смерть,1869-1915
ДАЖО,1-76-790,1,76,790,"Метрична книга. Церква Свято-Михайлівська, с. Мала Татарнівка Озадівської вол. Житомирського пов. Міжархівний довідник",метрична книга|народження|шлюб|смерть,1869-1915
ДАЖО,1-76-808,1,76,808,"Метрична книга. Церква Свято-Михайлівська, с. Мала Татарнівка Озадівської вол. Житомирського пов. Міжархівний довідник",метрична книга|народження|шлюб|смерть,1869-1915
ДАЖО,1-76-826,1,76,826,"Метрична книга. Церква Свято-Михайлівська, с. Мала Татарнівка Озадівської вол. Житомирського пов. Міжархівний довідник",метрична книга|народження|шлюб|смерть,1869-1919
ДАЖО,1-76-840,1,76,840,"Метрична книга. Церква Свято-Михайлівська, с. Мала Татарнівка Озадівської вол. Житомирського пов. Міжархівний довідник",метрична книга|народження|шлюб|смерть,1869-1915
ДАЖО,1-76-856,1,76,856,"Метрична книга. Церква Свято-Михайлівська, с. Мала Татарнівка Озадівської вол. Житомирського пов. Міжархівний довідник",метрична книга|народження|шлюб|смерть,1869-1915
ДАЖО,1-76-874,1,76,874,"Метрична книга. Церква Свято-Михайлівська, с. Мала Татарнівка Озадівської вол. Житомирського пов. Міжархівний довідник",метрична книга|народження|шлюб|смерть,1869-1915
ДАЖО,1-76-888,1,76,888,"Метрична книга. Церква Свято-Михайлівська, с. Мала Татарнівка Озадівської вол. Житомирського пов. Міжархівний довідник",метрична книга|народження|шлюб|смерть,1869-1915
ДАЖО,1-76-904,1,76,904,"Метрична книга. Церква Свято-Михайлівська, с. Мала Татарнівка Озадівської вол. Житомирського пов. Міжархівний довідник",метрична книга|народження|шлюб|смерть,1869-1915
ДАЖО,1-76-921,1,76,921,"Метрична книга. Церква Свято-Михайлівська, с. Мала Татарнівка Озадівської вол. Житомирського пов. Міжархівний довідник",метрична книга|народження|шлюб|смерть,1869-1915
ДАЖО,1-76-933,1,76,933,"Метрична книга. Церква Свято-Михайлівська, с. Мала Татарнівка Озадівської вол. Житомирського пов. Міжархівний довідник",метрична книга|народження|шлюб|смерть,1869-1919
ДАЖО,1-76-949,1,76,949,"Метрична книга. Церква Свято-Михайлівська, с. Мала Татарнівка Озадівської вол. Житомирського пов. Міжархівний довідник",метрична книга|народження|шлюб|смерть,1869-1915
ДАЖО,1-76-968,1,76,968,"Метрична книга. Церква Свято-Михайлівська, с. Мала Татарнівка Озадівської вол. Житомирського пов. Міжархівний довідник",метрична книга|народження|шлюб|смерть,1869-1915
ДАЖО,1-76-988,1,76,988,"Метрична книга. Церква Свято-Михайлівська, с. Мала Татарнівка Озадівської вол. Житомирського пов. Міжархівний довідник",метрична книга|народження|шлюб|смерть,1869-1915
ДАЖО,1-76-1008,1,76,1008,"Метрична книга. Церква Свято-Михайлівська, с. Мала Татарнівка Озадівської вол. Житомирського пов. Міжархівний довідник",метрична книга|народження|шлюб|смерть,1869-1915
ДАЖО,1-76-1026,1,76,1026,"Метрична книга. Церква Свято-Михайлівська, с. Мала Татарнівка Озадівської вол. Житомирського пов. Міжархівний довідник",метрична книга|народження|шлюб|смерть,1869-1915
ДАЖО,1-76-1047,1,76,1047,"Метрична книга. Церква Свято-Михайлівська, с. Мала Татарнівка Озадівської вол. Житомирського пов. Міжархівний довідник",метрична книга|народження|шлюб|смерть,1869-1915
ДАЖО,1-76-1067,1,76,1067,"Метрична книга. Церква Свято-Михайлівська, с. Мала Татарнівка Озадівської вол. Житомирського пов. Міжархівний довідник",метрична книга|народження|шлюб|смерть,1869-1915
ДАЖО,582-1-2,582,1,2,"Церковні примірники. Церква [назва невідома], с. Мотрунки Крансопільської вол. Житомирського пов.",,1833-1850
ДАЖО,1-76-2014,1,76,2014,"Метрична книга. Церква Покровська, с. Нова Котельня Котельнянської вол. Житомирського пов.",метрична книга|шлюб|смерть,1873-1873
ДАЖО,1-76-2006,1,76,2006,"Метрична книга. Церква Покровська, с. Нова Котельня Котельнянської вол. Житомирського пов.",метрична книга|смерть,1868-1868
ДАЖО,1-7-6,1,7,6,"Метрична книга. Церква Покровська, с. Рачки Озадівської вол. Житомирського пов.",метрична книга|народження|шлюб|смерть,1803-1808
ДАЖО,1-7-551,1,7,551,"Метрична книга. Церква Покровська, с. Рачки Озадівської вол. Житомирського пов.",метрична книга|народження|шлюб|смерть,1803-1808
ДАЖО,1-7-7,1,7,7,"Метрична книга. Церква Покровська, с. Рачки Озадівської вол. Житомирського пов.",метрична книга|народження|шлюб|смерть,1803-1808
ДАЖО,1-7-9,1,7,9,"Метрична книга. Церква Покровська, с. Рачки Озадівської вол. Житомирського пов.",метрична книга|народження|шлюб|смерть,1803-1808
ДАЖО,1-7-11,1,7,11,"Метрична книга. Церква Покровська, с. Рачки Озадівської вол. Житомирського пов.",метрична книга|народження|шлюб|смерть,1803-1808
ДАЖО,1-7-13,1,7,13,"Метрична книга. Церква Покровська, с. Рачки Озадівської вол. Житомирського пов.",метрична книга|народження|шлюб|смерть,1803-1808
ДАЖО,1-77-08,1,77,08,"Метрична книга. Церква Покровська, с. Рачки Озадівської вол. Житомирського пов.",метрична книга|народження|шлюб|смерть,1869-1919
ДАЖО,1-76-733,1,76,733,"Метрична книга. Церква Троїцька, с. Слободище П’ятківської вол. Житомирського пов.",метрична книга|народження|шлюб|смерть,1896-1915
ДАЖО,1-76-752,1,76,752,"Метрична книга. Церква Троїцька, с. Слободище П’ятківської вол. Житомирського пов.",метрична книга|народження|шлюб|смерть,1896-1915
ДАЖО,1-76-771,1,76,771,"Метрична книга. Церква Троїцька, с. Слободище П’ятківської вол. Житомирського пов.",метрична книга|народження|шлюб|смерть,1896-1915
ДАЖО,1-76-788,1,76,788,"Метрична книга. Церква Троїцька, с. Слободище П’ятківської вол. Житомирського пов.",метрична книга|народження|шлюб|смерть,1896-1915
ДАЖО,1-76-807,1,76,807,"Метрична книга. Церква Троїцька, с. Слободище П’ятківської вол. Житомирського пов.",метрична книга|народження|шлюб|смерть,1896-1915
ДАЖО,1-76-825,1,76,825,"Метрична книга. Церква Троїцька, с. Слободище П’ятківської вол. Житомирського пов.",метрична книга|народження|шлюб|смерть,1896-1915
ДАЖО,1-76-839,1,76,839,"Метрична книга. Церква Троїцька, с. Слободище П’ятківської вол. Житомирського пов.",метрична книга|народження|шлюб|смерть,1896-1915
ДАЖО,1-76-855,1,76,855,"Метрична книга. Церква Троїцька, с. Слободище П’ятківської вол. Житомирського пов.",метрична книга|народження|шлюб|смерть,1896-1915
ДАЖО,1-76-872,1,76,872,"Метрична книга. Церква Троїцька, с. Слободище П’ятківської вол. Житомирського пов.",метрична книга|народження|шлюб|смерть,1896-1915
ДАЖО,1-76-887,1,76,887,"Метрична книга. Церква Троїцька, с. Слободище П’ятківської вол. Житомирського пов.",метрична книга|народження|шлюб|смерть,1896-1915
ДАЖО,1-76-906,1,76,906,"Метрична книга. Церква Троїцька, с. Слободище П’ятківської вол. Житомирського пов.",метрична книга|народження|шлюб|смерть,1896-1915
ДАЖО,1-76-919,1,76,919,"Метрична книга. Церква Троїцька, с. Слободище П’ятківської вол. Житомирського пов.",метрична книга|народження|шлюб|смерть,1896-1915
ДАЖО,1-76-931,1,76,931,"Метрична книга. Церква Троїцька, с. Слободище П’ятківської вол. Житомирського пов.",метрична книга|народження|шлюб|смерть,1896-1915
ДАЖО,1-76-948,1,76,948,"Метрична книга. Церква Троїцька, с. Слободище П’ятківської вол. Житомирського пов.",метрична книга|народження|шлюб|смерть,1896-1915
ДАЖО,1-76-967,1,76,967,"Метрична книга. Церква Троїцька, с. Слободище П’ятківської вол. Житомирського пов.",метрична книга|народження|шлюб|смерть,1896-1915
ДАЖО,1-76-1006,1,76,1006,"Метрична книга. Церква Троїцька, с. Слободище П’ятківської вол. Житомирського пов.",метрична книга|народження|шлюб|смерть,1896-1915
ДАЖО,1-76-1027,1,76,1027,"Метрична книга. Церква Троїцька, с. Слободище П’ятківської вол. Житомирського пов.",метрична книга|народження|шлюб|смерть,1896-1915
ДАЖО,1-76-1046,1,76,1046,"Метрична книга. Церква Троїцька, с. Слободище П’ятківської вол. Житомирського пов.",метрична книга|народження|шлюб|смерть,1896-1915
ДАЖО,1-76-1064,1,76,1064,"Метрична книга. Церква Троїцька, с. Слободище П’ятківської вол. Житомирського пов.",метрична книга|народження|шлюб|смерть,1896-1915
ДАЖО,1-76-907,1,76,907,"Метрична книга. Церква Святої Параскеви, с. Стрибіж Пулинської вол. Житомирського пов.",метрична книга|народження|шлюб|смерть,1905-1915
ДАЖО,1-76-920,1,76,920,"Метрична книга. Церква Святої Параскеви, с. Стрибіж Пулинської вол. Житомирського пов.",метрична книга|народження|шлюб|смерть,1905-1915
ДАЖО,1-76-932,1,76,932,"Метрична книга. Церква Святої Параскеви, с. Стрибіж Пулинської вол. Житомирського пов.",метрична книга|народження|шлюб|смерть,1905-1915
ДАЖО,1-76-987,1,76,987,"Метрична книга. Церква Святої Параскеви, с. Стрибіж Пулинської вол. Житомирського пов.",метрична книга|народження|шлюб|смерть,1905-1915
ДАЖО,1-76-1007,1,76,1007,"Метрична книга. Церква Святої Параскеви, с. Стрибіж Пулинської вол. Житомирського пов.",метрична книга|народження|шлюб|смерть,1905-1915
ДАЖО,1-76-1065,1,76,1065,"Метрична книга. Церква Святої Параскеви, с. Стрибіж Пулинської вол. Житомирського пов.",метрична книга|народження|шлюб|смерть,1905-1915
ДАЖО,1-7-56,1,7,56,"Метрична книга. Церква Спасопреображенська, с. Тригір’я Троянівської вол. Житомирського пов.",метрична книга|народження|шлюб|смерть,1869-1874
ДАЖО,1-7-57,1,7,57,"Метрична книга. Церква Спасопреображенська, с. Тригір’я Троянівської вол. Житомирського пов.",метрична книга|народження|шлюб|смерть,1869-1874
ДАЖО,1-7-93,1,7,93,"Метрична книга. Церква Спасопреображенська, с. Тригір’я Троянівської вол. Житомирського пов.",метрична книга|народження|шлюб|смерть,1869-1874
ДАЖО,1-7-97,1,7,97,"Метрична книга. Церква Спасопреображенська, с. Тригір’я Троянівської вол. Житомирського пов.",метрична книга|народження|шлюб|смерть,1869-1874
ДАЖО,1-7-70,1,7,70,"Метрична книга. Церква Спасопреображенська, с. Тригір’я Троянівської вол. Житомирського пов.",метрична книга|народження|шлюб|смерть,1869-1874
ДАЖО,1-7-75,1,7,75,"Метрична книга. Церква Спасопреображенська, с. Тригір’я Троянівської вол. Житомирського пов.",метрична книга|народження|шлюб|смерть,1869-1874
ДАЖО,1-7-34,1,7,34,"Метрична книга. Церква Покровська, с. Тулин Котелянської вол. Житомирського пов.",метрична книга|народження|шлюб|смерть,1822-1825
ДАЖО,1-7-35,1,7,35,"Метрична книга. Церква Покровська, с. Тулин Котелянської вол. Житомирського пов.",метрична книга|народження|шлюб|смерть,1822-1825
ДАЖО,1-7-37,1,7,37,"Метрична книга. Церква Покровська, с. Тулин Котелянської вол. Житомирського пов.",метрична книга|народження|шлюб|смерть,1822-1825
ДАЖО,1-7-39,1,7,39,"Метрична книга. Церква Покровська, с. Тулин Котелянської вол. Житомирського пов.",метрична книга|народження|шлюб|смерть,1822-1825
ДАЖО,1-76-736,1,76,736,"Метрична книга. Церква Олександра Невського, с. Турчинівка П’ятківської вол. Житомирського пов.",метрична книга|народження|шлюб|смерть,1869-1919
ДАЖО,1-76-753,1,76,753,"Метрична книга. Церква Олександра Невського, с. Турчинівка П’ятківської вол. Житомирського пов.",метрична книга|народження|шлюб|смерть,1869-1919
ДАЖО,1-76-773,1,76,773,"Метрична книга. Церква Олександра Невського, с. Турчинівка П’ятківської вол. Житомирського пов.",метрична книга|народження|шлюб|смерть,1869-1919
ДАЖО,1-76-791,1,76,791,"Метрична книга. Церква Олександра Невського, с. Турчинівка П’ятківської вол. Житомирського пов.",метрична книга|народження|шлюб|смерть,1869-1919
ДАЖО,1-76-809,1,76,809,"Метрична книга. Церква Олександра Невського, с. Турчинівка П’ятківської вол. Житомирського пов.",метрична книга|народження|шлюб|смерть,1869-1919
ДАЖО,1-76-841,1,76,841,"Метрична книга. Церква Олександра Невського, с. Турчинівка П’ятківської вол. Житомирського пов.",метрична книга|народження|шлюб|смерть,1869-1919
ДАЖО,1-76-857,1,76,857,"Метрична книга. Церква Олександра Невського, с. Турчинівка П’ятківської вол. Житомирського пов.",метрична книга|народження|шлюб|смерть,1869-1919
ДАЖО,1-76-876,1,76,876,"Метрична книга. Церква Олександра Невського, с. Турчинівка П’ятківської вол. Житомирського пов.",метрична книга|народження|шлюб|смерть,1869-1919
ДАЖО,1-76-889,1,76,889,"Метрична книга. Церква Олександра Невського, с. Турчинівка П’ятківської вол. Житомирського пов.",метрична книга|народження|шлюб|смерть,1869-1919
ДАЖО,1-76-905,1,76,905,"Метрична книга. Церква Олександра Невського, с. Турчинівка П’ятківської вол. Житомирського пов.",метрична книга|народження|шлюб|смерть,1869-1919
ДАЖО,1-76-922,1,76,922,"Метрична книга. Церква Олександра Невського, с. Турчинівка П’ятківської вол. Житомирського пов.",метрична книга|народження|шлюб|смерть,1869-1919
ДАЖО,1-76-950,1,76,950,"Метрична книга. Церква Олександра Невського, с. Турчинівка П’ятківської вол. Житомирського пов.",метрична книга|народження|шлюб|смерть,1869-1919
ДАЖО,1-76-970,1,76,970,"Метрична книга. Церква Олександра Невського, с. Турчинівка П’ятківської вол. Житомирського пов.",метрична книга|народження|шлюб|смерть,1869-1919
ДАЖО,1-76-989,1,76,989,"Метрична книга. Церква Олександра Невського, с. Турчинівка П’ятківської вол. Житомирського пов.",метрична книга|народження|шлюб|смерть,1869-1919
ДАЖО,1-76-1009,1,76,1009,"Метрична книга. Церква Олександра Невського, с. Турчинівка П’ятківської вол. Житомирського пов.",метрична книга|народження|шлюб|смерть,1869-1919
ДАЖО,1-76-1029,1,76,1029,"Метрична книга. Церква Олександра Невського, с. Турчинівка П’ятківської вол. Житомирського пов.",метрична книга|народження|шлюб|смерть,1869-1919
ДАЖО,1-76-1049,1,76,1049,"Метрична книга. Церква Олександра Невського, с. Турчинівка П’ятківської вол. Житомирського пов.",метрична книга|народження|шлюб|смерть,1869-1919
ДАЖО,1-76-1066,1,76,1066,"Метрична книга. Церква Олександра Невського, с. Турчинівка П’ятківської вол. Житомирського пов.",метрична книга|народження|шлюб|смерть,1869-1919
ДАЖО,1-76-1073,1,76,1073,"Метрична книга. Церква Олександра Невського, с. Турчинівка П’ятківської вол. Житомирського пов.",метрична книга|народження|шлюб|смерть,1869-1919
ДАЖО,1-76-1079,1,76,1079,"Метрична книга. Церква Олександра Невського, с. Турчинівка П’ятківської вол. Житомирського пов.",метрична книга|народження|шлюб|смерть,1856-1919
ДАЖО,1-76-2151,1,76,2151,"Метрична книга. Церква Олександра Невського, с. Турчинівка П’ятківської вол. Житомирського пов.",метрична книга|народження|шлюб|смерть,1869-1919
ДАЖО,579-1-1,579,1,1,"Церковні примірники. Церква Олександра Невського, с. Турчинівка П’ятківської вол. Житомирського пов.",,1779-1828
ДАЖО,579-1-2,579,1,2,"Церковні примірники. Церква Олександра Невського, с. Турчинівка П’ятківської вол. Житомирського пов.",,1829-1845
ДАЖО,579-1-4,579,1,4,"Церковні примірники. Церква Олександра Невського, с. Турчинівка П’ятківської вол. Житомирського пов.",,1846-1859
ДАЖО,1-76-951,1,76,951,"Метрична книга. Церква Різдва Богородиці, с. Тютюнники П’ятківської вол. Житомирського пов.",метрична книга|народження|шлюб|смерть,1869-1919
ДАЖО,1-76-990,1,76,990,"Метрична книга. Церква Різдва Богородиці, с. Тютюнники П’ятківської вол. Житомирського пов.",метрична книга|народження|шлюб|смерть,1869-1919
ДАЖО,1-76-1074,1,76,1074,"Метрична книга. Церква Різдва Богородиці, с. Тютюнники П’ятківської вол. Житомирського пов.",метрична книга|народження|шлюб|смерть,1856-1919
ДАЖО,1-76-2143,1,76,2143,"Метрична книга. Церква Різдва Богородиці, с. Тютюнники П’ятківської вол. Житомирського пов.",метрична книга|народження|шлюб|смерть,1869-1919
ДАЖО,590-1-1,590,1,1,"Церковні примірники. Церква Хрестовоздвиженська, м-ко Червоне Солотвинської вол. Житомирського пов.",,1799-1819
ДАЖО,590-1-2,590,1,2,"Церковні примірники. Церква Хрестовоздвиженська, м-ко Червоне Солотвинської вол. Житомирського пов.",,1801-1832
ДАЖО,590-1-6,590,1,6,"Церковні примірники. Церква Хрестовоздвиженська, м-ко Червоне Солотвинської вол. Житомирського пов.",,1820-1845
ДАЖО,1-76-738,1,76,738,"Метрична книга. Церква Різдва Богородиці, с. Шумськ Троянівської вол. Житомирського пов.",метрична книга|народження|шлюб|смерть,1856-1919
ДАЖО,1-76-756,1,76,756,"Метрична книга. Церква Різдва Богородиці, с. Шумськ Троянівської вол. Житомирського пов.",метрична книга|народження|шлюб|смерть,1856-1919
ДАЖО,1-76-775,1,76,775,"Метрична книга. Церква Різдва Богородиці, с. Шумськ Троянівської вол. Житомирського пов.",метрична книга|народження|шлюб|смерть,1856-1919
ДАЖО,1-76-793,1,76,793,"Метрична книга. Церква Різдва Богородиці, с. Шумськ Троянівської вол. Житомирського пов.",метрична книга|народження|шлюб|смерть,1856-1919
ДАЖО,1-76-811,1,76,811,"Метрична книга. Церква Різдва Богородиці, с. Шумськ Троянівської вол. Житомирського пов.",метрична книга|народження|шлюб|смерть,1856-1919
ДАЖО,1-76-828,1,76,828,"Метрична книга. Церква Різдва Богородиці, с. Шумськ Троянівської вол. Житомирського пов.",метрична книга|народження|шлюб|смерть,1856-1919
ДАЖО,1-76-843,1,76,843,"Метрична книга. Церква Різдва Богородиці, с. Шумськ Троянівської вол. Житомирського пов.",метрична книга|народження|шлюб|смерть,1856-1919
ДАЖО,1-76-859,1,76,859,"Метрична книга. Церква Різдва Богородиці, с. Шумськ Троянівської вол. Житомирського пов.",метрична книга|народження|шлюб|смерть,1856-1919
ДАЖО,1-76-877,1,76,877,"Метрична книга. Церква Різдва Богородиці, с. Шумськ Троянівської вол. Житомирського пов.",метрична книга|народження|шлюб|смерть,1856-1919
ДАЖО,1-76-891,1,76,891,"Метрична книга. Церква Різдва Богородиці, с. Шумськ Троянівської вол. Житомирського пов.",метрична книга|народження|шлюб|смерть,1856-1919
ДАЖО,1-76-909,1,76,909,"Метрична книга. Церква Різдва Богородиці, с. Шумськ Троянівської вол. Житомирського пов.",метрична книга|народження|шлюб|смерть,1856-1919
ДАЖО,1-76-924,1,76,924,"Метрична книга. Церква Різдва Богородиці, с. Шумськ Троянівської вол. Житомирського пов.",метрична книга|народження|шлюб|смерть,1856-1919
ДАЖО,1-76-935,1,76,935,"Метрична книга. Церква Різдва Богородиці, с. Шумськ Троянівської вол. Житомирського пов.",метрична книга|народження|шлюб|смерть,1856-1919
ДАЖО,1-76-952,1,76,952,"Метрична книга. Церква Різдва Богородиці, с. Шумськ Троянівської вол. Житомирського пов.",метрична книга|народження|шлюб|смерть,1856-1919
ДАЖО,1-76-971А,1,76,971А,"Метрична книга. Церква Різдва Богородиці, с. Шумськ Троянівської вол. Житомирського пов.",метрична книга|народження|шлюб|смерть,1856-1919
ДАЖО,1-76-991,1,76,991,"Метрична книга. Церква Різдва Богородиці, с. Шумськ Троянівської вол. Житомирського пов.",метрична книга|народження|шлюб|смерть,1856-1919
ДАЖО,1-76-1011,1,76,1011,"Метрична книга. Церква Різдва Богородиці, с. Шумськ Троянівської вол. Житомирського пов.",метрична книга|народження|шлюб|смерть,1856-1919
ДАЖО,1-76-1031,1,76,1031,"Метрична книга. Церква Різдва Богородиці, с. Шумськ Троянівської вол. Житомирського пов.",метрична книга|народження|шлюб|смерть,1856-1919
ДАЖО,1-76-1051,1,76,1051,"Метрична книга. Церква Різдва Богородиці, с. Шумськ Троянівської вол. Житомирського пов.",метрична книга|народження|шлюб|смерть,1856-1919
ДАЖО,1-76-1068,1,76,1068,"Метрична книга. Церква Різдва Богородиці, с. Шумськ Троянівської вол. Житомирського пов.",метрична книга|народження|шлюб|смерть,1856-1919
ДАЖО,1-76-2144,1,76,2144,"Метрична книга. Церква Троїцька, с. Янківці Коднянської вол. Житомирського пов.",метрична книга|народження|шлюб|смерть,1873-1919
ДАЖО,1-1-20,1,1,20,"Метрична книга. Церква Св. Миколая, м-ка Камінь-Каширський",метрична книга|народження|шлюб|смерть,1839-1839
ДАЖО,1-1-26,1,1,26,"Метрична книга. Церква Св. Архистратига Михаїла, с. Кругель Старокошарської вол. Ковель­ського пов.",метрична книга|народження|шлюб|смерть,1839-1839
ДАЖО,1-78-1869,1,78,1869,"Метрична книга. Церква Св. Архистратига Михаїла, с. Бірки Борецької вол. Кременецького пов.",метрична книга|народження|шлюб|смерть,1868-1868
ДАЖО,1-91-514,1,91,514,"Церковні примірники. Церква Собору Пресвятої Богородиці, с. Опарипси Радзивилівської вол. Кре­менецького пов.",,1891-1894
ДАЖО,1-78-7767,1,78,7767,"Метрична книга. Церква Різдва Пресвятої Богородиці, с. Сураж Шумської вол. Кременецького пов.",метрична книга|народження|шлюб|смерть,1844-1848
ДАЖО,1-87-900,1,87,900,"Метрична книга. Церква Святого Луки, с. Вигуричі Чаруківської вол. Луцького пов.",метрична книга|народження|шлюб|смерть,1841-1846
ДАЖО,1-87-904,1,87,904,"Метрична книга. Церква Святого Луки, с. Вигуричі Чаруківської вол. Луцького пов.",метрична книга|народження|шлюб|смерть,1841-1846
ДАЖО,1-87-905,1,87,905,"Метрична книга. Церква Святого Луки, с. Вигуричі Чаруківської вол. Луцького пов.",метрична книга|народження|шлюб|смерть,1841-1846
ДАЖО,1-87-907,1,87,907,"Метрична книга. Церква Святого Луки, с. Вигуричі Чаруківської вол. Луцького пов.",метрична книга|народження|шлюб|смерть,1841-1846
ДАЖО,1-87-909,1,87,909,"Метрична книга. Церква Святого Луки, с. Вигуричі Чаруківської вол. Луцького пов.",метрична книга|народження|шлюб|смерть,1841-1846
ДАЖО,1-87-911,1,87,911,"Метрична книга. Церква Святого Луки, с. Вигуричі Чаруківської вол. Луцького пов.",метрична книга|народження|шлюб|смерть,1841-1846
ДАЖО,1-7-846,1,7,846,"Метрична книга. Церква Покрови Пресвятої Богородиці, с. Крупа Піддубцівської вол. Луцького пов.",метрична книга|народження|шлюб|смерть,1797-1801
ДАЖО,1-91-2160,1,91,2160,"Церковні примірники. Покровська церква, с. Велика Горбаша Новоград-Волинського пов.",,1920-1921
ДАЖО,594-1-1,594,1,1,"Церковні примірники. Свято-Василівська церква, с. Гізівщина Деревицької вол. Новоград-Волинського пов.",,1808-1828
ДАЖО,594-1-2,594,1,2,"Церковні примірники. Свято-Василівська церква, с. Гізівщина Деревицької вол. Новоград-Волинського пов.",,1830-1841
ДАЖО,1-75-429,1,75,429,"Метрична книга. Церква [назва невідома], с. Котелянка Миропільської вол. Новоград-Волинського пов.",метрична книга|народження|шлюб|смерть,1869-1897
ДАЖО,1-75-437,1,75,437,"Метрична книга. Церква [назва невідома], с. Котелянка Миропільської вол. Новоград-Волинського пов.",метрична книга|народження|шлюб|смерть,1869-1897
ДАЖО,1-75-444,1,75,444,"Метрична книга. Церква [назва невідома], с. Котелянка Миропільської вол. Новоград-Волинського пов.",метрична книга|народження|шлюб|смерть,1869-1897
ДАЖО,1-75-452,1,75,452,"Метрична книга. Церква [назва невідома], с. Котелянка Миропільської вол. Новоград-Волинського пов.",метрична книга|народження|шлюб|смерть,1869-1897
ДАЖО,1-75-459,1,75,459,"Метрична книга. Церква [назва невідома], с. Котелянка Миропільської вол. Новоград-Волинського пов.",метрична книга|народження|шлюб|смерть,1869-1897
ДАЖО,1-75-467,1,75,467,"Метрична книга. Церква [назва невідома], с. Котелянка Миропільської вол. Новоград-Волинського пов.",метрична книга|народження|шлюб|смерть,1869-1897
ДАЖО,1-75-474,1,75,474,"Метрична книга. Церква [назва невідома], с. Котелянка Миропільської вол. Новоград-Волинського пов.",метрична книга|народження|шлюб|смерть,1869-1897
ДАЖО,1-75-482,1,75,482,"Метрична книга. Церква [назва невідома], с. Котелянка Миропільської вол. Новоград-Волинського пов.",метрична книга|народження|шлюб|смерть,1869-1897
ДАЖО,1-75-490,1,75,490,"Метрична книга. Церква [назва невідома], с. Котелянка Миропільської вол. Новоград-Волинського пов.",метрична книга|народження|шлюб|смерть,1869-1897
ДАЖО,1-75-499,1,75,499,"Метрична книга. Церква [назва невідома], с. Котелянка Миропільської вол. Новоград-Волинського пов.",метрична книга|народження|шлюб|смерть,1869-1897
ДАЖО,1-75-1317,1,75,1317,"Метрична книга. Церква [назва невідома], с. Котелянка Миропільської вол. Новоград-Волинського пов.",метрична книга|народження|шлюб|смерть,1869-1897
ДАЖО,1-75-1332,1,75,1332,"Метрична книга. Церква [назва невідома], с. Котелянка Миропільської вол. Новоград-Волинського пов.",метрична книга|народження|шлюб|смерть,1869-1897
ДАЖО,1-75-430,1,75,430,"Метрична книга. Церква Святої Параскеви (Різдва Богородиці), с. Липне Ново­чорторийської вол. Новоград-Волинського пов.",метрична книга|народження|шлюб|смерть,1869-1915
ДАЖО,1-75-438,1,75,438,"Метрична книга. Церква Святої Параскеви (Різдва Богородиці), с. Липне Ново­чорторийської вол. Новоград-Волинського пов.",метрична книга|народження|шлюб|смерть,1869-1915
ДАЖО,1-75-445,1,75,445,"Метрична книга. Церква Святої Параскеви (Різдва Богородиці), с. Липне Ново­чорторийської вол. Новоград-Волинського пов.",метрична книга|народження|шлюб|смерть,1869-1915
ДАЖО,1-75-453,1,75,453,"Метрична книга. Церква Святої Параскеви (Різдва Богородиці), с. Липне Ново­чорторийської вол. Новоград-Волинського пов.",метрична книга|народження|шлюб|смерть,1869-1915
ДАЖО,1-75-460,1,75,460,"Метрична книга. Церква Святої Параскеви (Різдва Богородиці), с. Липне Ново­чорторийської вол. Новоград-Волинського пов.",метрична книга|народження|шлюб|смерть,1869-1915
ДАЖО,1-75-468,1,75,468,"Метрична книга. Церква Святої Параскеви (Різдва Богородиці), с. Липне Ново­чорторийської вол. Новоград-Волинського пов.",метрична книга|народження|шлюб|смерть,1869-1915
ДАЖО,1-75-475,1,75,475,"Метрична книга. Церква Святої Параскеви (Різдва Богородиці), с. Липне Ново­чорторийської вол. Новоград-Волинського пов.",метрична книга|народження|шлюб|смерть,1869-1915
ДАЖО,1-75-483,1,75,483,"Метрична книга. Церква Святої Параскеви (Різдва Богородиці), с. Липне Ново­чорторийської вол. Новоград-Волинського пов.",метрична книга|народження|шлюб|смерть,1869-1915
ДАЖО,1-75-491,1,75,491,"Метрична книга. Церква Святої Параскеви (Різдва Богородиці), с. Липне Ново­чорторийської вол. Новоград-Волинського пов.",метрична книга|народження|шлюб|смерть,1869-1915
ДАЖО,1-75-501,1,75,501,"Метрична книга. Церква Святої Параскеви (Різдва Богородиці), с. Липне Ново­чорторийської вол. Новоград-Волинського пов.",метрична книга|народження|шлюб|смерть,1869-1915
ДАЖО,1-75-1318,1,75,1318,"Метрична книга. Церква Святої Параскеви (Різдва Богородиці), с. Липне Ново­чорторийської вол. Новоград-Волинського пов.",метрична книга|народження|шлюб|смерть,1869-1915
ДАЖО,1-75-1334,1,75,1334,"Метрична книга. Церква Святої Параскеви (Різдва Богородиці), с. Липне Ново­чорторийської вол. Новоград-Волинського пов.",метрична книга|народження|шлюб|смерть,1869-1915
ДАЖО,1-75-1348,1,75,1348,"Метрична книга. Церква Святої Параскеви (Різдва Богородиці), с. Липне Ново­чорторийської вол. Новоград-Волинського пов.",метрична книга|шлюб|смерть,1869-1915
ДАЖО,1-75-1361,1,75,1361,"Метрична книга. Церква Святої Параскеви (Різдва Богородиці), с. Липне Ново­чорторийської вол. Новоград-Волинського пов.",метрична книга|шлюб|смерть,1869-1915
ДАЖО,1-75-1376,1,75,1376,"Метрична книга. Церква Святої Параскеви (Різдва Богородиці), с. Липне Ново­чорторийської вол. Новоград-Волинського пов.",метрична книга|шлюб|смерть,1869-1915
ДАЖО,1-75-1390,1,75,1390,"Метрична книга. Церква Святої Параскеви (Різдва Богородиці), с. Липне Ново­чорторийської вол. Новоград-Волинського пов.",метрична книга|шлюб|смерть,1869-1915
ДАЖО,1-75-1405,1,75,1405,"Метрична книга. Церква Святої Параскеви (Різдва Богородиці), с. Липне Ново­чорторийської вол. Новоград-Волинського пов.",метрична книга|шлюб|смерть,1869-1915
ДАЖО,1-75-1418,1,75,1418,"Метрична книга. Церква Святої Параскеви (Різдва Богородиці), с. Липне Ново­чорторийської вол. Новоград-Волинського пов.",метрична книга|народження|шлюб|смерть,1869-1915
ДАЖО,1-75-1428,1,75,1428,"Метрична книга. Церква Святої Параскеви (Різдва Богородиці), с. Липне Ново­чорторийської вол. Новоград-Волинського пов.",метрична книга|шлюб|смерть,1869-1915
ДАЖО,1-75-1439,1,75,1439,"Метрична книга. Церква Святої Параскеви (Різдва Богородиці), с. Липне Ново­чорторийської вол. Новоград-Волинського пов.",метрична книга|шлюб|смерть,1869-1915
ДАЖО,1-75-1450,1,75,1450,"Метрична книга. Церква Святої Параскеви (Різдва Богородиці), с. Липне Ново­чорторийської вол. Новоград-Волинського пов.",метрична книга|шлюб|смерть,1869-1915
ДАЖО,1-75-1462,1,75,1462,"Метрична книга. Церква Святої Параскеви (Різдва Богородиці), с. Липне Ново­чорторийської вол. Новоград-Волинського пов.",метрична книга|шлюб|смерть,1869-1915
ДАЖО,1-75-1474,1,75,1474,"Метрична книга. Церква Святої Параскеви (Різдва Богородиці), с. Липне Ново­чорторийської вол. Новоград-Волинського пов.",метрична книга|шлюб|смерть,1869-1915
ДАЖО,1-75-1487,1,75,1487,"Метрична книга. Церква Святої Параскеви (Різдва Богородиці), с. Липне Ново­чорторийської вол. Новоград-Волинського пов.",метрична книга|шлюб|смерть,1869-1915
ДАЖО,1-75-1498,1,75,1498,"Метрична книга. Церква Святої Параскеви (Різдва Богородиці), с. Липне Ново­чорторийської вол. Новоград-Волинського пов.",метрична книга|шлюб|смерть,1869-1915
ДАЖО,1-75-1510,1,75,1510,"Метрична книга. Церква Святої Параскеви (Різдва Богородиці), с. Липне Ново­чорторийської вол. Новоград-Волинського пов.",метрична книга|шлюб|смерть,1869-1915
ДАЖО,1-75-1522,1,75,1522,"Метрична книга. Церква Святої Параскеви (Різдва Богородиці), с. Липне Ново­чорторийської вол. Новоград-Волинського пов.",метрична книга|шлюб|смерть,1869-1915
ДАЖО,1-75-1534,1,75,1534,"Метрична книга. Церква Святої Параскеви (Різдва Богородиці), с. Липне Ново­чорторийської вол. Новоград-Волинського пов.",метрична книга|шлюб|смерть,1869-1915
ДАЖО,1-75-1546,1,75,1546,"Метрична книга. Церква Святої Параскеви (Різдва Богородиці), с. Липне Ново­чорторийської вол. Новоград-Волинського пов.",метрична книга|шлюб|смерть,1869-1915
ДАЖО,1-75-1556,1,75,1556,"Метрична книга. Церква Святої Параскеви (Різдва Богородиці), с. Липне Ново­чорторийської вол. Новоград-Волинського пов.",метрична книга|шлюб|смерть,1869-1915
ДАЖО,1-75-2092,1,75,2092,"Метрична книга. Миколаївська церква, м-ко Миропіль Миропільської вол. Новоград-Волинського пов.",метрична книга|народження|шлюб|смерть,1869-1915
ДАЖО,1-75-502,1,75,502,"Метрична книга. Миколаївська церква, м-ко Миропіль Миропільської вол. Новоград-Волинського пов.",метрична книга|народження|шлюб|смерть,1869-1915
ДАЖО,1-75-1314,1,75,1314,"Метрична книга. Миколаївська церква, м-ко Миропіль Миропільської вол. Новоград-Волинського пов.",метрична книга|народження|шлюб|смерть,1869-1915
ДАЖО,1-75-1335,1,75,1335,"Метрична книга. Миколаївська церква, м-ко Миропіль Миропільської вол. Новоград-Волинського пов.",метрична книга|народження|шлюб|смерть,1869-1915
ДАЖО,1-75-1349,1,75,1349,"Метрична книга. Миколаївська церква, м-ко Миропіль Миропільської вол. Новоград-Волинського пов.",метрична книга|народження|шлюб|смерть,1869-1915
ДАЖО,1-75-1362,1,75,1362,"Метрична книга. Миколаївська церква, м-ко Миропіль Миропільської вол. Новоград-Волинського пов.",метрична книга|народження|шлюб|смерть,1869-1915
ДАЖО,1-75-1377,1,75,1377,"Метрична книга. Миколаївська церква, м-ко Миропіль Миропільської вол. Новоград-Волинського пов.",метрична книга|народження|шлюб|смерть,1869-1915
ДАЖО,1-75-1391,1,75,1391,"Метрична книга. Миколаївська церква, м-ко Миропіль Миропільської вол. Новоград-Волинського пов.",метрична книга|народження|шлюб|смерть,1869-1915
ДАЖО,1-75-1406,1,75,1406,"Метрична книга. Миколаївська церква, м-ко Миропіль Миропільської вол. Новоград-Волинського пов.",метрична книга|народження|шлюб|смерть,1869-1915
ДАЖО,1-75-1429,1,75,1429,"Метрична книга. Миколаївська церква, м-ко Миропіль Миропільської вол. Новоград-Волинського пов.",метрична книга|народження|шлюб|смерть,1869-1915
ДАЖО,1-75-1440,1,75,1440,"Метрична книга. Миколаївська церква, м-ко Миропіль Миропільської вол. Новоград-Волинського пов.",метрична книга|народження|шлюб|смерть,1869-1915
ДАЖО,1-75-1452,1,75,1452,"Метрична книга. Миколаївська церква, м-ко Миропіль Миропільської вол. Новоград-Волинського пов.",метрична книга|народження|шлюб|смерть,1869-1915
ДАЖО,1-75-1463,1,75,1463,"Метрична книга. Миколаївська церква, м-ко Миропіль Миропільської вол. Новоград-Волинського пов.",метрична книга|народження|шлюб|смерть,1869-1915
ДАЖО,1-75-1475,1,75,1475,"Метрична книга. Миколаївська церква, м-ко Миропіль Миропільської вол. Новоград-Волинського пов.",метрична книга|народження|шлюб|смерть,1869-1915
ДАЖО,1-75-1486,1,75,1486,"Метрична книга. Миколаївська церква, м-ко Миропіль Миропільської вол. Новоград-Волинського пов.",метрична книга|народження|шлюб|смерть,1869-1915
ДАЖО,1-75-1499,1,75,1499,"Метрична книга. Миколаївська церква, м-ко Миропіль Миропільської вол. Новоград-Волинського пов.",метрична книга|народження|шлюб|смерть,1869-1915
ДАЖО,1-75-1511,1,75,1511,"Метрична книга. Миколаївська церква, м-ко Миропіль Миропільської вол. Новоград-Волинського пов.",метрична книга|народження|шлюб|смерть,1869-1915
ДАЖО,1-75-1519,1,75,1519,"Метрична книга. Миколаївська церква, м-ко Миропіль Миропільської вол. Новоград-Волинського пов.",метрична книга|народження|шлюб|смерть,1869-1915
ДАЖО,1-75-1535,1,75,1535,"Метрична книга. Миколаївська церква, м-ко Миропіль Миропільської вол. Новоград-Волинського пов.",метрична книга|народження|шлюб|смерть,1869-1915
ДАЖО,1-75-1547,1,75,1547,"Метрична книга. Миколаївська церква, м-ко Миропіль Миропільської вол. Новоград-Волинського пов.",метрична книга|народження|шлюб|смерть,1869-1915
ДАЖО,1-75-1558,1,75,1558,"Метрична книга. Миколаївська церква, м-ко Миропіль Миропільської вол. Новоград-Волинського пов.",метрична книга|народження|шлюб|смерть,1869-1915
ДАЖО,1-75-1863,1,75,1863,"Церковні примірники. Іоанно-Богословська (Хрестовоздвиженська) церква, с. Орепи Смолдирівської вол. Новоград-Волинського пов.",,1883-1883
ДАЖО,1-75-1351,1,75,1351,"Метрична книга. Церква Різдва Богородиці, м. Рогачів Рогачівської вол. Новоград-Волинського пов.",метрична книга|народження|шлюб|смерть,1898-1914
ДАЖО,1-75-1365,1,75,1365,"Метрична книга. Церква Різдва Богородиці, м. Рогачів Рогачівської вол. Новоград-Волинського пов.",метрична книга|народження|шлюб|смерть,1898-1914
ДАЖО,1-75-1380,1,75,1380,"Метрична книга. Церква Різдва Богородиці, м. Рогачів Рогачівської вол. Новоград-Волинського пов.",метрична книга|народження|шлюб|смерть,1898-1914
ДАЖО,1-75-1396,1,75,1396,"Метрична книга. Церква Різдва Богородиці, м. Рогачів Рогачівської вол. Новоград-Волинського пов.",метрична книга|народження|шлюб|смерть,1898-1914
ДАЖО,1-75-1409,1,75,1409,"Метрична книга. Церква Різдва Богородиці, м. Рогачів Рогачівської вол. Новоград-Волинського пов.",метрична книга|народження|шлюб|смерть,1898-1914
ДАЖО,1-75-1422,1,75,1422,"Метрична книга. Церква Різдва Богородиці, м. Рогачів Рогачівської вол. Новоград-Волинського пов.",метрична книга|народження|шлюб|смерть,1898-1914
ДАЖО,1-75-1433,1,75,1433,"Метрична книга. Церква Різдва Богородиці, м. Рогачів Рогачівської вол. Новоград-Волинського пов.",метрична книга|народження|шлюб|смерть,1898-1914
ДАЖО,1-75-1442,1,75,1442,"Метрична книга. Церква Різдва Богородиці, м. Рогачів Рогачівської вол. Новоград-Волинського пов.",метрична книга|народження|шлюб|смерть,1898-1914
ДАЖО,1-75-1455,1,75,1455,"Метрична книга. Церква Різдва Богородиці, м. Рогачів Рогачівської вол. Новоград-Волинського пов.",метрична книга|народження|шлюб|смерть,1898-1914
ДАЖО,1-75-1466,1,75,1466,"Метрична книга. Церква Різдва Богородиці, м. Рогачів Рогачівської вол. Новоград-Волинського пов.",метрична книга|народження|шлюб|смерть,1898-1914
ДАЖО,1-75-1478,1,75,1478,"Метрична книга. Церква Різдва Богородиці, м. Рогачів Рогачівської вол. Новоград-Волинського пов.",метрична книга|народження|шлюб|смерть,1898-1914
ДАЖО,1-75-1490,1,75,1490,"Метрична книга. Церква Різдва Богородиці, м. Рогачів Рогачівської вол. Новоград-Волинського пов.",метрична книга|народження|шлюб|смерть,1898-1914
ДАЖО,1-75-1502,1,75,1502,"Метрична книга. Церква Різдва Богородиці, м. Рогачів Рогачівської вол. Новоград-Волинського пов.",метрична книга|народження|шлюб|смерть,1898-1914
ДАЖО,1-75-1513А,1,75,1513А,"Метрична книга. Церква Різдва Богородиці, м. Рогачів Рогачівської вол. Новоград-Волинського пов.",метрична книга|народження|шлюб|смерть,1898-1914
ДАЖО,1-75-1526,1,75,1526,"Метрична книга. Церква Різдва Богородиці, м. Рогачів Рогачівської вол. Новоград-Волинського пов.",метрична книга|народження|шлюб|смерть,1898-1914
ДАЖО,1-75-1538,1,75,1538,"Метрична книга. Церква Різдва Богородиці, м. Рогачів Рогачівської вол. Новоград-Волинського пов.",метрична книга|народження|шлюб|смерть,1898-1914
ДАЖО,1-75-1549,1,75,1549,"Метрична книга. Церква Різдва Богородиці, м. Рогачів Рогачівської вол. Новоград-Волинського пов.",метрична книга|народження|шлюб|смерть,1898-1914
ДАЖО,1-77-14756,1,77,14756,"Метрична книга. Преображенська церква, с. Старий Миропіль Миропільської вол. НовоградВолинського пов.",метрична книга|народження|шлюб|смерть,1869-1915
ДАЖО,1-75-434,1,75,434,"Метрична книга. Церква Святого Апостола Іоанна Богослова, с. Хвощівка Берездівської вол. Новоград-Волинського пов.",метрична книга|народження|шлюб|смерть,1869-1887
ДАЖО,1-75-441,1,75,441,"Метрична книга. Церква Святого Апостола Іоанна Богослова, с. Хвощівка Берездівської вол. Новоград-Волинського пов.",метрична книга|народження|шлюб|смерть,1869-1887
ДАЖО,1-75-1842,1,75,1842,"Метрична книга. Церква Покрови Пресвятої Богородиці, с. Юзефівка Остропільської вол. Новоград-Волинського пов.",метрична книга|народження|шлюб|смерть,1839-1839
ДАЖО,1-74-2065,1,74,2065,"Церковні примірники. Церква [назва невідома], с. Будо-Вороб’ї Нововороб’ївскої вол. Овруцького пов.",,1904-1907
ДАЖО,1-77-1277Ф,1,77,1277Ф,"Метрична книга. Церква Олександра Невського, с. Діброва Нововороб’ївської вол. Овруцького пов.",метрична книга|смерть,1908-1912
ДАЖО,1-74-1306,1,74,1306,"Церковні примірники. Церква Святого Миколая, м. Норинськ Норинської вол. Овруцького пов.",,"1813-1822,1894-1897"
ДАЖО,1-74-2526,1,74,2526,"Метрична книга. Церква Святого Василія, м. Овруч Овруцької вол. Овруцького пов.",метрична книга|народження|шлюб|смерть,1825-1825
ДАЖО,1-74-3338,1,74,3338,"Метрична книга. Церква Різдва Пресвятої Богородиці, с. Пашини Іскоростської вол. Овруцького пов.",метрична книга|народження|шлюб|смерть,1859-1862
ДАЖО,1-78-9996,1,78,9996,"Метрична книга. Церква Покрови Пресвятої Богородиці, с. Вільгор Бугринської вол. Острозького пов.",метрична книга|народження|шлюб|смерть,1812-1816
ДАЖО,1-78-11006,1,78,11006,"Метрична книга. Церква Вознесіння Господнього, с. Малий Скнит Довжанської вол. Острозького пов.",метрична книга|народження|шлюб|смерть,1815-1820
ДАЖО,1-87-1023,1,87,1023,"Метрична книга. Церква Різдва Пресвятої Богородиці, с. Подгора Ляховецької вол. Острозького пов.",метрична книга|народження|шлюб|смерть,1824-1828
ДАЖО,1-87-1025,1,87,1025,"Метрична книга. Церква Різдва Пресвятої Богородиці, с. Подгора Ляховецької вол. Острозького пов.",метрична книга|народження|шлюб|смерть,1824-1828
ДАЖО,1-87-1027,1,87,1027,"Метрична книга. Церква Різдва Пресвятої Богородиці, с. Подгора Ляховецької вол. Острозького пов.",метрична книга|народження|шлюб|смерть,1824-1828
ДАЖО,1-78-11699,1,78,11699,"Метрична книга. Церква Святителя і Чудотворця Миколая, м. Березне Березенської вол. Рівненського пов.",метрична книга|смерть,1863-1868
ДАЖО,1-78-11109,1,78,11109,"Метрична книга. Церква Святителя і Чудотворця Миколая, с. Велика Любаша Костопільська вол.",метрична книга|народження|шлюб|смерть,1842-1842
ДАЖО,1-74-1109,1,74,1109,"Метрична книга. Церква Різдва Пресвятої Богородиці, м-ко Домбровиця Домбровицької вол. Рівненського пов.",метрична книга|народження|шлюб|смерть,1841-1846
ДАЖО,1-74-1110,1,74,1110,"Метрична книга. Церква Різдва Пресвятої Богородиці, м-ко Домбровиця Домбровицької вол. Рівненського пов.",метрична книга|народження|шлюб|смерть,1841-1846
ДАЖО,1-74-1116,1,74,1116,"Метрична книга. Церква Різдва Пресвятої Богородиці, м-ко Домбровиця Домбровицької вол. Рівненського пов.",метрична книга|народження|шлюб|смерть,1841-1846
ДАЖО,1-78-11121,1,78,11121,"Метрична книга. Церква Успіння Пресвятої Богородиці, м. Рівне",метрична книга|народження|шлюб|смерть,1847-1851
ДАЖО,1-75-2639,1,75,2639,"Метрична книга. Хрестовоздвиженська церква, с. Волиця Вонсовича Корчівської вол. Старокостянтинівського пов.",метрична книга|смерть,1865-1869
ДАЖО,712-1-6,712,1,6,"Церковні примірники. Церква Святого Миколая, м. Бердичів Бердичівської вол. Бердичівського пов.",,"1807-1807,1809-1810"
ДАЖО,712-1-13,712,1,13,"Церковні примірники. Церква Святого Миколая, м. Бердичів Бердичівської вол. Бердичівського пов.",,1819-1834
ДАЖО,1-78-2133,1,78,2133,"Метрична книга. Церква Святого Великомученика Георгія, м-ко Білилівка Білилівської вол. Бер­дичівського пов.",метрична книга|смерть,1918-1919
ДАЖО,1-78-2135,1,78,2135,"Метрична книга. Церква Святого Великомученика Георгія, м-ко Білилівка Білилівської вол. Бер­дичівського пов.",метрична книга|смерть,1918-1919
ДАЖО,643-1-1,643,1,1,"Церковні примірники. Церква Святого Великомученика Георгія, м-ко Білилівка Білилівської вол. Бер­дичівського пов.",,1844-1849
ДАЖО,643-1-3,643,1,3,"Церковні примірники. Церква Святого Великомученика Георгія, м-ко Білилівка Білилівської вол. Бер­дичівського пов.",,1849-1854
ДАЖО,643-1-4,643,1,4,"Церковні примірники. Церква Святого Великомученика Георгія, м-ко Білилівка Білилівської вол. Бер­дичівського пов.",,1855-1860
ДАЖО,643-1-2,643,1,2,"Церковні примірники. Церква Святого Великомученика Георгія, м-ко Білилівка Білилівської вол. Бер­дичівського пов.",,1848-1858
ДАЖО,644-1-2,644,1,2,"Церковні примірники. Церква Святої Трійці, м-ко Білилівка Білилівської вол. Бердичівського пов.",,1815-1817
ДАЖО,644-1-3,644,1,3,"Церковні примірники. Церква Святої Трійці, м-ко Білилівка Білилівської вол. Бердичівського пов.",,1838-1842
ДАЖО,644-1-4,644,1,4,"Церковні примірники. Церква Святої Трійці, м-ко Білилівка Білилівської вол. Бердичівського пов.",,1843-1848
ДАЖО,651-1-1,651,1,1,"Церковні примірники. Церква Покрови Пресвятої Богородиці, с. Гадомці Пузирецької вол. Бердичівського пов.",,1841-1865
ДАЖО,647-1-1,647,1,1,"Церковні примірники. Церква Іоанна Богослова, с. Журбинці Дубовомахаринецької вол. Бер­дичівського пов.",,1806-1841
ДАЖО,648-1-1,648,1,1,"Церковні примірники. Церква Покрови Пресвятої Богородиці, с. Закутинці Пузирецької вол. Бердичівського пов.",,1839-1862
ДАЖО,661-1-1,661,1,1,"Церковні примірники. Церква Святого Великомученика Димитрія, с. Іванківці Пузирецької вол. Бердичівського пов.",,1843-1864
ДАЖО,661-1-2,661,1,2,"Церковні примірники. Церква Святого Великомученика Димитрія, с. Іванківці Пузирецької вол. Бердичівського пов.",,1855-1862
ДАЖО,672-1-1,672,1,1,"Церковні примірники. Церква Різдва Пресвятої Богородиці, с. Камені Білопільської вол. Бердичівського пов.",,1849-1862
ДАЖО,672-1-2,672,1,2,"Церковні примірники. Церква Різдва Пресвятої Богородиці, с. Камені Білопільської вол. Бердичівського пов.",,1849-1862
ДАЖО,672-1-3,672,1,3,"Церковні примірники. Церква Різдва Пресвятої Богородиці, с. Камені Білопільської вол. Бердичівського пов.",,1849-1862
ДАЖО,670-1-1,670,1,1,"Церковні примірники. Хрестовоздвиженська церква, с. Мала Чернявка Малочернявської вол. Бердичівського пов. Міжархівний довідник",,1852-1862
ДАЖО,670-1-2,670,1,2,"Церковні примірники. Хрестовоздвиженська церква, с. Мала Чернявка Малочернявської вол. Бердичівського пов. Міжархівний довідник",,1852-1862
ДАЖО,670-1-3,670,1,3,"Церковні примірники. Хрестовоздвиженська церква, с. Мала Чернявка Малочернявської вол. Бердичівського пов. Міжархівний довідник",,1852-1862
ДАЖО,678-1-1,678,1,1,"Церковні примірники. Церква [назва невідома], с. Маркуші Бистрицької вол. Бердичівського пов.",,1844-1862
ДАЖО,678-1-2,678,1,2,"Церковні примірники. Церква [назва невідома], с. Маркуші Бистрицької вол. Бердичівського пов.",,1844-1862
ДАЖО,678-1-3,678,1,3,"Церковні примірники. Церква [назва невідома], с. Маркуші Бистрицької вол. Бердичівського пов.",,1844-1871
ДАЖО,676-1-1,676,1,1,"Церковні примірники. Церква Святої Параскеви, с. Попівці Дзюньківської вол. Бердичівського пов.",,1856-1863
ДАЖО,655-1-1,655,1,1,"Церковні примірники. Хрестовоздвиженська церква, с. П’ятигірка Бистрицької вол. Бердичівського пов.",,
ДАЖО,650-1-1,650,1,1,"Церковні примірники. Хрестовоздвиженська церква, с. П’ятигірка Бистрицької вол. Бердичівського пов.",,1815-1820
ДАЖО,671-1-1,671,1,1,"Церковні примірники. Церква Святого Матфія, с. Семенівка Пузирецької вол. Бердичівського пов.",,1812-1834
ДАЖО,649-1-1,649,1,1,"Церковні примірники. Церква Святого Іоанна Богослова, с. Скраглівка Бистрицької вол. Бердичівського пов.",,1861-1870
ДАЖО,677-1-4,677,1,4,"Церковні примірники. Церква Святої Трійці, с. Слободище",,1832-1848
ДАЖО,677-1-5,677,1,5,"Церковні примірники. Церква Святої Трійці, с. Слободище",,1835-1843
ДАЖО,677-1-7,677,1,7,"Церковні примірники. Церква Святої Трійці, с. Слободище",,1849-1857
ДАЖО,657-1-1,657,1,1,"Церковні примірники. Церква Покрови Пресвятої Богородиці, с. Терехова Бистрицької вол. Бердичівського пов.",,1842-1862
ДАЖО,657-1-2,657,1,2,"Церковні примірники. Церква Покрови Пресвятої Богородиці, с. Терехова Бистрицької вол. Бердичівського пов.",,1848-1862
ДАЖО,657-1-3,657,1,3,"Церковні примірники. Церква Покрови Пресвятої Богородиці, с. Терехова Бистрицької вол. Бердичівського пов.",,1848-1865
ДАЖО,645-1-6,645,1,6,"Церковні примірники. Церква Святого Архистратига Михаїла, с. Халаїмгородок Білопільської вол. Бердичівського пов.",,1848-1862
ДАЖО,645-1-7,645,1,7,"Церковні примірники. Церква Святого Архистратига Михаїла, с. Халаїмгородок Білопільської вол. Бердичівського пов.",,1858-1862
ДАЖО,642-1-1,642,1,1,"Церковні примірники. Церква Святого Димитрія, с. Чорнорудка Малочернявської вол. Бердичівського пов.",,1846-1862
ДАЖО,642-1-2,642,1,2,"Церковні примірники. Церква Святого Димитрія, с. Чорнорудка Малочернявської вол. Бердичівського пов.",,1846-1862
ДАЖО,1-77-16634,1,77,16634,"Метрична книга. Церква Святого Архистратига Михаїла, с. Кам’яний Брід Коростишівської вол. Радомисльського пов.",метрична книга|народження|шлюб|смерть,1904-1908
ДАЖО,664-1-1,664,1,1,"Церковні примірники. Церква Святого Архистратига Михаїла, м-ко Вчорайше Бровківської вол. Сквирського пов.",,1841-1855
ДАЖО,664-1-2,664,1,2,"Церковні примірники. Церква Святого Архистратига Михаїла, м-ко Вчорайше Бровківської вол. Сквирського пов.",,1847-1862
ДАЖО,664-1-3,664,1,3,"Церковні примірники. Церква Святого Архистратига Михаїла, м-ко Вчорайше Бровківської вол. Сквирського пов.",,1857-1862
ДАЖО,666-1-2,666,1,2,"Церковні примірники. Церква Святого Пантелеймона, с. Корчмище Ходорківської вол. Сквирського пов.",,1846-1862
ДАЖО,1-77-1995А,1,77,1995А,"Метрична книга. Церква Святого Архистратига Михаїла, с. Малі Лісівці Сквирського пов.",метрична книга|народження|шлюб|смерть,"1879-1879,1884-1884,1888-1888,1892-1892,1895-1895,1912-1912"
ДАЖО,673-1-1,673,1,1,"Церковні примірники. Церква [назва невідома], с. Плоска Ружинської вол. Сквирського пов.",,1844-1856
ДАЖО,178-3-1406,178,3,1406,"Метрична книга. Костел Святої Трійці, м-ко Меджибіж Летичівського пов.",метрична книга|народження,1876-1876
ДАЖО,662-1-2,662,1,2,"Метрична книга. Костел Різдва Христового, м-ко Вчорайше Бровківської вол. Сквирського пов.",метрична книга|смерть,1849-1849
ДАЖО,640-1-5,640,1,5,"Метрична книга. Костел Тіла Христового, м-ко Ружин Сквирського пов.",метрична книга|шлюб,1867-1882
ДАЖО,640-1-8,640,1,8,"Метрична книга. Костел Тіла Христового, м-ко Ружин Сквирського пов.",метрична книга|шлюб,1867-1882
ДАЖО,420-1-32,420,1,32,"Метрична книга. Церква Протекції (Покрови) Божої Матері, с. Дубечне Володимирського пов.",метрична книга|народження|шлюб|смерть,1833-1833
ДАЖО,1-768-1000,1,768,1000,"Метрична книга. Церква Воздвиження Чесного і Животворящого Хреста Господнього, с. Копитків (Октавин) Здовбицької вол. Острозького пов.",метрична книга|народження|шлюб|смерть,1815-1819
ДАЖО,1-768-1002,1,768,1002,"Метрична книга. Церква Воздвиження Чесного і Животворящого Хреста Господнього, с. Копитків (Октавин) Здовбицької вол. Острозького пов.",метрична книга|народження|шлюб|смерть,1815-1819
ДАЖО,1-768-1005,1,768,1005,"Метрична книга. Церква Воздвиження Чесного і Животворящого Хреста Господнього, с. Копитків (Октавин) Здовбицької вол. Острозького пов.",метрична книга|народження|шлюб|смерть,1815-1819
ДАЖО,1-768-1007,1,768,1007,"Метрична книга. Церква Воздвиження Чесного і Животворящого Хреста Господнього, с. Копитків (Октавин) Здовбицької вол. Острозького пов.",метрична книга|народження|шлюб|смерть,1815-1819
ДАЖО,1-768-1009,1,768,1009,"Метрична книга. Церква Воздвиження Чесного і Животворящого Хреста Господнього, с. Копитків (Октавин) Здовбицької вол. Острозького пов.",метрична книга|народження|шлюб|смерть,1815-1819
ДАЖО,420-74-8,420,74,8,"Метрична книга. Церква Святого Іоана Хрестителя, с. Кримне Ковельського пов. Державний архів Житомирської області",метрична книга|народження|шлюб|смерть,1835-1837
ДАЖО,420-74-18,420,74,18,"Метрична книга. Церква Святого Іоана Хрестителя, с. Кримне Ковельського пов. Державний архів Житомирської області",метрична книга|народження|шлюб|смерть,1835-1837
ДАЖО,420-74-23,420,74,23,"Метрична книга. Церква Святого Іоана Хрестителя, с. Кримне Ковельського пов. Державний архів Житомирської області",метрична книга|народження|шлюб|смерть,1835-1837
