online_copy_id,file_id,full_code,parsed
3adc0f88-5394-4514-bee9-47c31776cd40,0cdb8972-5f0c-40d7-a1d7-b2385dd46dd8,ДАДнО-Р6508-6ДОД-1,ДАДнО-(Р-6508-6дод.-1+++Р-6508-6дод.-1+++Р-6508-6дод.-1_1921)
571dd854-a58a-4e6b-a9d8-b7843addef7a,51deb335-636a-45d5-a711-ec3c26f15313,ДАДнО-Р6508-6ДОД-2,ДАДнО-(Р-6508-6дод.-2+++Р-6508-6дод.-2+++Р-6508-6-дод.2)
a87e7ff2-932e-412a-9777-31fc6dae1dd3,51deb335-636a-45d5-a711-ec3c26f15313,ДАДнО-Р6508-6ДОД-2,ДАДнО-(Р-6508-6дод.-2+++Р-6508-6дод.-2+++Р-6508-6-дод.2_1921-1922)
1fedbd41-c3fa-4fe3-9e40-94f67529a8fd,672ddcd2-88d2-4ab0-aa7d-e4e2a3984c1f,ДАДнО-Р6508-6ДОД-3,ДАДнО-(Р-6508-6дод.-3+++Р-6508-6дод.-3+++Р-6508-6-дод.3_1923-1930)
7d1ae5d7-2952-4be7-9ad4-baf97af60a68,dcef1308-169e-4acd-949c-aa32f58b004c,ДАДнО-Р6508-6ДОД-4,ДАДнО-(Р-6508-6дод.-4+++Р-6508-6дод.-4+++Р-6508-6дод.-4)
afa4a558-49e3-4607-934b-b11b51b7dd77,32f5ed37-89ed-4287-ae2a-db20d0171758,ДАДнО-Р6508-6ДОД-5,ДАДнО-(Р-6508-6дод.-5+++Р-6508-6дод.-5+++Р-6508-6дод.-5_1923-1929)
5c2614fd-5f20-41a9-8fc7-9e7d4cbbd475,89365d66-0a93-41d2-a797-8ec719eb0e8a,ДАДнО-Р6508-6ДОД-6,ДАДнО-(Р-6508-6дод.-6+++Р-6508-6дод.-6+++Р-6508-6-дод.6_1924-1933)
44580959-471d-48be-a358-acca5988981d,b46f5a89-5140-4a0f-bd2f-6b8c9e87f201,ДАДнО-Р6508-6ДОД-7,ДАДнО-(Р-6508-6дод.-7+++Р-6508-6дод.-7+++Р-6508-6-дод.7)
41db2255-c1c7-4c9d-8221-8a2023c4f797,b46f5a89-5140-4a0f-bd2f-6b8c9e87f201,ДАДнО-Р6508-6ДОД-7,ДАДнО-(Р-6508-6дод.-7+++Р-6508-6дод.-7+++Р-6508-6-дод.7_1924-1933)
84d2bffa-a0d0-4351-86dd-38b7739ff513,a00d48fe-f4e6-44ce-a315-2f23cac04d54,ДАДнО-Р6508-6ДОД-8,ДАДнО-(Р-6508-6дод.-8+++Р-6508-6дод.-8+++Р-6508-6дод.-8)
1b3eb036-19de-499a-b19f-e1c814a6aebe,a00d48fe-f4e6-44ce-a315-2f23cac04d54,ДАДнО-Р6508-6ДОД-8,ДАДнО-(Р-6508-6дод.-8+++Р-6508-6дод.-8+++Р-6508-6дод.-8_1924-1927)
7b6758be-1230-4c5a-a439-6906220dc3c2,a66adb05-8fc3-476c-9da3-1ecfe6a473d4,ДАДнО-Р6508-6ДОД-9,ДАДнО-(Р-6508-6дод.-9+++Р-6508-6дод.-9+++Р-6508-6-дод.9)
cf588b25-5853-44d6-9bf5-10e4cc7799bf,a66adb05-8fc3-476c-9da3-1ecfe6a473d4,ДАДнО-Р6508-6ДОД-9,ДАДнО-(Р-6508-6дод.-9+++Р-6508-6дод.-9+++Р-6508-6-дод.9_1925-1933)
2654893b-1471-4606-851d-e0a2a59b35cc,e92420a0-302e-4bbc-86f8-f423a12a2d58,ДАДнО-Р6508-6ДОД-10,ДАДнО-(Р-6508-6дод.-10+++Р-6508-6дод.-10+++Р-6508-6-10_1929-1931)
240942d0-196c-4c4a-9f6b-bd8722928839,ce0bb830-73ac-4929-82b0-11646ddafbe3,ДАДнО-Р6508-6ДОД-11,ДАДнО-(Р-6508-6дод.-11+++Р-6508-6дод.-11+++Р-6508-6-дод.11_1926-1932)
78cf4aa7-d36c-4810-b2c2-d3e693377d3c,59de64dc-58eb-4a38-a0c4-639a474771d3,ДАДнО-Р6508-6ДОД-12,ДАДнО-(Р-6508-6дод.-12+++Р-6508-6дод.-12+++Р-6508-6-дод.12_1927-1933)
e844e9f2-17bd-4206-97fa-db76341a6003,6570c127-38df-488b-a900-b0ed74f830eb,ДАДнО-Р6508-6ДОД-13,ДАДнО-(Р-6508-6дод.-13+++Р-6508-6дод.-13+++Р-6508-6-дод.13)
6b839e4c-c319-45bd-9acf-5c85e1e4458b,04bec191-dcb5-4cab-a111-60bb4ce03013,ДАДнО-Р6508-6ДОД-14,ДАДнО-(Р-6508-6дод.-14+++Р-6508-6дод.-14+++Р-6508-6дод.-14)
85b1ce01-f53e-46f2-a16b-231eaa4e4b12,04bec191-dcb5-4cab-a111-60bb4ce03013,ДАДнО-Р6508-6ДОД-14,"ДАДнО-(Р-6508-6дод.-14+++Р-6508-6дод.-14+++Р-6508-6дод.-14_1927,1930-1932)"
cfd15726-8c19-4d1c-9326-be3bcbd8fd85,d023abae-2596-4288-a09d-f7cdb4656a60,ДАДнО-Р6508-6ДОД-15,ДАДнО-(Р-6508-6дод.-15+++Р-6508-6дод.-15+++Р-6508-6-дод.15)
bfa7c39a-c634-42d1-9bf4-d6f082bc5080,d023abae-2596-4288-a09d-f7cdb4656a60,ДАДнО-Р6508-6ДОД-15,ДАДнО-(Р-6508-6дод.-15+++Р-6508-6дод.-15+++Р-6508-6-дод.15_1927-1929)
59eba0ff-5f87-43c0-8173-a9f575c2aa06,2f063195-8970-4d1a-b73c-a104a89d00dd,ДАДнО-Р6508-6ДОД-16,ДАДнО-(Р-6508-6дод.-16+++Р-6508-6дод.-16+++Р-6508-6дод.-16)
28560a85-ec9a-483e-b996-e2e13c1b8eda,2f063195-8970-4d1a-b73c-a104a89d00dd,ДАДнО-Р6508-6ДОД-16,ДАДнО-(Р-6508-6дод.-16+++Р-6508-6дод.-16+++Р-6508-6дод.-16_1927-1929)
4d931998-51ad-4f35-aa96-a6757578846e,58053554-5b56-4bd6-bfab-af7d2f85c00d,ДАДнО-Р6508-6ДОД-17,ДАДнО-(Р-6508-6дод.-17+++Р-6508-6дод.-17+++Р-6508-6-дод.17)
00d7aa12-2bb6-49bc-a40e-ede4b8601bf1,459cb89f-4a9f-4d17-8561-4da5a0a4365e,ДАДнО-Р6508-6ДОД-18,ДАДнО-(Р-6508-6дод.-18+++Р-6508-6дод.-18+++Р-6508-6дод.-18_1928-1929)
05aa03d5-4b66-4c02-835b-eaea2ec370f9,2276d904-1288-4c9b-bb63-0c28cb4514ea,ДАДнО-Р6508-6ДОД-19,ДАДнО-(Р-6508-6дод.-19+++Р-6508-6дод.-19+++Р-6508-6-дод.19)
7227cd16-846a-4768-8c8c-0c394f841a7b,2276d904-1288-4c9b-bb63-0c28cb4514ea,ДАДнО-Р6508-6ДОД-19,"ДАДнО-(Р-6508-6дод.-19+++Р-6508-6дод.-19+++Р-6508-6-дод.19_1928-1929,1933)"
0f352db9-5f17-41fc-a70c-f8208fd9582a,a53e44a0-11fb-4b20-922f-d9ab71b64c92,ДАДнО-Р6508-6ДОД-20,ДАДнО-(Р-6508-6дод.-20+++Р-6508-6дод.-20+++Р-6508-6дод.-20)
8f599b87-b13a-470a-8ba6-b20a3d187705,a53e44a0-11fb-4b20-922f-d9ab71b64c92,ДАДнО-Р6508-6ДОД-20,ДАДнО-(Р-6508-6дод.-20+++Р-6508-6дод.-20+++Р-6508-6дод.-20_1929-1933)
45624026-b8d2-4fd3-a0e3-bb85db3c4729,4188763c-cb8b-4e40-9985-4d086a3700f3,ДАДнО-Р6508-6ДОД-21,ДАДнО-(Р-6508-6дод.-21+++Р-6508-6дод.-21+++Р-6508-6дод.-21_1929-1933)
39d1b596-9433-45a6-947f-968d2be1922b,f3da2e26-313b-4a52-862f-cbd13c810f03,ДАДнО-Р6508-6ДОД-22,ДАДнО-(Р-6508-6дод.-22+++Р-6508-6дод.-22+++Р-6508-6-22)
6fdd9a54-ccff-45b6-b81d-046ff2f3a125,f3da2e26-313b-4a52-862f-cbd13c810f03,ДАДнО-Р6508-6ДОД-22,ДАДнО-(Р-6508-6дод.-22+++Р-6508-6дод.-22+++Р-6508-6-22_1929-1933)
8b060d08-4bd4-4452-a57c-8000da442a64,8c62c8f5-ea13-4744-9956-143950eb4098,ДАДнО-Р6508-6ДОД-23,ДАДнО-(Р-6508-6дод.-23+++Р-6508-6дод.-23+++Р-6508-6-дод.23)
d63d4df3-7d5a-49cf-9589-052e2726c1d4,8c62c8f5-ea13-4744-9956-143950eb4098,ДАДнО-Р6508-6ДОД-23,ДАДнО-(Р-6508-6дод.-23+++Р-6508-6дод.-23+++Р-6508-6-дод.23_1929-1933)
e63f107d-8d93-49d8-b357-c84e36721771,ce336c8f-7321-4ee7-ac6b-5864777aff34,ДАДнО-Р6508-6ДОД-24,ДАДнО-(Р-6508-6дод.-24+++Р-6508-6дод.-24+++Р-6508-6-дод.24_1929-1931)
