arch,fond,inv,anomalies,min_anom,max_anom,body_p95,body_files,concat,yearlike,isolated,empty_shells
ДАХмО,315,1,173,668170,126051111,12472,12944,172,0,1,0
ДАЧвО,1245,1,48,101106,964969,3567,1074,48,0,0,0
ДАВіО,172,8,48,119251,23342339,2434,1454,17,0,31,0
ДАДнО,Р6478,1,34,411115,411149,65767,65793,34,0,0,0
ДАПО,Р9106,1,27,144688,174340,16943,12264,27,0,0,0
ДАПО,Р9106,7,26,130255,35183646,9063,9495,26,0,0,0
ДАХО,40,110,25,429173,50541846,27130,548,23,0,2,0
ДАЗпО,Р5593,3,23,10076,10491050,1061,1080,22,0,1,0
ДАХмО,18,1,22,169651,1939416,1916,2017,22,0,0,0
ДАЖО,1,78,22,11149,10811084,1132,1192,22,0,0,0
ДАДнО,193,3,22,362522,7601918,860,909,22,0,0,0
ДАЧвО,12,1,21,53845,97561,9765,6548,21,0,0,21
ДАКО,Р5597,1,20,1144569,1666109,187375,116196,20,0,0,20
ДАВіО,172,6,19,93208,11681288,1144,600,14,0,5,0
ДАІФО,631,1,18,6837,697241,781,823,18,0,0,0
ДАЧвО,1245,13,17,3335,376381,527,545,17,0,0,0
ЦДАМЛМ,Б1,1,16,277400,498943,52617,1287,14,0,2,16
ДАЧвО,1245,3,15,6673,158162,1317,337,15,0,0,0
ДАДнО,193,4,14,61518,6811910,741,780,14,0,0,0
ДАЖО,178,3,14,7577,263559,546,575,14,0,0,0
ДАЖО,1,74,14,2526,283285,404,425,14,0,0,0
ДАВіО,172,9,13,141145,780792,1068,1005,13,0,0,0
ДАХО,40,105,12,6801871,127541868,698504,815,6,0,6,0
ДАПО,801,1,11,46449,4594699,4447,4663,11,0,0,0
ДАВоО,193,1,11,6037,60240,221,233,11,0,0,0
ДАЧвО,1245,9,11,3537,255257,485,407,11,0,0,0
ДАЖО,178,51,10,103620,2711828,1746,1835,10,0,0,0
ЦДІАК,127,685,10,7331881,14201884,1373653,392,10,0,0,0
ДАВіО,172,5,10,134264,656657,957,605,1,0,9,0
ДАДнО,193,1,9,352495,581884,512,538,9,0,0,0
ДАХО,40,109,9,49451,4751829,614,270,8,0,1,0
ДАХеО,137,40,9,191600,19051906,255,241,8,0,1,0
ДАПО,П15,3,9,148799,148807,17114,12021,9,0,0,0
ДАКрО,7,2,9,2001,2009,202,212,0,9,0,9
ЦДАВО,1092,3,8,2780,2788,379,387,8,0,0,0
ДАПО,Р1503,2,8,138140,187188,4931,205,8,0,0,0
ДАЧвО,1245,12,7,7477,119122,1495,282,7,0,0,0
ДАОО,37,13,7,8000,1230508,1187,1183,7,0,0,0
ДАВоО,35,2,7,16767,925179,1289,1358,7,0,0,0
ДАПО,1011,6,7,54533,965669,1166,1227,7,0,0,0
ДАВіО,172,2,7,4680,587630,634,500,5,0,2,0
ДАЖО,1,77,6,1984499,19391947,2146,2255,6,0,0,0
ДАВіО,172,7,6,130133,12831323,1235,1146,4,0,2,0
ДАЗкО,Р1606,13,6,814,108752,148,156,6,0,0,0
ДАХмО,Р6193,9,6,97834,107178,12194,12836,6,0,0,0
ДАЧвО,1245,8,6,2325,105107,229,234,6,0,0,0
ДААРК,299,1,6,218740,846257,832,870,6,0,0,0
ЦДІАК,127,1070,6,1260,2370,179,174,4,2,0,0
ДАХмО,Р6193,12,6,534110422,3074936573,26041,25211,0,0,6,0
ДАПО,706,4,6,195552,339630,421,443,6,0,0,0
ДАХеО,316,1,5,69550,459552,444,444,5,0,0,0
ДАХеО,259,27,5,12543,209548,224,230,5,0,0,0
ДАВіО,904,26,5,167215,232220,252,249,5,0,0,0
ЦДІАК,51,3,5,100899,560917,19299,19883,5,0,0,5
ДАЗкО,Р1606,3,5,4710,114679,162,171,5,0,0,0
ДАПО,1011,9,5,83617,179701,213,224,5,0,0,0
ДАЗпО,Р5593,2,5,57477,1441391,1378,1410,5,0,0,0
ДАКрО,317,7,5,122834,12981299,12882,13525,5,0,0,0
ЦДАВО,3254,1,5,1920,1924,316,331,0,5,0,0
ДАЧвО,1245,11,5,1623,173175,315,330,5,0,0,0
ДАВоО,96,1,4,3654,414404,536,562,4,0,0,0
ЦДАВО,10,1,4,11921,1131923,300,316,4,0,0,0
ДАЛуО,126,18,4,76347,791903,147,146,3,0,1,0
ДАПО,1011,5,4,11647,194690,214,225,4,0,0,0
ДАПО,1011,7,4,12540,106650,166,170,4,0,0,0
ДАДнО,193,9,4,38564,911917,100,105,4,0,0,0
ДАВіО,904,25,4,5456,8659,122,126,4,0,0,0
ДАЧкО,6,1,4,2001,2007,180,190,0,4,0,0
ДАВіО,172,3,4,3032,156159,154,128,3,0,1,0
ДАВіО,904,13,4,17943,19542,205,214,4,0,0,0
ДАЗпО,Р5747,2,4,57263,58079,4239,2784,2,0,2,0
ЦДАВО,3676,1,4,1941,1944,232,237,0,4,0,0
ДАВіО,904,16,4,65110,82111,82,86,4,0,0,0
ДААРК,142,5,4,1044,20113,205,208,4,0,0,0
ДААРК,321,1,4,12089,1121194,1168,1213,3,0,1,0
ЦДАМЛМ,616,2,4,8799,86100,1302,1361,4,0,0,0
ДАЗпО,246,1,3,1859,197422,197,201,2,1,0,1
ЦДІАК,127,699,3,2831867,8841894,1009,1062,3,0,0,0
ДАВоО,35,10,3,9395,64370,295,309,3,0,0,0
ДАВіО,904,18,3,52127,70132,8518,72,3,0,0,0
ЦДІАК,127,1012,3,38661868,44181873,4659,4925,3,0,0,0
ДААРК,319,1,3,105235,228239,320,315,3,0,0,0
ДАВіО,Р1554,1,3,5758,109110,177,111,0,0,3,0
ДАЗкО,Р1606,1,3,97761,204764,220,231,3,0,0,0
ДАЛуО,126,26,3,96385,421884,164,172,3,0,0,0
ДАВіО,904,2,3,23277,41990,402,397,3,0,0,0
ДАВіО,904,41,3,59229,111231,129,126,3,0,0,0
ДАВіО,904,21,3,5725,6727,102,106,3,0,0,0
ДАВіО,904,20,3,49101,68103,107,108,3,0,0,0
ДАЗкО,342,6,3,36240,411008,6634,6841,3,0,0,3
ДАВіО,904,12,3,3219,10521,120,126,3,0,0,0
ЦДІАК,2009,1,3,30965,46821,4624,4770,3,0,0,0
ДАПО,Р3872,1,3,249304,753940,1382,857,2,0,1,0
ДАХмО,Р6379,1,3,2918,4082,362,377,3,0,0,0
ДАПО,1011,14,3,596,39594,109,58,3,0,0,0
ДАЧвО,605,1,3,5355,161165,293,308,3,0,0,0
ДАВіО,904,17,3,49122,108124,119,119,3,0,0,0
ДАВоО,35,1,3,11931,161139,454,478,3,0,0,0
ДАПО,1011,8,3,12562,41584,140,146,3,0,0,0
ДАВіО,904,33,3,7142,256147,273,280,3,0,0,0
ДАВіО,904,11,3,69242,69266,248,84,3,0,0,0
ДАПО,Р9106,2,3,51258,92731,9000,6220,3,0,0,0
ДАВоО,22,1,3,159300,214278,316,80,3,0,0,0
ДАВіО,904,24,3,14591,19597,208,202,3,0,0,0
ДАВоО,382,2,3,165382,167397,434,457,3,0,0,0
ДАХеО,137,6,2,51579,51581,580,41,2,0,0,0
ДАХеО,137,8,2,591,40592,40,41,2,0,0,0
ЦДІАК,990,1,2,11201,11202,1696,1786,2,0,0,0
ДАС,30,1,2,1895,1919,146,153,0,2,0,0
ДАЗкО,Р1606,6,2,32735,43736,71,75,2,0,0,0
ДАЛуО,126,9,2,377,418,71,39,2,0,0,0
ДАЧвО,1245,4,2,1719,6062,219,224,2,0,0,0
ЦДІАК,127,798,2,6091908,6101908,699,734,2,0,0,0
ДАЧвО,1245,5,2,7275,123125,232,237,2,0,0,0
ДАЛуО,126,27,2,383,54384,67,70,2,0,0,0
ДАВіО,172,1,2,4794,343349,333,300,2,0,0,0
ДАВіО,904,32,2,99169,131160,232,244,2,0,0,0
ДАПО,1011,1,2,1134,81629,199,210,2,0,0,1
ДАОО,37,3А,2,1853,100114,281,258,1,1,0,0
ДАЧвО,3,1,2,112730,132671,12635,13219,2,0,0,0
ДАКрО,113,1,2,458,1314,40,41,2,0,0,0
ДАЗкО,Р1606,5,2,29693,48695,50,53,2,0,0,0
ДАЧкО,19,1,2,2006,2007,94,44,0,2,0,0
ДАХО,Р6452,2,2,11921194,25602563,2875,3005,2,0,0,0
ДАЛуО,126,23,2,144392,1961911,235,231,2,0,0,0
ЦДІАК,990,2,2,15003,15603,51,54,2,0,0,0
ДАЛуО,126,11,2,6373,37380,97,42,2,0,0,0
ЦДАМЛМ,617,1,2,11973,71971,152,159,2,0,0,0
ДАЖО,1,81,2,66445,72449,124,131,2,0,0,0
ДАЗкО,Р1606,9,2,57737,72739,70,74,2,0,0,0
ДААРК,370,1,2,1928,325226,318,330,1,1,0,0
ДАЗкО,Р1606,11,2,70746,101740,105,109,2,0,0,0
ЦДАМЛМ,17,1,2,2281,2282,324,341,2,0,0,0
ДАОО,18,1,2,1572,1991,211,128,1,1,0,0
ДАЧвО,3,2,2,169369,240241,31728,33103,2,0,0,0
ЦДАВО,1390,1,2,1917,1918,124,131,0,2,0,0
ДАХО,Р6452,4,2,17861788,44454447,4723,4897,2,0,0,0
ЦДАМЛМ,1109,1,2,2016,2018,225,237,0,2,0,0
ДАЧкО,1,1,2,2005,2009,40,42,0,2,0,0
ДАЖО,1,85,2,428,43414,61,64,2,0,0,0
ДАЛуО,126,21,2,70409,73324,83,87,2,0,0,0
ЦДІАК,127,875,2,10171870,10181870,2550,2632,2,0,0,0
ДАХмО,234,1,2,5269,6789,482,317,2,0,0,0
ЦДАМЛМ,464,1,2,114865,125890,15698,10361,2,0,0,2
ДАПО,1011,3,2,582,75605,115,121,2,0,0,0
ЦДІАЛ,201,4А,2,81845,82334,10816,11385,2,0,0,0
ДАВоО,195,1,2,28273,28285,161,155,2,0,0,0
ДАЛуО,126,14,2,124401,132393,147,149,2,0,0,0
ДАЗкО,Р1606,2,2,32720,42719,64,66,2,0,0,0
ДАМО,484,1,2,19001,19452,2282,2392,2,0,0,1
ДААРК,371,1,2,16215,18204,48,51,2,0,0,0
ДАЛуО,126,29,2,260356,18471864,256,245,1,0,1,0
ДАЧвО,1245,15,2,4863,6974,95,100,2,0,0,0
ДАПО,2048,2,2,4115,4116,443,77,2,0,0,2
ДАЖО,1,86,2,432,479,49,52,2,0,0,0
ЦДІАК,54,3,2,95588,95589,13423,13795,2,0,0,2
ДАХеО,207,1,2,262604,2114615,2131,59,1,0,1,0
ДАТО,3,7,2,28025,32626,3509,3386,2,0,0,2
ДАЧвО,1245,7,2,9093,106109,333,336,2,0,0,0
ДАДнО,193,8,1,31910,31910,23,25,1,0,0,0
ДАКрО,640,1,1,22445,22445,22,23,1,0,0,0
ДАДоО,295,1,1,161,161,30,31,1,0,0,0
ЦДІАК,127,1079,1,461127,461127,1328,1291,1,0,0,0
ДАКрО,353,1,1,242,242,44,46,1,0,0,0
ДАКрО,856,1,1,19494,19494,993,20,1,0,0,0
ДАЛуО,126,4,1,19395,19395,28,25,1,0,0,0
ДАДоО,370,1,1,20125,20125,20,21,1,0,0,0
ДАЧгО,1530,1,1,1444,1444,226,116,1,0,0,0
ДАХО,958,1,1,118549,118549,116,119,1,0,0,0
ДАХеО,316,7,1,558,558,39,41,1,0,0,0
ДАЖО,1,32,1,23400,23400,2599,1261,1,0,0,0
ДАЖО,107,1,1,2055,2055,267,281,1,0,0,0
ДАКрО,674,1,1,421,421,21,22,1,0,0,0
ДАОО,37,3,1,13909,13909,1600,1069,1,0,0,0
ДАХмО,29,1,1,337339,337339,735,297,1,0,0,1
ДАЧвО,1245,10,1,3133,3133,164,172,1,0,0,0
ЦДІАК,442,738,1,18961897,18961897,2776,2920,1,0,0,0
ДАКрО,164,1,1,409,409,23,24,1,0,0,0
ЦДІАК,127,1017,1,1879,1879,228,238,0,1,0,0
ДАЧкО,224,1,1,422,422,42,40,1,0,0,0
ЦДАВО,4024,1,1,1907,1907,207,19,0,1,0,0
ДААРК,282,1,1,6142,6142,103,21,0,0,1,0
ДАПО,П15,2,1,16406,16406,2971,134,1,0,0,0
ДАКрО,347,1,1,442,442,83,86,1,0,0,0
ДАЗкО,Р1606,14,1,25730,25730,131,33,1,0,0,0
ЦДАВО,2193,2,1,1918,1918,128,135,0,1,0,0
ЦДАМЛМ,655,1,1,11780,11780,1933,274,1,0,0,1
ДАЛуО,126,1,1,106430,106430,147,155,1,0,0,0
ДАКрО,144,1,1,25500,25500,25,25,1,0,0,0
ДАКрО,155,1,1,28467,28467,28,28,1,0,0,0
ДАХмО,244,1,1,785,785,53,56,1,0,0,0
ДАЧвО,12,2,1,78112,78112,7805,495,1,0,0,1
ДАДоО,102,1,1,3481,3481,551,18,1,0,0,0
ЦДАВО,3883,1,1,1917,1917,30,31,0,1,0,0
ДАЖО,85,1,1,183,183,34,19,1,0,0,0
ДАКрО,121,1,1,21498,21498,23,23,1,0,0,0
ДАДнО,193,5ДОД,1,13608,13608,48,51,1,0,0,0
ЦДАВО,1,24,1,58915900,58915900,6203,1197,0,0,1,0
ЦДАВО,3520,1,1,1919,1919,209,19,0,1,0,0
ЦДАВО,3895,1,1,1915,1915,26,27,0,1,0,0
ЦДАМЛМ,22,2,1,460,460,41,43,1,0,0,1
ДАПО,370,2,1,5198,5198,743,781,1,0,0,0
ДАТО,5,1,1,2009,2009,202,43,0,1,0,1
ДАДоО,311,1,1,24113,24113,24,25,1,0,0,0
ЦДІАК,1975,1,1,1743,1743,314,330,1,0,0,0
ДАЖО,638,1,1,428,428,41,43,1,0,0,0
ДААРК,323,1,1,148149,148149,173,181,1,0,0,0
ДАКрО,344,1,1,441,441,37,39,1,0,0,0
ДАВіО,904,38,1,23151,23151,23,23,1,0,0,0
ДАПО,Р2049,3,1,222,222,27,28,1,0,0,1
ЦДІАК,51,1,1,18240,18240,2618,2755,1,0,0,1
ДАХмО,Р6193,7,1,71010,71010,9706,10197,1,0,0,0
ДАЗпО,134,1,1,313,313,32,34,1,0,0,0
ДАКрО,Р242,3,1,674,674,84,89,1,0,0,0
ДАКрО,П5907,32,1,6812,6812,945,992,1,0,0,0
ЦДАМЛМ,76,1,1,1960,1960,77,81,0,1,0,1
ЦДІАК,98,2,1,2219,2219,334,351,1,0,0,1
ДАКрО,418,1,1,18479,18479,1864,19,1,0,0,0
ДАВіО,904,30,1,109288,109288,193,202,1,0,0,0
ДАЧкО,Р5625,1,1,80452,80452,13182,156,1,0,0,0
ЦДІАК,102,1,1,256,256,44,46,1,0,0,1
ДАХеО,259,13,1,24539,24539,26,27,1,0,0,0
ДАОО,1,174,1,221869,221869,54,53,1,0,0,0
ДАСО,1190,4,1,277,277,32,20,1,0,0,1
ДАХмО,685,6,1,351,351,38,40,1,0,0,0
ДАМО,122,1,1,4158,4158,473,497,1,0,0,0
ДАЧвО,2,1,1,317435,317435,1077,1130,1,0,0,0
ДАХмО,Р6193,6,1,78188,78188,9662,10171,1,0,0,0
ДАВіО,905,2,1,239,239,43,45,1,0,0,0
ДАКрО,646,1,1,28417,28417,28,29,1,0,0,0
ДААРК,316,1,1,40172,40172,58,59,1,0,0,0
ДАХеО,137,4,1,605,605,25,26,1,0,0,0
ДАПО,Б1,1,1,88042,88042,13394,225,0,0,1,1
ЦДІАК,127,850,1,3611878,3611878,606,293,1,0,0,0
ДАОО,37,5,1,238,238,23,24,1,0,0,0
ДАПО,Р6038,2,1,6098,6098,863,880,1,0,0,0
ДАЗкО,1552,1,1,25903,25903,3975,4163,1,0,0,1
ДАВіО,24,1,1,447457,447457,428,451,1,0,0,0
ДАКрО,115,1,1,42408,42408,41,43,1,0,0,0
ДАПО,Р3374,1,1,738819,738819,2818,2966,1,0,0,0
ДАВіО,904,27,1,32184,32184,210,221,1,0,0,0
ДАХеО,259,16,1,524,524,38,40,1,0,0,0
ДАЗкО,Р1606,4,1,36689,36689,76,80,1,0,0,0
ДАЛуО,126,30,1,6329,6329,197,202,1,0,0,0
ЦДАВО,3950,2,1,1924,1924,57,60,0,1,0,0
ДАЧвО,1245,2,1,6769,6769,350,365,1,0,0,0
ДАКрО,643,1,1,453,453,41,20,1,0,0,0
ДАКрО,185,1,1,534,534,94,93,1,0,0,0
ДАВіО,Р1554,4,1,3234,3234,79,48,0,0,1,0
ЦДІАК,127,178,1,2099,2099,146,60,0,0,1,0
ДАКрО,П5907,2,1,7069,7069,962,1011,1,0,0,0
ЦДАМЛМ,72,1,1,389,389,72,76,1,0,0,1
ДАКрО,Р1534,1,1,209,209,23,24,1,0,0,0
ДАВіО,407,1,1,107282,107282,104,109,1,0,0,0
ЦДІАК,2004,1,1,5771792,5771792,551,512,0,0,1,0
ДАВіО,904,28,1,5260,5260,59,58,1,0,0,0
ДАЛуО,126,20,1,34342,34342,64,67,1,0,0,0
ЦДІАК,127,389,1,1810,1810,202,120,0,1,0,0
ДАВоО,286,1,1,138407,138407,370,285,1,0,0,0
ДАХеО,137,25,1,24602,24602,4894,18,1,0,0,0
ДАЖО,1,36,1,13332,13332,2255,585,1,0,0,0
ДАКрО,122,1,1,437,437,29,30,1,0,0,0
ДАВіО,904,14,1,65284,65284,96,75,1,0,0,0
ДААРК,142,4,1,34168,34168,961,31,1,0,0,0
ДАДоО,229,1,1,1995,1995,118,20,0,1,0,0
ДАДоО,298,1,1,31163,31163,30,32,1,0,0,0
ДАВіО,177,1,1,120855,120855,1191,445,0,0,1,0
ДАОО,1,173,1,11856,11856,44,36,1,0,0,0
ДАВіО,904,29,1,84286,84286,176,185,1,0,0,0
ЦДАВО,3806,1,1,1901,1901,49,52,0,1,0,0
ДАЗкО,Р1606,12,1,24728,24728,31,33,1,0,0,0
ДАКрО,763,1,1,486,486,34,36,1,0,0,0
ДАЛуО,126,15,1,20318,20318,170,162,1,0,0,0
ДАКрО,П5907,8,1,5801,5801,948,995,1,0,0,0
ДАЧвО,1245,14,1,2330,2330,42,44,1,0,0,0
ДАЧгО,Р442,1,1,641,641,115,18,1,0,0,1
ДАЛуО,126,17,1,4413,4413,50,50,1,0,0,0
ЦДІАЛ,575,1,1,1829,1829,269,282,0,1,0,1
ДАКрО,189,1,1,69393,69393,68,70,1,0,0,0
ДАЗпО,157,1,1,321,321,41,23,1,0,0,0
ДАКрО,Р4100,1,1,4523,4523,570,589,1,0,0,0
ДААРК,293,1,1,346260,346260,354,344,1,0,0,0
ДАВіО,67,1,1,286,286,51,54,1,0,0,0
ЦДІАК,127,195,1,11326,11326,192,122,1,0,0,0
ДАОО,39,6,1,3921,3921,183,169,1,0,0,0
ДАДоО,226,1,1,202,202,35,37,1,0,0,0
ДАДоО,334,1,1,196,196,22,23,1,0,0,0
ДАЖО,67,3,1,491677,491677,657,691,1,0,0,0
ДАКрО,154,1,1,439,439,68,70,1,0,0,0
ДАДнО,193,4ДОД,1,34555,34555,42,41,1,0,0,0
ДАДоО,211,1,1,206,206,40,42,1,0,0,0
ДАКрО,349,1,1,444,444,58,61,1,0,0,0
ДАЗкО,П28,48,1,589,589,78,54,1,0,0,1
ДАКрО,590,1,1,56401,56401,54,57,1,0,0,0
ДАКрО,97,1,1,68495,68495,67,70,1,0,0,0
ДАЗкО,Р1606,15,1,39709,39709,57,60,1,0,0,0
ДАК,312,1,1,690,690,127,105,1,0,0,0
ДАЛО,108,1,1,697732,697732,944,444,0,0,1,0
ДАПО,1011,4,1,45574,45574,2341,48,1,0,0,0
ДАКО,Р907,3,1,403402,403402,484,507,1,0,0,0
ЦДАМЛМ,640,4,1,5189,5189,715,741,1,0,0,1
ДАХеО,316,5,1,33564,33564,32,33,1,0,0,0
ДАРО,39,1,1,7532,7532,1009,1060,1,0,0,1
ДАХеО,169,1,1,1920,1920,43,45,0,1,0,0
ЦДАМЛМ,42,1,1,637,637,63,66,1,0,0,1
ДАЗпО,Р5593,1,1,259362,259362,253,254,1,0,0,0
ДАЗкО,Р1606,7,1,35701,35701,219,228,1,0,0,0
ЦДАВО,3934,1,1,1895,1895,33,35,0,1,0,0
ЦДІАК,127,1013,1,1842,1842,229,226,0,1,0,0
ДАВоО,382,3,1,731822,731822,116333,153,1,0,0,0
ДАДоО,430,1,1,34143,34143,33,35,1,0,0,0
ЦДІАК,127,40,1,1883,1883,182,94,0,1,0,0
ДАЖО,178,53,1,135664,135664,194,82,1,0,0,0
ЦДАВО,2201,3,1,1918,1918,60,63,0,1,0,0
ДАВіО,904,35,1,242191,242191,307,317,1,0,0,0
ДААРК,266,1,1,3839,3839,49,52,1,0,0,0
ДАХмО,Р6193,2,1,48560,48560,7157,7533,1,0,0,0
ДАЗпО,245,1,1,350,350,59,60,1,0,0,0
ЦДІАК,442,101,1,1830,1830,195,205,0,1,0,0
ДАХеО,137,16,1,35619,35619,33,35,1,0,0,0
ДАХмО,227,5ДОД,1,3084,3084,496,475,1,0,0,0
ДАХеО,316,4,1,37561,37561,49,52,1,0,0,0
ДАХеО,137,28,1,618,618,80,19,1,0,0,0
ДАЗкО,1552,5,1,3802,3802,559,586,1,0,0,1
ДАКО,297,1,1,3882,3882,426,87,1,0,0,0
ДАВоО,297,1,1,146289,146289,190,197,1,0,0,0
ДАМО,250,2,1,352,352,38,20,1,0,0,1
ДАКрО,127,1,1,22460,22460,22,23,1,0,0,0
ЦДІАК,127,161,1,1287,1287,165,121,1,0,0,0
ДАДоО,232,1,1,1496,1496,239,18,1,0,0,0
ДАСО,5734,1,1,2244,2244,223,90,1,0,0,1
ЦДІАК,1780,1,1,1479,1479,35,37,1,0,0,0
ДАВіО,904,31,1,1841,1841,25,22,0,1,0,0
ДАС,3,1,1,714,714,30,31,1,0,0,0
ДАРО,30,12,1,84765,84765,9603,9317,1,0,0,1
ДАЗпО,239,1,1,355,355,34,36,1,0,0,0
ЦДАВО,3096,1,1,1921,1921,20,21,0,1,0,0
ДАКрО,689,1,1,514,514,30,32,1,0,0,0
ДАМО,169,1,1,334,334,44,47,1,0,0,0
ДАХмО,198,1,1,30821,30821,2995,3147,1,0,0,0
ДАКрО,579,1,1,400,400,37,39,1,0,0,0
ДАЧвО,1245,6,1,4447,4447,369,375,1,0,0,0
ДАТО,Р3429,1,1,157896,157896,25980,26793,1,0,0,0
ДАВіО,904,34,1,3048,3048,72,73,1,0,0,0
ДАОО,920,1,1,56519,56519,61,64,1,0,0,0
ДАДоО,221,1,1,2891,2891,28,29,1,0,0,0
ДААРК,324,1,1,701175,701175,756,785,1,0,0,0
ЦДІАК,127,1015,1,3031820,3031820,1273,1334,1,0,0,0
ДАКрО,117,1,1,41497,41497,40,42,1,0,0,0
ДАКрО,345,1,1,47474,47474,46,45,1,0,0,0
ЦДІАК,127,874,1,31919,31919,258,224,1,0,0,0
ЦДАМЛМ,355,1,1,480,480,71,75,1,0,0,1
ЦДАМЛМ,581,2,1,21031977,21031977,802,838,0,0,1,0
ДАВіО,904,1,1,372158,372158,362,381,1,0,0,0
