anomaly_id,anomaly_code,base_id,base_code
5ef9d428-4058-4d87-8b2b-0439e94a020b,ДААРК-293-1-346260,47265311-03db-49ea-be1e-334f158ed05d,ДААРК-293-1-34
fd596e3c-57ba-4d15-b003-8538db23926a,ДААРК-299-1-846257,a4581bfc-702d-4b7d-8a64-2a7600f23570,ДААРК-299-1-84
618d8e20-1988-4dbe-bc04-2e915acbac83,ДААРК-316-1-40172,374d18de-4367-4028-b7f3-8ac6b84bcc95,ДААРК-316-1-4
abdea4da-9c9e-481c-8c0b-2c3db2580852,ДААРК-324-1-701175,57f4ddad-44b2-4fd2-8762-5e5acded9eb4,ДААРК-324-1-701
6ae89b2d-8b30-41f7-b314-642a2a751511,ДААРК-370-1-325226,d8b4f591-f292-48b3-bf0c-4bd18cbb3511,ДААРК-370-1-32
9abd542d-09e3-41f7-99fd-217163b122ee,ДАВіО-172-1-343349,5a9fab62-c518-4baa-bbb0-6b44ff8e1ab6,ДАВіО-172-1-34
44dd78e5-5f30-4561-bb38-694f2faf0cb4,ДАВіО-172-1-4794,1e870eab-5d36-48e7-a1ed-2e0497cfde60,ДАВіО-172-1-4
b7fdd9d3-3809-442c-b662-58a4b24d5440,ДАВіО-172-2-127128,e531de1c-217b-4aac-813c-9fdf857f1de6,ДАВіО-172-2-12
2e76f475-4a5a-4e42-91a4-5769135b94ef,ДАВіО-172-2-163167,e0a194ee-135c-4a6f-a991-ab288c07fd5a,ДАВіО-172-2-16
e088b19b-1868-40d8-b764-e4963629151c,ДАВіО-172-2-86117,1b9e5c21-0eee-416e-b1e0-8461504a823f,ДАВіО-172-2-8
cacdbeba-db8b-4dbf-8661-973e4a542c26,ДАВіО-172-3-128129,03541c41-91f5-4b62-94f7-86581f54ad31,ДАВіО-172-3-12
83821aff-621d-4357-aa4e-8417fa678224,ДАВіО-172-3-133148,a32c5ba0-e13f-478c-8877-9c41bdf5e6b6,ДАВіО-172-3-13
678fe0d6-b49d-4f93-a2f1-536d4385de7a,ДАВіО-172-3-156159,d5974f7f-06a2-4377-9c61-974e74b8b7cb,ДАВіО-172-3-15
0dda6240-4851-4881-93b2-c882279a0f98,ДАВіО-172-5-134264,175dae3d-3673-45f9-b889-82071c2e944a,ДАВіО-172-5-13
080d5dc1-9d79-417a-a516-311662fafe8d,ДАВіО-172-6-253255,06863184-0d3c-4103-97e0-7fcb3ec99c3b,ДАВіО-172-6-25
327d3be1-8260-4b63-9766-ce378a3d50ba,ДАВіО-172-6-258259,06863184-0d3c-4103-97e0-7fcb3ec99c3b,ДАВіО-172-6-25
cdbbc6dd-2ab8-4ef1-835c-0cec6602b565,ДАВіО-172-6-318358,44fbe7cb-5d1b-4663-bc2f-c7deab9bc72b,ДАВіО-172-6-31
661a18bf-9b6a-4f55-b1af-b26f8ea148f2,ДАВіО-172-6-405517,abb7951c-b92c-4922-a451-b98a0e38a5b9,ДАВіО-172-6-40
82dba5cc-cc8e-461b-b02d-e40508c8bb0b,ДАВіО-172-6-633638,32e52e37-cf97-4d3a-bc5d-99d609fedd64,ДАВіО-172-6-63
c33ea9a1-c203-40ff-a60d-8e0c45445a14,ДАВіО-172-6-647648,0c0005d3-19de-4151-b99f-9705403f50b0,ДАВіО-172-6-64
c0202a07-320b-4713-81c0-d2babc72f1fd,ДАВіО-172-6-653654,3ad3b499-b0be-4a9d-9793-3551f23c788f,ДАВіО-172-6-65
ba757073-33c9-4301-a31a-814df7100daf,ДАВіО-172-6-668671,06a93b07-a558-447d-af25-762216b1675c,ДАВіО-172-6-66
8646ba26-573d-42ae-8f1d-da521f99ed12,ДАВіО-172-6-663664,06a93b07-a558-447d-af25-762216b1675c,ДАВіО-172-6-66
009cadb9-eefb-47d7-a550-96f92750794c,ДАВіО-172-6-676676,0dfd18d3-a30b-4e17-9304-4f192b57b3f1,ДАВіО-172-6-67
81e5d899-ff4e-4d1a-b7fc-73ceac585250,ДАВіО-172-6-693694,56537df8-8c38-4b59-8267-7c32ef33a1ed,ДАВіО-172-6-69
28d7328a-cf21-4a9c-819c-a7ced90f126b,ДАВіО-172-6-765816,e48f6f74-d8b9-48ef-9560-6113185faa6a,ДАВіО-172-6-76
a3b0df77-757b-4f18-bf4e-41746faf3487,ДАВіО-172-6-875925,f5652ed5-1a24-4b96-8c63-2925c72eb11f,ДАВіО-172-6-87
879a4900-1616-45ec-b66f-0c629322c31a,ДАВіО-172-7-718720,2c1ee38f-711d-4339-a5a2-edfb09ddc41f,ДАВіО-172-7-71
ea015b04-5328-47bd-9453-1a0e02dbb9dd,ДАВіО-172-7-779864,42431336-589e-4f10-8df3-ca105afd4cac,ДАВіО-172-7-77
c9413348-28a1-4149-8eb0-22e3f05ce17b,ДАВіО-172-7-883894,a56a9bbb-f083-4759-965d-74ae0eb5876f,ДАВіО-172-7-88
28d1512b-f94a-47d4-94ad-d147e2d16fa8,ДАВіО-172-7-926927,f9d7bda4-22d9-431d-8546-6cf8bc8c0151,ДАВіО-172-7-92
e0dca37e-ceed-4174-970c-dc1ba0217e30,ДАВіО-172-8-119251,0414fe85-8023-4840-82da-e3c2b4edba4b,ДАВіО-172-8-11
68476a33-a76a-4359-9e60-51f60926deec,ДАВіО-172-8-283331,b318e8b7-83e8-42fc-a2f4-e13181a2c3cf,ДАВіО-172-8-28
48ee1b2b-bd28-4a0b-9fd6-f2a67d156b3e,ДАВіО-172-8-347354,a6dd26e4-6a65-401d-9854-e6b3fb5b8718,ДАВіО-172-8-34
7fa0b48f-ab6a-4c02-ba56-687a8fde98ca,ДАВіО-172-8-358364,b9e06786-f096-4ff9-ac54-6d1fef59142e,ДАВіО-172-8-35
c25a7546-68bf-4e64-8e24-50d498a73bfc,ДАВіО-172-8-366422,d2e5881c-fa4f-49e9-9bad-d44b021a3dc7,ДАВіО-172-8-36
f65a147a-548b-4689-9e32-fae6c8b1a25d,ДАВіО-172-8-505507,d149c875-2ec8-4912-be62-c5dbf2c316cd,ДАВіО-172-8-50
e36018fe-515b-43ce-96d2-8cb90d9fedf6,ДАВіО-172-8-518523,042ab188-0f4f-40f7-8713-d74a987473bc,ДАВіО-172-8-51
b7977678-549e-4c4f-84e1-fdfa0f095769,ДАВіО-172-8-529536,2a570bea-4baa-4daf-8c0c-0b05655b417e,ДАВіО-172-8-52
4e0adaab-cf54-4a08-b1f8-27afdd44f896,ДАВіО-172-8-544553,10c7c750-86ed-4241-9051-acf9b4860501,ДАВіО-172-8-54
aabc6568-d433-470a-91f2-5e59c2ca83c1,ДАВіО-172-8-573574,e1c40d5f-00eb-4435-b36d-b8440039c69e,ДАВіО-172-8-57
28c6b4f5-e0c7-4d95-ae08-a9d831306efc,ДАВіО-172-8-585587,dba56a22-e7d5-4341-9ec4-f267bc254dd0,ДАВіО-172-8-58
69028961-df51-49f8-82f7-266b872e521d,ДАВіО-172-8-595598,4ae22d73-864c-4b15-b266-0bae6f9bdd76,ДАВіО-172-8-59
cc474b54-d2fa-4c11-89d9-444f7d06e826,ДАВіО-172-8-600601,0f1b7ffd-c5a0-49f2-9751-c0fbe653924c,ДАВіО-172-8-60
2c716e33-e176-4a6b-984a-473e3f99e546,ДАВіО-172-8-651652,d54acb67-b9fd-4eab-a9f5-abf6629fa733,ДАВіО-172-8-65
2b99cca4-913e-4c10-9212-c3b21ea7dabf,ДАВіО-172-8-658659,d54acb67-b9fd-4eab-a9f5-abf6629fa733,ДАВіО-172-8-65
9e6a2ed8-bfd9-4bf9-9123-f0a1cac206d5,ДАВіО-172-8-655656,d54acb67-b9fd-4eab-a9f5-abf6629fa733,ДАВіО-172-8-65
bff2f57d-dafd-409b-a932-f09ede9e457f,ДАВіО-172-9-141145,d55c42a8-3c64-48e9-a877-d00e68ad2dd7,ДАВіО-172-9-14
3c17e437-4f08-4213-ba5e-7ac46fb0dca9,ДАВіО-172-9-149152,d55c42a8-3c64-48e9-a877-d00e68ad2dd7,ДАВіО-172-9-14
2ed9f3ad-eef0-4323-b390-84921a7c48e1,ДАВіО-172-9-234236,5788e2e4-816a-47e9-be68-c219032b432a,ДАВіО-172-9-23
2ca1d11a-b857-4711-93d3-0120c5a2c1cb,ДАВіО-172-9-267277,3eb74aca-eb98-46e6-ae8e-5b12c971bc14,ДАВіО-172-9-26
6314e104-7b2d-4944-9e5d-1877db6c7ee5,ДАВіО-172-9-287289,d4fc6ccc-60e9-479f-ae99-91482b1f4483,ДАВіО-172-9-28
be7c370a-634e-4da4-b8dc-6bd607a163c5,ДАВіО-172-9-284285,d4fc6ccc-60e9-479f-ae99-91482b1f4483,ДАВіО-172-9-28
a22396c0-d480-4276-b1b7-3f69cb956127,ДАВіО-172-9-292293,540a297f-b7e7-4c7f-9b07-e7813b74493d,ДАВіО-172-9-29
e023b472-a19b-491c-a524-6455da8d391a,ДАВіО-172-9-328329,a260619f-21e0-479e-98ef-671af7d6c6d5,ДАВіО-172-9-32
82005efe-7216-4cda-ba71-64ab2cb553df,ДАВіО-172-9-332369,d92981f0-1b08-45a9-a412-3376544ea542,ДАВіО-172-9-33
a170a28c-5d8c-4a30-b861-1d5e72c516e7,ДАВіО-172-9-750751,e85e4c3b-9088-4e94-8008-8627d59d8548,ДАВіО-172-9-75
a2dd80e8-bb5a-4dad-9a38-7830121bad03,ДАВіО-172-9-754763,e85e4c3b-9088-4e94-8008-8627d59d8548,ДАВіО-172-9-75
3a3c8009-eb19-4585-9068-c7e20334c106,ДАВіО-172-9-765778,97bc6a8d-72ff-48da-8fe2-cf591e79ab08,ДАВіО-172-9-76
2d982677-f580-49cd-9e9f-faa5f2e605ae,ДАВіО-172-9-780792,3c50d398-e597-4ded-b551-0ca355386d53,ДАВіО-172-9-78
84befe28-8a68-497e-a242-bb7bea381568,ДАВіО-24-1-447457,f207a9ad-19ea-45d0-ac03-c2e57eabbf37,ДАВіО-24-1-44
bfd88433-9bbd-4f6c-84a4-5fa61e46a352,ДАВіО-407-1-107282,6e278e6f-c7a1-407e-ba5e-e3f71cdd1e63,ДАВіО-407-1-10
1b932648-b5cc-470e-b670-13a4bbd91592,ДАВіО-904-1-372158,c3e52f3c-e24a-404b-864b-6b4ad743e1fe,ДАВіО-904-1-37
73c6e534-4618-447e-beeb-b67ff467065d,ДАВіО-904-16-82111,9ab2075e-b214-45ed-be36-f406e05585c4,ДАВіО-904-16-8
edfc375a-c242-4920-92e3-e066cfd1b8e5,ДАВіО-904-25-8659,9b1c30eb-342a-44ec-a453-1884f2938fd6,ДАВіО-904-25-8
391a4e08-900e-4a8f-8436-157cc7136ebf,ДАВіО-904-26-167215,3590521c-9280-4371-9c58-d4acd5057550,ДАВіО-904-26-167
59c9208c-77ac-4dd0-9209-a7c9f1faa3f7,ДАВіО-904-28-5260,2f1c629d-79f9-43ad-b63a-5910bf5149ea,ДАВіО-904-28-52
b5e2cbfa-0cf9-4f56-a1ca-ed3d79fe2bfd,ДАВіО-904-33-7142,5a4e9bdf-c9ba-4269-897e-627832f8c3d8,ДАВіО-904-33-71
a7c86edb-22b2-49f6-b209-f491cf5319d7,ДАВіО-904-38-23151,cfdac929-c361-49b8-8d0f-80b6911fa72c,ДАВіО-904-38-2
8f10f32f-7095-48f6-a910-097d2da0cbc6,ДАВоО-22-1-159300,12b6caa2-6cae-4744-87d1-ffe2c2e13583,ДАВоО-22-1-159
0a401713-f647-42fb-97e4-cf401aae059e,ДАВоО-22-1-214277,3d75533b-706e-4db0-995c-9cdc86df06d0,ДАВоО-22-1-214
ca1b15f9-a6b3-4d80-ae0f-1c2935428c2f,ДАВоО-22-1-214278,3d75533b-706e-4db0-995c-9cdc86df06d0,ДАВоО-22-1-214
1d556789-e486-4a55-88f3-24af78005121,ДАДнО-193-1-524628,3579f4f2-1461-4967-9650-f980540d6e8a,ДАДнО-193-1-52
60286f63-29e8-4963-8df0-b91cb85ed926,ДАДнО-193-1-524617,3579f4f2-1461-4967-9650-f980540d6e8a,ДАДнО-193-1-52
02a71f64-c83c-42d0-8ebb-c581e6ce019f,ДАДнО-193-1-524626,3579f4f2-1461-4967-9650-f980540d6e8a,ДАДнО-193-1-52
3f805c4a-75d7-4972-ba6d-810459adbdb0,ДАДнО-193-1-525623,3579f4f2-1461-4967-9650-f980540d6e8a,ДАДнО-193-1-52
884fd147-55dd-4230-8973-6ea4ee08b078,ДАДнО-193-1-524632,3579f4f2-1461-4967-9650-f980540d6e8a,ДАДнО-193-1-52
c18c3066-e712-4675-943c-8784ce9bdf78,ДАДнО-193-1-524631,3579f4f2-1461-4967-9650-f980540d6e8a,ДАДнО-193-1-52
44a9b0e9-8a6d-4149-b4bc-f309985b01d2,ДАДнО-193-1-581884,52adb7c0-4a6a-4da3-b0db-f99996299fb3,ДАДнО-193-1-58
e67127d7-48a3-47df-a010-b90a6f70bf20,ДАДнО-193-3-1081899,a79374aa-3870-4a1e-b191-79fcca6c89aa,ДАДнО-193-3-108
97439a01-928f-4551-a89a-ebb26d7c1d8a,ДАДнО-193-3-1631902,ec1cffe9-9aca-40f6-84f2-034655fedb80,ДАДнО-193-3-163
30071495-a986-44f6-ad84-73ad9e62fd57,ДАДнО-193-3-1671902,112689c4-4a9d-45be-9607-3bedc21da904,ДАДнО-193-3-167
164d5d09-28f0-43d0-804f-c36b97a25073,ДАДнО-193-3-2271899,bbbaaf02-0832-4c3b-ae64-2904cd171e07,ДАДнО-193-3-227
82d950b2-c93a-47b1-b6c5-94b82d56ec78,ДАДнО-193-3-2971887,da11a389-3ae5-48e7-b91d-5dad38ae5aa2,ДАДнО-193-3-297
e11ad334-f1ff-4445-b43d-3c503f9e8d50,ДАДнО-193-3-2981892,21d89e47-916f-4cfd-a761-898348acbbed,ДАДнО-193-3-298
db371736-cc0f-4811-b7bc-76f78b0240c3,ДАДнО-193-3-4641916,847791c8-e8bf-4196-9205-db8fd698ff8c,ДАДнО-193-3-464
79b8fc0e-c66c-4fc8-89b3-238b935557e8,ДАДнО-193-3-7601918,9c632ae9-6709-4cea-8294-4b0fc9f096aa,ДАДнО-193-3-760
b541cf71-6312-4968-80fd-6284975dc596,ДАДнО-193-3-881510,89d2da1f-0374-4297-96c9-2b7dd97ff57e,ДАДнО-193-3-88
c509f1fa-aa29-4c1d-b641-fabd92d9791b,ДАДнО-193-4-1531902,3a7172ea-c4a7-42b3-ad3c-4a48646e9f66,ДАДнО-193-4-153
b8a9e853-94e8-465a-9ce0-82993654f393,ДАДнО-193-4-2931904,8e4a7c6f-04d7-4f8c-9ea0-db7d6ae9a27b,ДАДнО-193-4-293
97a9f374-a6eb-4ac6-8087-f634254b360a,ДАДнО-193-4-3161901,b1f015f0-4e3a-4371-9b97-e912c8e6517d,ДАДнО-193-4-316
840f3ed5-eebc-4595-899a-cf2b4b6fc679,ДАДнО-193-4-5771911,43c4894d-619d-4333-be8f-7baef6e00016,ДАДнО-193-4-577
28d520c4-a28f-4572-9c09-e81cf45b7fa4,ДАДнО-193-4-6811910,3ac522e5-15f8-40a9-a6e5-4dde80371e7c,ДАДнО-193-4-681
b65a30ec-54cc-404a-9606-3e07c8df65c1,ДАДнО-193-8-31910,26420ae6-d219-4609-8bd1-a60ebab4df64,ДАДнО-193-8-3
30a4ceff-8ae4-4fae-8e67-e8eac2be581a,ДАДнО-193-9-671916,174dfe8b-b3a6-4173-a97c-5e2cb621a1cd,ДАДнО-193-9-67
088cb0ae-6098-4e48-be95-2928592c6d9f,ДАДнО-193-9-911917,fb998055-2e6f-41f3-9c19-feaf77c20da1,ДАДнО-193-9-91
6babf21c-cfb3-4283-8432-f40658393452,ДАДоО-221-1-2891,528fef40-efa3-41f4-81ce-d07f4804b450,ДАДоО-221-1-2
7694e80b-65e8-41f4-a26c-edbaf1e3ffb2,ДАДоО-298-1-31163,dadc19b0-89b3-4fd4-8a97-48edec809377,ДАДоО-298-1-3
80f0cbc6-3b25-4bd7-a21b-22e1576daabf,ДАДоО-311-1-24113,0b08d38b-971f-424e-824f-edd73bc38d1f,ДАДоО-311-1-2
51c7bc33-0501-482a-9cc1-b87a53d3dd0b,ДАДоО-370-1-20125,629bf3b3-85a4-4caf-a8f7-9436a2dd1d7f,ДАДоО-370-1-2
0a3f344a-5006-4b3f-83aa-9da8aeb309df,ДАДоО-430-1-34143,b0aaa595-cbea-4ba4-b9d2-e7c9ebd92266,ДАДоО-430-1-3
dcd29e90-0859-4238-9bec-2ec769ec2b34,ДАЖО-1-36-13332,a8906901-eaad-45cd-9d6e-3af6df1157d0,ДАЖО-1-36-13
cb95b25c-0a86-4647-80c9-1309619efdf9,ДАЖО-1-77-13101919,ea910501-4fd0-4b05-b771-124a5b084eaa,ДАЖО-1-77-1310
aab98bba-310a-4b86-91b9-6391a60040fb,ДАЖО-1-77-19181927,dc0fd5be-de6d-477d-a84d-6d9f27a186ad,ДАЖО-1-77-1918
14134805-49e1-457b-b2f2-8b0e4c1611e2,ДАЖО-1-77-19391947,2c9ca1bc-0518-4066-99d1-5ab08e0d5f4d,ДАЖО-1-77-1939
011b6f49-3802-4891-a12f-e4057b1e87b2,ДАЖО-1-77-2209487,518a0a3b-d342-4ad8-b8be-ff056fdea92d,ДАЖО-1-77-220
1b2a3321-861b-49c7-a4a4-050a998244f6,ДАЖО-1-77-2221496,14a14516-90d3-416c-b9c7-e2f2d85a6368,ДАЖО-1-77-222
57a54771-f491-4c2b-aa99-73ab052315b9,ДАЖО-1-78-10111014,da8d63c2-72d5-437c-9e6d-7564eaa582d8,ДАЖО-1-78-1011
418269cc-bb48-4e7e-a7ee-4af6575d217c,ДАЖО-1-78-10361039,d40a0dc1-dd9c-44bb-8f73-ac95773b1343,ДАЖО-1-78-1036
da845c5d-7bef-4fa2-8f68-38d0d1518f8a,ДАЖО-1-78-10591062,8c2b16bd-b880-4bc5-80f9-5cd669db9ce4,ДАЖО-1-78-1059
fa570f76-3adf-4673-ab56-e04c37e1f94a,ДАЖО-1-78-10811084,26a114e9-1807-4d8c-9091-0f74148ac12c,ДАЖО-1-78-1081
5ba0e42a-5214-4b09-89da-155506bb4f8b,ДАЖО-178-51-2711828,046a9c17-02bd-48bd-b50e-f0b54a7a309b,ДАЖО-178-51-271
a105e83f-2de7-4e2c-a8e3-e495a3cbc648,ДАЖО-178-53-135664,aa3cd3e9-3f03-417b-8046-abfa74a6ca57,ДАЖО-178-53-135
972d3015-201c-4972-8a38-32f5b93736be,ДАЖО-638-1-428,3f4d1632-81d8-44b9-883f-9f1a5a749ebe,ДАЖО-638-1-4
b8ec2181-b6a5-42d8-88d4-6ddc15b366f5,ДАЗкО-Р1606-9-72739,460dee00-8174-4f20-a8ba-89af52d0134e,ДАЗкО-Р1606-9-7
d33fbb6c-e2b0-40c9-ac32-d5c7ed618f55,ДАЗпО-239-1-355,c69c08ea-9d22-424e-97ad-db5fbdccfe2d,ДАЗпО-239-1-3
8a1816eb-b695-42ca-9975-8213534dc1e3,ДАЗпО-246-1-197422,c36b0fec-33c9-4a7b-914a-3c30af54a28e,ДАЗпО-246-1-19
62cfd756-c6d2-4a42-b6dc-36481229518b,ДАЗпО-Р5593-1-259362,358ca6a2-e183-4b14-9006-bf2265971292,ДАЗпО-Р5593-1-25
c34e40c9-f688-4e5b-a599-7cdb65f04f35,ДАЗпО-Р5593-2-1441391,16fd8ff9-6b9c-4acb-adfa-9c5f5736757e,ДАЗпО-Р5593-2-144
cf85552b-2d85-44ae-8f77-71bea49ddb89,ДАЗпО-Р5593-2-662484,73bd66aa-d7f8-4e78-8fd9-d93ed2ab17c2,ДАЗпО-Р5593-2-66
53270a26-4859-48a4-89fb-707ae38ba7ed,ДАЗпО-Р5593-3-305322,6c68fddf-f6e9-4da6-8d14-5408d793408b,ДАЗпО-Р5593-3-30
0067c182-94b4-46c5-9fee-ea4397826262,ДАК-312-1-690,0ad5adb1-750a-4ac9-a15a-38dbe7b36125,ДАК-312-1-69
b7c8861e-4bcf-431a-813b-5a8fe136ba60,ДАКО-297-1-3882,c4093239-17e5-4827-adca-51f156bd554f,ДАКО-297-1-388
00baa455-8ff4-4c22-be7b-06d6a7b3e936,ДАКрО-113-1-458,f6c4ac42-25ad-44e9-a824-bfa5693cc5cb,ДАКрО-113-1-4
815ddd20-600d-4e83-812e-345d1a7b0e0d,ДАКрО-115-1-42408,8a1a8a51-3fbd-4262-ae0a-28e5ef76e2a1,ДАКрО-115-1-4
90463cca-6e32-441c-8c47-e947ae842530,ДАКрО-117-1-41497,685224cf-e40b-4940-b287-29b9ed27e895,ДАКрО-117-1-4
5da21a84-e4d8-4b76-be87-e135eb541986,ДАКрО-122-1-437,712b3788-db8d-4de9-bdbf-f4991d69bcf3,ДАКрО-122-1-4
083a5e70-d022-4e6f-9878-f42b8a691847,ДАКрО-127-1-22460,1b7700f2-dae1-4f37-b9f8-16a780830897,ДАКрО-127-1-2
c99b71e4-7df4-4569-ac05-54b4ed25000e,ДАКрО-144-1-25500,3415a4ef-a02d-4222-8194-6738997fbe19,ДАКрО-144-1-2
dfb9375f-d357-4302-8bdc-2f06656b9568,ДАКрО-155-1-28467,fc313ea0-fa89-4d08-adbb-5b939965603d,ДАКрО-155-1-2
239da540-7bc1-48bb-878c-9948d53913cb,ДАКрО-164-1-409,f8fd4108-c888-485b-83ec-3bd61bd6e0d0,ДАКрО-164-1-4
a675e710-f75c-4343-ace9-91a40104a49d,ДАКрО-189-1-69393,7bbcda96-eb10-4bb2-8100-cdebd9634013,ДАКрО-189-1-6
9369a76f-306c-4c1f-ba73-8d33f4bafad1,ДАКрО-317-7-12981299,70e41c52-2c03-420d-aa0a-638e04d8bf0e,ДАКрО-317-7-1298
b7e9d6a1-32ac-42d5-9d5f-f6baab81d8ef,ДАКрО-344-1-441,17bc43bd-c110-41da-b92d-78c0f5e355d3,ДАКрО-344-1-4
8c102077-7a54-413a-bbd0-7009f38cf8ef,ДАКрО-345-1-47474,206e9a95-2b86-4c25-bc55-1946a5f488fd,ДАКрО-345-1-4
30161f6c-7157-4be9-b8c0-dcfe0baeec4c,ДАКрО-579-1-400,62f3da0b-77e6-4590-959f-6e8f95900f39,ДАКрО-579-1-4
467f7661-1cf5-4664-ab8b-9fe1ff63b31d,ДАКрО-590-1-56401,d1070e8d-11c3-4e68-a81b-37c69009c287,ДАКрО-590-1-5
7c8fb739-7727-4928-82b8-1e22f09cc519,ДАКрО-640-1-22445,bec8011b-a8a8-48e3-9612-f824f2d6fdc2,ДАКрО-640-1-2
8f9524e1-30e0-41c2-9d34-8719046eff55,ДАКрО-643-1-453,ecdb3d8e-cba5-4579-a954-706f8ebed563,ДАКрО-643-1-4
b38e8320-1180-4415-b8b0-8ea71e68760b,ДАКрО-646-1-28417,c3d82535-f204-4f74-bf36-a510c22f9406,ДАКрО-646-1-2
8eb99356-bca1-4b7a-866d-a10458a7862e,ДАКрО-674-1-421,bbf78d53-57c3-4597-ad65-c1a3e279d93f,ДАКрО-674-1-4
e8567309-8c8d-4746-b94b-c0d4be51809d,ДАКрО-689-1-514,d286d9f3-67c2-4109-a1f2-b570f86e6118,ДАКрО-689-1-5
da45d4b4-03e7-4be7-b592-685926e4cecc,ДАКрО-763-1-486,b8cd73b7-d271-480f-8356-a2334d83ac5f,ДАКрО-763-1-4
08bd428b-c0c7-4d71-a91e-414973632ea9,ДАКрО-97-1-68495,b0375849-0c0b-4a19-b448-9262b70e664b,ДАКрО-97-1-6
ab651806-02bb-48af-9a49-edf987102fc1,ДАЛуО-126-1-106430,d3dce509-f10b-496f-bcb3-66e8892a8156,ДАЛуО-126-1-10
41823651-c10e-4a2d-b2fd-cf2aba7984c1,ДАЛуО-126-11-6373,bc6798d4-8d4f-4551-b29c-34fa3b970dcc,ДАЛуО-126-11-6
f1560af8-e25e-4549-aa12-ae8f9ffa6d39,ДАЛуО-126-15-20318,0d3f1ea7-1f64-40a6-8ff7-3c53192c3344,ДАЛуО-126-15-20
fac38f07-738b-4506-aceb-86882a79048c,ДАЛуО-126-18-150427,30097e7a-3ea3-4aa5-a4cd-d414249528d0,ДАЛуО-126-18-15
c3b87775-2653-4e0f-b884-1c2329dd65e5,ДАЛуО-126-23-1961911,a36fe2bc-89f6-4287-8652-a94c2ba4fae2,ДАЛуО-126-23-196
9cb62b03-58de-44f2-b2d4-32cca8f13c5f,ДАЛуО-126-26-421884,2165977d-a4a9-4504-8615-1546e1a7cbd9,ДАЛуО-126-26-42
109f4f70-0578-44b6-b7d7-24b0fc05b8f8,ДАЛуО-126-29-260356,4f91a731-d8dc-456d-b1fa-11d85fa8aa30,ДАЛуО-126-29-26
6606c95f-9200-4e38-835c-fe32dc9d1673,ДАЛуО-126-4-19395,521422b8-2641-40f8-862f-2ed26df02d4f,ДАЛуО-126-4-1
99f97f47-72b3-422b-b4e2-a2f1ed93eb63,ДАЛуО-126-9-418,486ecd74-f253-4c1d-a8bf-65a71fb45203,ДАЛуО-126-9-4
c59e9a2a-4319-4589-8a25-c4704afebf71,ДАОО-1-174-221869,ac871c77-67cc-4b9d-b068-7b692dbf0474,ДАОО-1-174-22
885864fb-3034-47d1-bac0-751759389988,ДАОО-18-1-1572,c9cd5326-2f4f-4aed-87c9-fceabceb3973,ДАОО-18-1-157
e75087f4-7a40-47d1-aa4a-0bbf91423005,ДАОО-18-1-1991,c981eb00-4512-460a-bac9-6c8c7a91cfed,ДАОО-18-1-199
1589784e-08c9-4cae-9354-38f79f28df23,ДАОО-37-13-1191487,75aa01d9-7e9a-4a81-8825-87186ad99424,ДАОО-37-13-119
722f37ff-9823-4a02-8c83-d0a6aa758e5e,ДАОО-37-13-1211503,9e2e3914-2818-4f59-b872-650dbd666e8d,ДАОО-37-13-121
769334ab-2f76-481f-a606-214ecce04174,ДАОО-37-13-1218511,9e2e3914-2818-4f59-b872-650dbd666e8d,ДАОО-37-13-121
82d7ddd8-1319-438d-93d3-2688606b3179,ДАОО-37-13-1230508,722ef689-ec16-4ff0-a347-07f1742be4ac,ДАОО-37-13-123
afd374fa-5bd4-4456-8e76-4afa1a17d69d,ДАОО-37-5-238,7543782e-f6a8-4dde-95e7-19c2f055574f,ДАОО-37-5-2
5d93434a-c221-4b4f-83ca-e5f28fa2c7fa,ДАПО-1011-14-598,75372b5a-b557-4d50-bbef-a33de9a094fa,ДАПО-1011-14-5
ee1ac103-7d84-42d0-bcbf-a52b98eb7a4d,ДАПО-1011-14-596,75372b5a-b557-4d50-bbef-a33de9a094fa,ДАПО-1011-14-5
944521c9-e551-4cfd-bea7-4b4d4778eaad,ДАПО-801-1-4518646,df34d4cf-7372-47e6-8f4a-571f6ee9b588,ДАПО-801-1-451
8f3a7cea-d988-4e84-8e1c-92a077056bbf,ДАПО-801-1-4523535,15848d9f-724d-4e49-94a5-8a913eb84590,ДАПО-801-1-452
6cbf3c9e-2025-46e7-b689-7648b970faeb,ДАПО-801-1-4534566,a4ec29e8-114e-46c2-b9c1-70853f6405db,ДАПО-801-1-453
20aee915-6932-47e1-95a0-d409c3217568,ДАПО-801-1-4557542,6d982198-e3da-4940-9955-39fab8720487,ДАПО-801-1-455
cc8da39b-62bb-45f2-acdf-a49af80ba53f,ДАПО-801-1-4553591,6d982198-e3da-4940-9955-39fab8720487,ДАПО-801-1-455
2cfedfb2-088a-4508-8037-89d32528618d,ДАПО-801-1-4550590,6d982198-e3da-4940-9955-39fab8720487,ДАПО-801-1-455
899a826f-1cca-41a3-a03b-22bc369617d7,ДАПО-801-1-4564612,283938d9-a49d-4f57-bed6-a7c26bdeecf0,ДАПО-801-1-456
4150a147-afba-4be3-a2f0-b5a854a46dff,ДАПО-801-1-4577637,ee60bc4b-ead4-4a11-ae46-075bbbc4ba09,ДАПО-801-1-457
8b1de63e-a79d-48f4-b4dc-39041c5a5d74,ДАПО-801-1-4594699,96e5db35-370d-42d6-a413-ca86d6ac1cfa,ДАПО-801-1-459
5c0ed253-e44b-49da-a214-6da366ee1412,ДАПО-П15-2-16406,92447d89-8ef5-4d0d-9b8c-6f83db7a4159,ДАПО-П15-2-1
bb426fe6-bb0b-4e3e-80a9-3435cd0c3f1c,ДАПО-П15-3-148799,ef762c3b-dd40-4ad5-bbbe-b10f8d571ef9,ДАПО-П15-3-14879
bc159297-f7b1-4909-b94f-8145764728bc,ДАПО-П15-3-148807,c89b667b-c5a8-475d-a796-32cab9b45d00,ДАПО-П15-3-14880
b036b13b-b5c4-4ca8-93a0-4e5f16943c05,ДАПО-П15-3-148806,c89b667b-c5a8-475d-a796-32cab9b45d00,ДАПО-П15-3-14880
c78bf26f-b3b6-4127-b80f-5186aabb34df,ДАПО-П15-3-148805,c89b667b-c5a8-475d-a796-32cab9b45d00,ДАПО-П15-3-14880
6558f60b-8763-4c0f-b0c3-58158eb56794,ДАПО-П15-3-148800,c89b667b-c5a8-475d-a796-32cab9b45d00,ДАПО-П15-3-14880
201b5ea9-3021-42da-9e4a-421ee106a18c,ДАПО-П15-3-148801,c89b667b-c5a8-475d-a796-32cab9b45d00,ДАПО-П15-3-14880
7d51014e-92e8-4b8f-ad9f-f762a9fe6a1c,ДАПО-П15-3-148804,c89b667b-c5a8-475d-a796-32cab9b45d00,ДАПО-П15-3-14880
c597d6b9-1afe-44d4-a884-9b3c9a756285,ДАПО-П15-3-148802,c89b667b-c5a8-475d-a796-32cab9b45d00,ДАПО-П15-3-14880
4eeb6ef1-3050-4d24-9c09-ffe6eb6d894d,ДАПО-П15-3-148803,c89b667b-c5a8-475d-a796-32cab9b45d00,ДАПО-П15-3-14880
fafcb97f-b68d-4888-b649-df10e230c74e,ДАПО-Р3872-1-249304,fcd2ae9e-ab63-4911-8bc8-51f4afbe1627,ДАПО-Р3872-1-249
327bf93a-1665-42b2-be59-9dd8450e26a8,ДАПО-Р9106-7-10571185,0eea9bae-8966-4709-b569-582fab70590c,ДАПО-Р9106-7-1057
d53f3220-dee5-4aa3-9ee4-acb7546b3cc1,ДАПО-Р9106-7-11871324,96dde5c8-450f-4c62-a960-c1aadb621d59,ДАПО-Р9106-7-1187
cf02456a-a9a8-4213-ac0b-e748aab5b8ba,ДАПО-Р9106-7-13251455,b4aaf2d6-8370-4d79-9a59-431b53614158,ДАПО-Р9106-7-1325
be6194e9-ddb4-43de-9bc0-7a69f500d55c,ДАПО-Р9106-7-14561595,7207af93-9349-4bd6-8b2a-beaaed46bcfe,ДАПО-Р9106-7-1456
c35a6a7e-1f3b-4358-9f9c-0684c0d6d82b,ДАПО-Р9106-7-15961732,4ee3817d-6214-49d2-b6c9-29961949200f,ДАПО-Р9106-7-1596
1c99aa85-c6c3-4ff6-9535-1b80ba8b798d,ДАПО-Р9106-7-17331855,3b88b9ed-07c6-487d-8aca-d254c5a26760,ДАПО-Р9106-7-1733
bb70f136-811b-4801-8697-76be1f024044,ДАПО-Р9106-7-18561979,4e4849d0-6ffd-40ee-a127-d999ec8f37e2,ДАПО-Р9106-7-1856
5934adac-2789-4534-8b65-84804dd6af13,ДАПО-Р9106-7-19802137,3212daf1-1028-44fa-8e4f-90961b74e595,ДАПО-Р9106-7-1980
bd652fc4-b17a-4994-a9eb-1f95be34aa56,ДАПО-Р9106-7-21382301,5cf23b42-4fe9-403c-9edc-4b00508dddcf,ДАПО-Р9106-7-2138
cc7b1570-6dda-4891-b16d-c6bb2bf6125b,ДАПО-Р9106-7-23022444,4e210b7a-1baa-41a7-a9b1-5dc611820d77,ДАПО-Р9106-7-2302
04089b9f-8561-4ff6-875d-d4862a97c641,ДАПО-Р9106-7-24452577,151458b4-de06-4ab9-aa1b-85602cbbbb61,ДАПО-Р9106-7-2445
529ac577-41fa-4edf-a945-cbc416d3aa2e,ДАПО-Р9106-7-25782708,025bb20d-d35f-4e70-a8f5-3ca56c2105a4,ДАПО-Р9106-7-2578
87db0e5b-7ddd-43bf-8d8b-59565f99f4f3,ДАПО-Р9106-7-27092824,df8f7a9b-223d-42dd-8d41-4b2cd35c3faa,ДАПО-Р9106-7-2709
c5383689-dcfa-4356-a819-50133703e31c,ДАПО-Р9106-7-28262954,7120c0f3-ea3a-4805-bef0-db19919a931a,ДАПО-Р9106-7-2826
0e0891e3-5699-4017-803e-2fba19ea6b72,ДАПО-Р9106-7-29553104,1775ba0b-bfaa-46a3-a4cb-ef3236e85392,ДАПО-Р9106-7-2955
c4bcac26-ee46-46cb-a187-872563f2f68e,ДАПО-Р9106-7-31053247,318fad08-bec2-4168-8fbb-2ec45744e275,ДАПО-Р9106-7-3105
eca9dad6-af4a-435b-905d-6b8918740d9e,ДАПО-Р9106-7-32483376,af02db71-7489-43be-b449-24930dc5dcec,ДАПО-Р9106-7-3248
dd7eaec1-a813-4187-ac42-f4701c234bbb,ДАПО-Р9106-7-33793517,aab5dbd8-02d7-4d4b-8e47-28830c993186,ДАПО-Р9106-7-3379
e1ae2c35-67f1-488b-a26e-9fd4ae6e1c0a,ДАПО-Р9106-7-35183646,ea0863b4-627b-4a74-8d08-6a9e1d1f6fe4,ДАПО-Р9106-7-3518
767b2997-1fdc-4f10-a488-2d4c30ec46d7,ДАПО-Р9106-7-9091056,60ef1a36-6c48-4b55-b5d6-5662d6f7ce95,ДАПО-Р9106-7-909
6999da73-af5d-43a5-8601-1873a65027bd,ДАС-3-1-714,c6f88f61-d28b-49fe-b5dd-8c85d197dfd8,ДАС-3-1-7
aea0e2a5-a04b-42a7-9d56-e49213f4463f,ДАХеО-137-16-35619,7b0c67dd-ae5d-427c-8610-7e834e21ac9e,ДАХеО-137-16-3
a25ff271-6fbf-4e42-b5e5-a2305bdd7713,ДАХеО-137-28-618,1089df77-e54d-45b4-bc0a-792f49edc74b,ДАХеО-137-28-6
f533e588-7e6c-4407-8458-245c197413a1,ДАХеО-137-4-605,ae3fbde0-01f2-450a-9434-9a94ccbcd3a8,ДАХеО-137-4-6
b0bb9b42-ebfe-4a4a-bb23-32a02fe9341a,ДАХеО-137-6-51579,fade4982-e7e2-4618-9aa7-3e4ad8ca45e0,ДАХеО-137-6-51
fd08ee3e-67ca-4fd4-8658-0b272382bf15,ДАХеО-137-6-51581,fade4982-e7e2-4618-9aa7-3e4ad8ca45e0,ДАХеО-137-6-51
026959e7-a964-42c9-a0e0-23d98c213cd9,ДАХеО-137-8-40592,1abd1cc4-c813-49f7-ad50-d14654936e79,ДАХеО-137-8-4
751f2592-3c73-474f-8dc0-750ef65496bc,ДАХеО-137-8-591,238ad9ad-4d29-46f2-8047-2d520d7717a6,ДАХеО-137-8-5
fcd8f53d-3645-4c4a-91ad-4f6386b7a041,ДАХеО-207-1-262604,15695468-528b-4da3-85a1-f9aed8ac8cc2,ДАХеО-207-1-262
3cd31410-4d9a-49c8-9ce1-3f48349f12dd,ДАХеО-259-16-524,b5b9c170-4f58-4ffa-90cc-24e3d81e2236,ДАХеО-259-16-5
24e4b4de-802d-4d11-9f7b-128529203f2d,ДАХеО-316-1-263265,ab0afbc6-8f4c-49f3-81aa-e4abd006c541,ДАХеО-316-1-26
b6271dc7-2c95-4c09-8b6e-decaa5675d99,ДАХеО-316-1-447565,87d290aa-619b-4cee-a75f-bfa0c85044ff,ДАХеО-316-1-44
d99de99a-77b8-4bd5-96f5-8c6f32c5d57f,ДАХеО-316-1-459552,d823f19e-86b0-4632-9f58-1dc744079a4a,ДАХеО-316-1-45
a317a73b-5189-4277-8659-69600734e883,ДАХеО-316-5-33564,10560191-3e0c-4139-8416-beb537a8129e,ДАХеО-316-5-3
e690e1c0-37f3-49e3-a5b8-1a7b2521dfd4,ДАХеО-316-7-558,35076588-aaf7-407d-be33-6c5e18cc1fc8,ДАХеО-316-7-5
b1a01fe7-221f-4f07-bc2b-601df8fdd609,ДАХмО-18-1-1921698,844a465c-6882-44e7-a490-4d9c89cce2ee,ДАХмО-18-1-192
94637bf9-f916-47e0-ae72-8024e95bd1dc,ДАХмО-18-1-1939416,41f0f73e-cf22-479e-85f2-7e3959a2d8ee,ДАХмО-18-1-193
77306ee9-bcc5-4281-a1fb-7b61ef2122ea,ДАХмО-244-1-785,4c42f856-d368-476c-a731-8c767cb9e8ca,ДАХмО-244-1-7
d37fc861-6864-4460-b6f6-0ab8bc058347,ДАХмО-315-1-12477578,1ae9294e-3bbd-45c9-8d87-c0e1dd78b058,ДАХмО-315-1-1247
ab443d22-baf3-45e3-9e08-3b19806ec990,ДАХмО-315-1-12495273,eb71d593-1f82-4011-9de7-744fcb60ef77,ДАХмО-315-1-1249
38495468-ae85-4b77-8c16-85859ad33c8b,ДАХмО-315-1-12538217,67b00e93-f8ce-49fb-90a7-2e563e143fc0,ДАХмО-315-1-1253
bb5f9c50-d978-4aa4-bb47-dead401b0125,ДАХмО-315-1-12598555,03c8c038-6ecc-4bc1-8079-3f6a4c3e4336,ДАХмО-315-1-1259
2388e582-2ad2-4323-bda0-9ad222226fac,ДАХмО-315-1-12634224,a49057d3-0fe9-4dfe-adde-601e86291550,ДАХмО-315-1-1263
53cd8ac4-6cc8-42ef-ac1a-ed52ec0598e5,ДАХмО-315-1-12636236,a49057d3-0fe9-4dfe-adde-601e86291550,ДАХмО-315-1-1263
6f8c5f60-5a60-4a88-ad74-781434650147,ДАХмО-315-1-12671120,cb6a20f2-d9d0-4857-bfbb-4a58a1922922,ДАХмО-315-1-1267
c3a6af8b-1703-44b1-9685-46dbf8b53e94,ДАХмО-315-1-12680143,0165e4ec-cb4a-4c9f-b593-8f69958b7aac,ДАХмО-315-1-1268
d975de12-2d3d-470e-b461-3ad07e924177,ДАХмО-315-1-12680147,0165e4ec-cb4a-4c9f-b593-8f69958b7aac,ДАХмО-315-1-1268
e1b168d3-29b3-4797-9436-017b57460d43,ДАХмО-315-1-12680156,0165e4ec-cb4a-4c9f-b593-8f69958b7aac,ДАХмО-315-1-1268
d4c4f347-ba61-4aed-9c86-7a3e7dc7bb50,ДАХмО-315-1-12681141,0165e4ec-cb4a-4c9f-b593-8f69958b7aac,ДАХмО-315-1-1268
0ba95893-846f-4ddd-986f-6433b90f01fd,ДАХмО-315-1-12683235,0165e4ec-cb4a-4c9f-b593-8f69958b7aac,ДАХмО-315-1-1268
f4881f59-b6e6-4d15-81f1-9f4ee247ba93,ДАХмО-315-1-12718528,b5691814-b8a5-4bfe-8f6b-4409f24a2e19,ДАХмО-315-1-1271
d06af6ba-7071-4353-ac93-5c57017eeab3,ДАХмО-315-1-12777564,9c77d883-01ce-4b12-93e3-90154be36704,ДАХмО-315-1-1277
f7227e0c-98e7-42e1-a6c4-9a18588ec3b1,ДАХмО-315-1-12779562,9c77d883-01ce-4b12-93e3-90154be36704,ДАХмО-315-1-1277
5169ec98-37f0-4478-9a72-dce3bbeb03b2,ДАХмО-315-1-12796110,c0c5c17b-1370-4183-aa66-df489b6beeab,ДАХмО-315-1-1279
f383e6b3-f68e-4822-bdb4-fcf693392a63,ДАХмО-315-1-12819537,8c27e3fa-9b9b-4bda-8809-59fc44b325b9,ДАХмО-315-1-1281
91d21ca6-1218-46ca-8f78-72b53f2f535b,ДАХмО-315-1-12822726,283cedac-0d09-4a7f-8a81-07d7cf1ed651,ДАХмО-315-1-1282
bd9958ac-4e3d-4ede-8248-85a7d48ada41,ДАХмО-315-1-12822763,283cedac-0d09-4a7f-8a81-07d7cf1ed651,ДАХмО-315-1-1282
a4a486b9-0c51-48e7-bd71-2b95462bc518,ДАХмО-315-1-12823719,283cedac-0d09-4a7f-8a81-07d7cf1ed651,ДАХмО-315-1-1282
0dfba684-647d-439f-b26f-4833e20fe79f,ДАХмО-315-1-12834634,075f85e5-f23b-48e9-867a-2f2766cd791a,ДАХмО-315-1-1283
11cdde10-91b7-467d-bb23-7d0162036a43,ДАХмО-315-1-12833649,075f85e5-f23b-48e9-867a-2f2766cd791a,ДАХмО-315-1-1283
1c278c9c-bbb6-432a-99f1-17b662a772d6,ДАХмО-315-1-12833654,075f85e5-f23b-48e9-867a-2f2766cd791a,ДАХмО-315-1-1283
732de7df-679e-4f85-9f2d-b93f01a3c1e7,ДАХмО-315-1-12856571,437ccb28-f883-4a7d-9c3b-c28d8e19f94e,ДАХмО-315-1-1285
da678409-d581-41a9-a3af-76440c31a6e7,ДАХмО-315-1-12880553,c11ad62f-31c3-4a8f-bc13-5cf6d23f6d52,ДАХмО-315-1-1288
663cd36b-3ea5-44f1-a485-d67bfcb7c2bc,ДАХмО-315-1-12883123,c11ad62f-31c3-4a8f-bc13-5cf6d23f6d52,ДАХмО-315-1-1288
1f654d3f-fec1-46a2-b641-4a7b0da1c65c,ДАХмО-315-1-12893746,8cffaded-2c23-4762-afcc-e7ffb28ea1f7,ДАХмО-315-1-1289
27f9479a-ed7f-4d96-9cb7-5f32f00f554a,ДАХмО-315-1-81021863,beb12e2f-a39b-4f3b-938c-d2062d5b6099,ДАХмО-315-1-8102
bfaf9802-2c6a-4f91-ba7f-fda0ea33833b,ДАХО-40-105-11971801,87b6ba36-0efa-44c7-a811-bcdf83436f8d,ДАХО-40-105-1197
d928c9b7-1342-4143-a0c5-40a9774fde9d,ДАХО-40-105-12191838,f5ec690b-21f0-4446-be39-4f7a037042f3,ДАХО-40-105-1219
24a4d653-cd3b-42ae-b845-aa10e9b30a9b,ДАХО-40-105-12261852,4cda6972-676d-48e4-bcd3-1f767fc53c48,ДАХО-40-105-1226
1f01fbfe-bc26-4450-8e04-c056aa4ae3f2,ДАХО-40-105-12571862,36edf649-3f8b-4cfb-8099-e35ef4f4599d,ДАХО-40-105-1257
b732e8e4-9ffe-4d74-88b8-3f05953d5a22,ДАХО-40-105-12711866,4bdbef43-7fb6-489c-9126-fa140b0bf4c6,ДАХО-40-105-1271
203767b5-8919-48e7-b118-010d04a0bf24,ДАХО-40-105-12851871,8df0c66f-5d46-45f3-a652-4aab7b5a154a,ДАХО-40-105-1285
10ef0f1b-32a1-47ea-8fcf-968073a3ca32,ДАХО-40-109-4731826,ee1c9f2d-8d05-4c50-a0f3-3849a6a94988,ДАХО-40-109-473
c9ca21a7-b31d-4ce3-8221-f4e751b3efb3,ДАХО-40-109-4751829,47c1e6fc-c830-4c70-a21e-f531ff02eaa2,ДАХО-40-109-475
4a7cbc8b-2623-4167-a792-3a58f59d0f81,ДАХО-40-109-80119,4dd67fde-4c70-4582-bb36-9d52c468bcf7,ДАХО-40-109-80
f6f88419-a6c8-4511-aa40-982567d73c5d,ДАХО-40-110-4441821,46a3678d-68bf-4dff-850f-60262cf7bfae,ДАХО-40-110-444
984e8caf-b179-4fd6-8fc6-02f15db25c1b,ДАХО-40-110-4691832,b1e9f59b-61e6-4d61-ae78-ff955b6eaa75,ДАХО-40-110-469
59f7d2f2-2d83-4482-8544-1a80e25dd664,ДАХО-40-110-4781811,cbe367eb-8d62-4fb0-83e7-04a0b7697f00,ДАХО-40-110-478
243f791c-a50f-4cfa-a86f-2184cdfc809f,ДАХО-40-110-4791817,63e6141a-04f7-4643-b523-7679332a962d,ДАХО-40-110-479
780fa0c3-9af8-4298-9486-f5dad9f40d33,ДАХО-40-110-4801822,2d6bc97f-1374-4571-a789-8477416b7b01,ДАХО-40-110-480
88d8ebeb-5743-409b-b084-2825b9bb274d,ДАХО-40-110-4911830,565f5a3b-37eb-46e7-9405-5ddfd118774b,ДАХО-40-110-491
51d3ce5e-5fab-4994-9ab4-e6a94c28f22b,ДАХО-40-110-5021842,6d4d6931-3ff7-4304-bd42-d34ec82c23c1,ДАХО-40-110-502
d0687550-0ba4-4b97-80dc-2066f7ac45c9,ДАХО-40-110-5081849,4f29dfdf-a39d-4fd7-adf9-1e643dd15218,ДАХО-40-110-508
38836e40-480a-4590-b140-81ebfb4375db,ДАХО-40-110-5141801,a2ca3122-594f-4ad1-bed3-6c678fa9bb25,ДАХО-40-110-514
8dee6075-0cfc-4b47-a046-047435d3a9f4,ДАХО-958-1-118549,85f0ce45-db5e-4e67-8146-fe7fb7915f56,ДАХО-958-1-11
cd66bbbc-52bf-4c6e-9802-22532865702e,ДАХО-Р6452-2-11921194,ca9ed6f8-d129-43ad-bf3f-970d2c99d813,ДАХО-Р6452-2-1192
d126a514-85f6-44b9-b7b5-590502f4a381,ДАХО-Р6452-2-25602563,516e3ee0-9dc4-48c4-87ec-015c08a1160f,ДАХО-Р6452-2-2560
81417856-41e2-4fcd-9286-6db7524768b3,ДАХО-Р6452-4-17861788,dd17972f-3195-48c9-b961-d079165e2bca,ДАХО-Р6452-4-1786
3689bd00-8f20-4467-a58e-2e0ad721cb0b,ДАХО-Р6452-4-44454447,8b4a3c72-9d22-4bdb-9586-5bcc2ac09e6c,ДАХО-Р6452-4-4445
c40c9161-9126-43bb-b233-89485af944c1,ДАЧвО-1245-1-496499,53d7b22a-b0e6-43f7-9778-33b4441cd66e,ДАЧвО-1245-1-49
d324fae3-3391-4a94-a4e8-062ff247f55c,ДАЧвО-1245-7-9093,b16e9064-dd53-4035-af5d-b1da1097d1d5,ДАЧвО-1245-7-90
51e7d4d3-59b0-40f3-bc49-0882f1eeb39e,ДАЧвО-1245-9-177180,290398b5-17b2-4c8e-8012-8d36ea6254b3,ДАЧвО-1245-9-17
87862828-3125-4086-85c0-29ad33d23ab9,ДАЧвО-1245-9-181184,919bbc86-d367-49ee-a421-37ccfd83ae6c,ДАЧвО-1245-9-18
0eb49737-3c73-48f4-b034-85452d8d3fa6,ДАЧвО-1245-9-233235,5866aaca-c7c0-41f4-a446-dce9adfad070,ДАЧвО-1245-9-23
23d3df07-3871-42a6-8915-7a796cf92658,ДАЧвО-1245-9-255257,43e1f2ef-0985-4e60-8f78-5e23e4eb20f2,ДАЧвО-1245-9-25
6d58493b-11ca-4050-901c-7dac7e4c72c5,ДАЧвО-1245-9-251254,43e1f2ef-0985-4e60-8f78-5e23e4eb20f2,ДАЧвО-1245-9-25
b56cbc6d-9962-4681-8fc0-7ce3189a18a1,ДАЧкО-Р5625-1-80452,f55eb7fc-323c-428f-9549-5d9a4024f505,ДАЧкО-Р5625-1-8045
2ed50552-5fd9-411a-8fa5-7137e8dbb42c,ЦДАВО-10-1-1131923,1b28ae6c-1933-4def-ad8f-e4b607108278,ЦДАВО-10-1-113
318d8860-d3dd-4107-8d62-12f05ed9de45,ЦДАВО-4024-1-1907,804b80b5-4cf5-4f60-9bf2-f18656e8a9f6,ЦДАВО-4024-1-1
256a08e9-1b76-4e14-9192-dcacfeb62873,ЦДІАК-127-1012-38661868,de2aa464-dba6-45d4-be74-31b3aa0ed433,ЦДІАК-127-1012-3866
61233fb7-12bc-483c-a193-96ad1dd3b63a,ЦДІАК-127-1012-43824383,8c53d2f1-6a3b-4c02-926e-b8c67ea238e1,ЦДІАК-127-1012-4382
11de4709-bebb-46ba-a5b8-0b5f8fc29810,ЦДІАК-127-1012-44181873,5d2e1d9a-32f5-49c9-a828-75e8754829cb,ЦДІАК-127-1012-4418
ce411e58-c8de-44d8-b0b6-6cf93682115a,ЦДІАК-127-1015-3031820,b146983b-aa91-48e5-ac5d-2ef0cecce643,ЦДІАК-127-1015-303
db89894a-fb9e-424d-a003-e79663947b78,ЦДІАК-127-685-10831882,f2fa2660-3cba-421d-8706-ca52a1e61133,ЦДІАК-127-685-1083
90ed7d34-c473-4fa5-94fb-49754df18fcc,ЦДІАК-127-685-10831880,f2fa2660-3cba-421d-8706-ca52a1e61133,ЦДІАК-127-685-1083
7000d60d-1e1e-400f-aa3a-fca357b75ab9,ЦДІАК-127-685-12941883,5560abe5-4769-471d-a9a2-b211411657f7,ЦДІАК-127-685-1294
bc375857-4ada-4880-b538-57a7ff76c293,ЦДІАК-127-685-12941884,5560abe5-4769-471d-a9a2-b211411657f7,ЦДІАК-127-685-1294
a299b738-8f03-4612-9fc2-4fdf4bda147a,ЦДІАК-127-685-14201884,d7d1572a-3fb6-44b5-836c-39995fd61321,ЦДІАК-127-685-1420
33998c70-95ab-4812-a0f1-c1c21b3cd754,ЦДІАК-127-685-14201883,d7d1572a-3fb6-44b5-836c-39995fd61321,ЦДІАК-127-685-1420
e17d2e78-e798-43c3-8213-82501655018d,ЦДІАК-127-685-7331882,018b15b6-c6d9-4811-9785-cfa2151a79d7,ЦДІАК-127-685-733
5c6a871d-bab4-46ed-8e9c-be5cb72339f0,ЦДІАК-127-685-7331881,018b15b6-c6d9-4811-9785-cfa2151a79d7,ЦДІАК-127-685-733
af6b19eb-a22f-4dfa-b868-588b10b75090,ЦДІАК-127-685-7891882,e30d2dd9-05bb-44d5-b43e-a0a5b5c33816,ЦДІАК-127-685-789
8e84783e-0e9f-44e1-974f-30768cefebee,ЦДІАК-127-685-7891880,e30d2dd9-05bb-44d5-b43e-a0a5b5c33816,ЦДІАК-127-685-789
a0c44c63-5dda-4b74-957f-15cbe96786d4,ЦДІАК-127-699-2831867,67757bdb-6064-4612-9d5a-db1165b7ada3,ЦДІАК-127-699-283
8894630e-84cc-43b4-8927-b459376eaa6a,ЦДІАК-127-699-2831868,67757bdb-6064-4612-9d5a-db1165b7ada3,ЦДІАК-127-699-283
bda67715-7b08-421b-8931-91a6313076c3,ЦДІАК-127-699-8841894,d2bdb558-9707-4388-8633-9187a54573d0,ЦДІАК-127-699-884
6a9124b9-844e-49df-a76a-08450062f281,ЦДІАК-127-798-6091908,ff2f9884-f1cc-4179-a675-02d86ad130d8,ЦДІАК-127-798-609
a6b0a32e-8abd-42a1-bb57-f7160439e182,ЦДІАК-127-798-6101908,e7745af0-990b-4f4a-87b5-4e5b3d0383f2,ЦДІАК-127-798-610
3d46900e-ea3d-4813-bb47-5ecd26975c04,ЦДІАК-127-850-3611878,62d40042-ded8-4886-8208-527f704d00a1,ЦДІАК-127-850-361
13853e5d-e274-43c2-8c5c-ff12cafa99eb,ЦДІАК-127-875-10171870,380de2d8-af77-4666-8b16-d5128c625660,ЦДІАК-127-875-1017
a4a90bb9-84cd-4eb9-ae1d-2b0f1e029620,ЦДІАК-127-875-10181870,c199b95f-5848-4ca9-87ca-f8a21f01ba0e,ЦДІАК-127-875-1018
b59e8c7b-d18d-45df-b520-a225adb78a60,ЦДІАК-442-738-18961897,deda60c6-054d-4d54-a05f-a0f4cfab04cd,ЦДІАК-442-738-1896
